Date,SP500,SP500EW,VIX,HY_Spread,TIPS_10Y,CAPE
2003-05-01,916.2999877929688,17.770843505859375,21.59000015258789,4.34,2.13,23.59
2003-05-02,930.0800170898438,18.101938247680664,20.6299991607666,4.34,2.19,23.59
2003-05-05,926.5499877929688,18.140274047851562,21.1299991607666,4.34,2.19,23.59
2003-05-06,934.3900146484375,18.28489875793457,20.799999237060547,4.34,2.17,23.59
2003-05-07,929.6199951171875,18.213464736938477,21.0,4.34,2.02,23.59
2003-05-08,920.27001953125,18.016550064086914,21.239999771118164,4.34,2.0,23.59
2003-05-09,933.4099731445312,18.27096176147461,19.690000534057617,4.34,2.0,23.59
2003-05-12,945.1099853515625,18.61077117919922,19.520000457763672,4.34,1.96,23.59
2003-05-13,942.2999877929688,18.567201614379883,19.90999984741211,4.34,1.94,23.59
2003-05-14,939.280029296875,18.61077117919922,20.0,4.34,1.87,23.59
2003-05-15,946.6699829101562,18.804203033447266,19.239999771118164,4.34,1.86,23.59
2003-05-16,944.2999877929688,18.837308883666992,18.399999618530273,4.34,1.84,23.59
2003-05-19,920.77001953125,18.347644805908203,20.510000228881836,4.34,1.85,23.59
2003-05-20,919.72998046875,18.32498550415039,21.290000915527344,4.34,1.73,23.59
2003-05-21,923.4199829101562,18.39817237854004,21.209999084472656,4.34,1.73,23.59
2003-05-22,931.8699951171875,18.659563064575195,19.780000686645508,4.34,1.71,23.59
2003-05-23,933.219970703125,18.764116287231445,19.170000076293945,4.34,1.72,23.59
2003-05-27,951.47998046875,19.168392181396484,19.989999771118164,4.34,1.8,23.59
2003-05-28,953.219970703125,19.218935012817383,20.030000686645508,4.34,1.83,23.59
2003-05-29,949.6400146484375,19.15097427368164,20.43000030517578,4.34,1.76,23.59
2003-05-30,963.5900268554688,19.525630950927734,19.469999313354492,4.34,1.77,23.59
2003-06-02,967.0,19.633665084838867,20.850000381469727,4.34,1.83,24.83
2003-06-03,971.5599975585938,19.626691818237305,20.84000015258789,4.34,1.76,24.83
2003-06-04,986.239990234375,20.037946701049805,20.6200008392334,4.34,1.73,24.83
2003-06-05,990.1400146484375,20.179096221923828,20.829999923706055,4.34,1.75,24.83
2003-06-06,987.760009765625,20.074539184570312,21.25,4.34,1.76,24.83
2003-06-09,975.9299926757812,19.74867820739746,22.149999618530273,4.34,1.68,24.83
2003-06-10,984.8400268554688,19.89157485961914,20.639999389648438,4.34,1.61,24.83
2003-06-11,997.47998046875,20.233121871948242,20.209999084472656,4.34,1.62,24.83
2003-06-12,998.510009765625,20.31675148010254,20.40999984741211,4.34,1.57,24.83
2003-06-13,988.6099853515625,20.004831314086914,20.65999984741211,4.34,1.51,24.83
2003-06-16,1010.739990234375,20.40911865234375,20.219999313354492,4.34,1.59,24.83
2003-06-17,1011.6599731445312,20.44570541381836,20.010000228881836,4.34,1.7,24.83
2003-06-18,1010.0900268554688,20.349870681762695,19.760000228881836,4.34,1.79,24.83
2003-06-19,994.7000122070312,20.08498764038086,19.799999237060547,4.34,1.74,24.83
2003-06-20,995.6900024414062,20.065828323364258,19.139999389648438,4.34,1.77,24.83
2003-06-23,981.6400146484375,19.783525466918945,20.579999923706055,4.34,1.71,24.83
2003-06-24,983.4500122070312,19.72602081298828,20.75,4.34,1.68,24.83
2003-06-25,975.3200073242188,19.62146759033203,20.809999465942383,4.34,1.71,24.83
2003-06-26,985.8200073242188,19.79049301147461,19.399999618530273,4.34,1.85,24.83
2003-06-27,976.219970703125,19.680715560913086,19.15999984741211,4.34,1.9,24.83
2003-06-30,974.5,19.694656372070312,19.520000457763672,4.34,1.9,24.83
2003-07-01,982.3200073242188,19.76087760925293,19.459999084472656,4.34,1.92,24.87
2003-07-02,993.75,20.01181411743164,19.030000686645508,4.34,1.96,24.87
2003-07-03,985.7000122070312,19.902023315429688,19.389999389648438,4.34,2.09,24.87
2003-07-07,1004.4199829101562,20.236600875854492,20.059999465942383,4.34,2.14,24.87
2003-07-08,1007.8400268554688,20.424802780151367,19.479999542236328,4.34,2.12,24.87
2003-07-09,1002.2100219726562,20.436994552612305,18.93000030517578,4.34,2.0,24.87
2003-07-10,988.7000122070312,20.05537223815918,19.190000534057617,4.34,1.94,24.87
2003-07-11,998.1400146484375,20.177356719970703,18.469999313354492,4.34,1.88,24.87
2003-07-14,1003.8599853515625,20.47184181213379,19.59000015258789,4.34,1.92,24.87
2003-07-15,1000.4199829101562,20.213943481445312,19.549999237060547,4.34,2.06,24.87
2003-07-16,994.0900268554688,20.037946701049805,19.760000228881836,4.34,2.08,24.87
2003-07-17,981.72998046875,19.743453979492188,20.219999313354492,4.34,2.05,24.87
2003-07-18,993.3200073242188,20.01181411743164,19.110000610351562,4.34,2.04,24.87
2003-07-21,978.7999877929688,19.750423431396484,19.780000686645508,4.34,2.21,24.87
2003-07-22,988.1099853515625,19.99786949157715,19.170000076293945,4.34,2.19,24.87
2003-07-23,988.6099853515625,19.834060668945312,18.639999389648438,4.34,2.11,24.87
2003-07-24,981.5999755859375,19.917701721191406,18.600000381469727,4.34,2.18,24.87
2003-07-25,998.6799926757812,20.222660064697266,17.75,4.34,2.14,24.87
2003-07-28,996.52001953125,20.262737274169922,18.360000610351562,4.34,2.27,24.87
2003-07-29,989.280029296875,20.109386444091797,18.670000076293945,4.34,2.38,24.87
2003-07-30,987.489990234375,20.06757354736328,18.850000381469727,4.34,2.32,24.87
2003-07-31,990.3099975585938,20.15818977355957,19.489999771118164,4.34,2.41,24.87
2003-08-01,980.1500244140625,20.029232025146484,20.75,4.34,2.4,24.64
2003-08-04,982.8200073242188,19.994375228881836,21.270000457763672,4.34,2.34,24.64
2003-08-05,965.4600219726562,19.63192367553711,22.68000030517578,4.34,2.43,24.64
2003-08-06,967.0800170898438,19.682456970214844,21.5,4.34,2.34,24.64
2003-08-07,974.1199951171875,19.750423431396484,20.260000228881836,4.34,2.29,24.64
2003-08-08,977.5900268554688,19.823604583740234,19.59000015258789,4.34,2.27,24.64
2003-08-11,980.5900268554688,19.90376853942871,19.75,4.34,2.31,24.64
2003-08-12,990.3499755859375,20.093708038330078,17.940000534057617,4.34,2.29,24.64
2003-08-13,984.030029296875,20.05711555480957,18.770000457763672,4.34,2.41,24.64
2003-08-14,990.510009765625,20.26796531677246,18.469999313354492,4.34,2.38,24.64
2003-08-15,990.6699829101562,20.3115291595459,18.270000457763672,4.34,2.36,24.64
2003-08-18,999.739990234375,20.54503059387207,18.18000030517578,4.34,2.33,24.64
2003-08-19,1002.3499755859375,20.673988342285156,17.860000610351562,4.34,2.24,24.64
2003-08-20,1000.2999877929688,20.68269920349121,17.81999969482422,4.34,2.26,24.64
2003-08-21,1003.27001953125,20.853469848632812,17.84000015258789,4.34,2.29,24.64
2003-08-22,993.0599975585938,20.62346076965332,18.549999237060547,4.34,2.26,24.64
2003-08-25,993.7100219726562,20.583383560180664,19.530000686645508,4.34,2.31,24.64
2003-08-26,996.72998046875,20.661792755126953,19.489999771118164,4.34,2.28,24.64
2003-08-27,996.7899780273438,20.728004455566406,19.1299991607666,4.34,2.36,24.64
2003-08-28,1002.8400268554688,20.90575408935547,18.479999542236328,4.34,2.29,24.64
2003-08-29,1008.010009765625,21.02773094177246,18.6299991607666,4.34,2.29,24.64
2003-09-02,1021.989990234375,21.33616828918457,19.020000457763672,4.34,2.43,25.24
2003-09-03,1026.27001953125,21.39019203186035,19.440000534057617,4.34,2.4,25.24
2003-09-04,1027.969970703125,21.40761375427246,18.709999084472656,4.34,2.32,25.24
2003-09-05,1021.3900146484375,21.322227478027344,18.170000076293945,4.34,2.17,25.24
2003-09-08,1031.6400146484375,21.494747161865234,18.260000228881836,4.34,2.24,25.24
2003-09-09,1023.1699829101562,21.308290481567383,18.850000381469727,4.34,2.21,25.24
2003-09-10,1010.9199829101562,20.928407669067383,20.010000228881836,4.34,2.18,25.24
2003-09-11,1016.4199829101562,21.073047637939453,19.25,4.34,2.22,25.24
2003-09-12,1018.6300048828125,21.132282257080078,18.68000030517578,4.34,2.18,25.24
2003-09-15,1014.8099975585938,21.073047637939453,19.280000686645508,4.34,2.18,25.24
2003-09-16,1029.3199462890625,21.372758865356445,18.030000686645508,4.34,2.26,25.24
2003-09-17,1025.969970703125,21.329206466674805,18.149999618530273,4.34,2.2,25.24
2003-09-18,1039.5799560546875,21.58186912536621,17.56999969482422,4.34,2.18,25.24
2003-09-19,1036.300048828125,21.57784652709961,17.540000915527344,4.34,2.17,25.24
2003-09-22,1022.8200073242188,21.285377502441406,19.649999618530273,4.34,2.21,25.24
2003-09-23,1029.030029296875,21.441246032714844,19.469999313354492,4.34,2.19,25.24
2003-09-24,1009.3800048828125,21.089235305786133,21.219999313354492,4.34,2.13,25.24
2003-09-25,1003.27001953125,20.854555130004883,22.260000228881836,4.34,2.07,25.24
2003-09-26,996.8499755859375,20.686437606811523,22.229999542236328,4.34,1.99,25.24
2003-09-29,1006.5800170898438,20.812524795532227,21.670000076293945,4.34,2.03,25.24
2003-09-30,995.969970703125,20.716201782226562,22.719999313354492,4.34,1.95,25.24
2003-10-01,1018.219970703125,21.082216262817383,21.06999969482422,4.34,1.96,25.68
2003-10-02,1020.239990234375,21.190805435180664,20.799999237060547,4.34,2.01,25.68
2003-10-03,1029.8499755859375,21.439485549926758,19.5,4.34,2.16,25.68
2003-10-06,1034.3499755859375,21.570838928222656,19.510000228881836,4.34,2.11,25.68
2003-10-07,1039.25,21.675918579101562,19.40999984741211,4.34,2.17,25.68
2003-10-08,1033.780029296875,21.61638069152832,19.18000030517578,4.34,2.18,25.68
2003-10-09,1038.72998046875,21.751220703125,18.81999969482422,4.34,2.2,25.68
2003-10-10,1038.06005859375,21.733707427978516,18.450000762939453,4.34,2.14,25.68
2003-10-13,1045.3499755859375,21.95262336730957,17.549999237060547,4.34,2.14,25.68
2003-10-14,1049.47998046875,22.03143310546875,17.3700008392334,4.34,2.18,25.68
2003-10-15,1046.760009765625,21.966629028320312,17.690000534057617,4.34,2.2,25.68
2003-10-16,1050.0699462890625,22.001665115356445,17.190000534057617,4.34,2.21,25.68
2003-10-17,1039.3199462890625,21.74072265625,17.6200008392334,4.34,2.14,25.68
2003-10-20,1044.6800537109375,21.821277618408203,17.040000915527344,4.34,2.13,25.68
2003-10-21,1046.030029296875,21.861557006835938,16.549999237060547,4.34,2.12,25.68
2003-10-22,1030.3599853515625,21.54106903076172,17.670000076293945,4.34,2.07,25.68
2003-10-23,1033.77001953125,21.558582305908203,17.68000030517578,4.34,2.03,25.68
2003-10-24,1028.9100341796875,21.453502655029297,17.709999084472656,4.34,1.92,25.68
2003-10-27,1031.1300048828125,21.593608856201172,18.049999237060547,4.34,1.96,25.68
2003-10-28,1046.7900390625,21.95262336730957,16.81999969482422,4.34,1.91,25.68
2003-10-29,1048.1099853515625,22.036685943603516,16.43000030517578,4.34,1.98,25.68
2003-10-30,1046.93994140625,22.145267486572266,16.329999923706055,4.34,1.97,25.68
2003-10-31,1050.7099609375,22.150522232055664,16.100000381469727,4.34,1.93,25.68
2003-11-03,1059.02001953125,22.339664459228516,16.549999237060547,4.34,1.97,25.95
2003-11-04,1053.25,22.241586685180664,16.549999237060547,4.34,1.93,25.95
2003-11-05,1051.81005859375,22.273115158081055,16.860000610351562,4.34,2.02,25.95
2003-11-06,1058.050048828125,22.407962799072266,16.739999771118164,4.34,2.08,25.95
2003-11-07,1053.2099609375,22.371185302734375,16.93000030517578,4.34,2.1,25.95
2003-11-10,1047.1099853515625,22.1400089263916,17.6200008392334,4.34,2.09,25.95
2003-11-11,1046.5699462890625,22.1347599029541,17.540000915527344,4.34,2.09,25.95
2003-11-12,1058.530029296875,22.444740295410156,16.75,4.34,2.04,25.95
2003-11-13,1058.4100341796875,22.495527267456055,16.469999313354492,4.34,1.94,25.95
2003-11-14,1050.3499755859375,22.267852783203125,16.940000534057617,4.34,1.87,25.95
2003-11-17,1043.6300048828125,22.0541934967041,18.600000381469727,4.34,1.82,25.95
2003-11-18,1034.1500244140625,21.831790924072266,19.110000610351562,4.34,1.83,25.95
2003-11-19,1042.43994140625,21.963138580322266,18.799999237060547,4.34,1.91,25.95
2003-11-20,1033.6500244140625,21.81252098083496,19.479999542236328,4.34,1.92,25.95
2003-11-21,1035.280029296875,21.907085418701172,18.979999542236328,4.34,1.93,25.95
2003-11-24,1052.0799560546875,22.320402145385742,17.440000534057617,4.34,1.99,25.95
2003-11-25,1053.8900146484375,22.462251663208008,16.709999084472656,4.34,1.92,25.95
2003-11-26,1058.449951171875,22.56208038330078,16.229999542236328,4.34,1.96,25.95
2003-11-28,1058.199951171875,22.618125915527344,16.31999969482422,4.34,2.03,25.95
2003-12-01,1070.1199951171875,22.886066436767578,16.770000457763672,4.34,2.08,26.64
2003-12-02,1066.6199951171875,22.802011489868164,16.270000457763672,4.34,2.05,26.64
2003-12-03,1064.72998046875,22.775733947753906,16.6299991607666,4.34,2.08,26.64
2003-12-04,1069.719970703125,22.759977340698242,16.299999237060547,4.34,2.04,26.64
2003-12-05,1061.5,22.60060691833496,17.09000015258789,4.34,1.92,26.64
2003-12-08,1069.300048828125,22.76698112487793,16.540000915527344,4.34,1.96,26.64
2003-12-09,1060.1800537109375,22.56382942199707,17.6299991607666,4.34,2.0,26.64
2003-12-10,1059.050048828125,22.38869857788086,17.8700008392334,4.34,1.97,26.64
2003-12-11,1071.2099609375,22.78449821472168,16.729999542236328,4.34,1.9,26.64
2003-12-12,1074.1400146484375,22.8720645904541,16.40999984741211,4.34,1.91,26.64
2003-12-15,1068.0400390625,22.688173294067383,17.229999542236328,4.34,1.98,26.64
2003-12-16,1075.1300048828125,22.76347541809082,15.930000305175781,4.34,1.99,26.64
2003-12-17,1076.47998046875,22.831777572631836,15.579999923706055,4.34,1.96,26.64
2003-12-18,1089.1800537109375,23.166282653808594,16.15999984741211,4.34,1.94,26.64
2003-12-19,1088.6600341796875,23.18910789489746,16.420000076293945,4.34,1.95,26.64
2003-12-22,1092.93994140625,23.283958435058594,16.940000534057617,4.34,1.98,26.64
2003-12-23,1096.02001953125,23.436756134033203,16.489999771118164,4.34,2.03,26.64
2003-12-24,1094.0400390625,23.392847061157227,16.65999984741211,4.34,1.96,26.64
2003-12-26,1095.8900146484375,23.449047088623047,17.450000762939453,4.34,1.94,26.64
2003-12-29,1109.47998046875,23.728315353393555,17.09000015258789,4.34,1.99,26.64
2003-12-30,1109.6400146484375,23.759920120239258,17.68000030517578,4.34,2.01,26.64
2003-12-31,1111.9200439453125,23.789777755737305,18.309999465942383,4.34,2.0,26.64
2004-01-02,1108.47998046875,23.677370071411133,18.219999313354492,4.34,2.06,27.66
2004-01-05,1122.219970703125,23.97419548034668,17.489999771118164,4.34,2.06,27.66
2004-01-06,1123.6700439453125,24.02338409423828,16.729999542236328,4.34,1.97,27.66
2004-01-07,1126.3299560546875,24.037429809570312,15.5,4.34,1.94,27.66
2004-01-08,1131.9200439453125,24.2200927734375,15.609999656677246,4.34,1.99,27.66
2004-01-09,1121.8599853515625,24.091882705688477,16.75,4.34,1.89,27.66
2004-01-12,1127.22998046875,24.237651824951172,16.81999969482422,4.34,1.89,27.66
2004-01-13,1121.219970703125,24.104171752929688,18.040000915527344,4.34,1.83,27.66
2004-01-14,1130.52001953125,24.32196044921875,16.75,4.34,1.85,27.66
2004-01-15,1132.050048828125,24.388694763183594,15.5600004196167,4.34,1.82,27.66
2004-01-16,1139.8299560546875,24.61526870727539,15.0,4.34,1.83,27.66
2004-01-20,1138.77001953125,24.66444206237793,15.210000038146973,4.34,1.84,27.66
2004-01-21,1147.6199951171875,24.769826889038086,14.34000015258789,4.34,1.79,27.66
2004-01-22,1143.93994140625,24.674985885620117,14.710000038146973,4.34,1.76,27.66
2004-01-23,1141.550048828125,24.61526870727539,14.84000015258789,4.34,1.82,27.66
2004-01-26,1155.3699951171875,24.834800720214844,14.550000190734863,4.34,1.89,27.66
2004-01-27,1144.050048828125,24.64337158203125,15.350000381469727,4.34,1.84,27.66
2004-01-28,1128.47998046875,24.31668472290039,16.780000686645508,4.34,1.92,27.66
2004-01-29,1134.1099853515625,24.32196044921875,17.139999389648438,4.34,1.91,27.66
2004-01-30,1131.1300048828125,24.353578567504883,16.6299991607666,4.34,1.85,27.66
2004-02-02,1135.260009765625,24.37991714477539,17.110000610351562,4.34,1.84,27.65
2004-02-03,1136.030029296875,24.386951446533203,17.34000015258789,4.34,1.81,27.65
2004-02-04,1126.52001953125,24.126996994018555,17.8700008392334,4.34,1.82,27.65
2004-02-05,1128.5899658203125,24.192005157470703,17.709999084472656,4.34,1.85,27.65
2004-02-06,1142.760009765625,24.559064865112305,16.0,4.34,1.79,27.65
2004-02-09,1139.81005859375,24.58014678955078,16.389999389648438,4.34,1.76,27.65
2004-02-10,1145.5400390625,24.689041137695312,15.9399995803833,4.34,1.79,27.65
2004-02-11,1157.760009765625,24.98762321472168,15.390000343322754,4.34,1.75,27.65
2004-02-12,1152.1099853515625,24.913850784301758,15.3100004196167,4.34,1.77,27.65
2004-02-13,1145.81005859375,24.747005462646484,15.579999923706055,4.34,1.74,27.65
2004-02-17,1156.989990234375,25.022737503051758,15.399999618530273,4.34,1.75,27.65
2004-02-18,1151.8199462890625,24.934925079345703,15.59000015258789,4.34,1.75,27.65
2004-02-19,1147.06005859375,24.78036880493164,15.800000190734863,4.34,1.76,27.65
2004-02-20,1144.1099853515625,24.674985885620117,16.040000915527344,4.34,1.79,27.65
2004-02-23,1140.989990234375,24.518674850463867,16.290000915527344,4.34,1.76,27.65
2004-02-24,1139.0899658203125,24.453691482543945,15.899999618530273,4.34,1.74,27.65
2004-02-25,1143.6700439453125,24.629322052001953,14.930000305175781,4.34,1.71,27.65
2004-02-26,1144.9100341796875,24.732946395874023,14.829999923706055,4.34,1.69,27.65
2004-02-27,1144.93994140625,24.817258834838867,14.550000190734863,4.34,1.61,27.65
2004-03-01,1155.969970703125,25.12812042236328,14.4399995803833,4.34,1.55,26.89
2004-03-02,1149.0999755859375,25.028018951416016,14.859999656677246,4.34,1.58,26.89
2004-03-03,1151.030029296875,25.03854751586914,14.550000190734863,4.34,1.59,26.89
2004-03-04,1154.8699951171875,25.133403778076172,14.399999618530273,4.34,1.6,26.89
2004-03-05,1156.8599853515625,25.228233337402344,14.479999542236328,4.34,1.46,26.89
2004-03-08,1147.199951171875,24.940202713012695,15.789999961853027,4.34,1.43,26.89
2004-03-09,1140.5799560546875,24.73821449279785,16.600000381469727,4.34,1.4,26.89
2004-03-10,1123.8900146484375,24.355321884155273,18.670000076293945,4.34,1.45,26.89
2004-03-11,1106.780029296875,23.949615478515625,20.670000076293945,4.34,1.5,26.89
2004-03-12,1120.5699462890625,24.307903289794922,18.299999237060547,4.34,1.52,26.89
2004-03-15,1104.489990234375,23.93029022216797,21.1299991607666,4.34,1.47,26.89
2004-03-16,1110.699951171875,24.049726486206055,20.34000015258789,4.34,1.4,26.89
2004-03-17,1123.75,24.422082901000977,18.110000610351562,4.34,1.36,26.89
2004-03-18,1122.3199462890625,24.413291931152344,18.530000686645508,4.34,1.37,26.89
2004-03-19,1109.780029296875,24.190397262573242,19.149999618530273,4.34,1.44,26.89
2004-03-22,1095.4000244140625,23.799551010131836,21.579999923706055,4.34,1.42,26.89
2004-03-23,1093.949951171875,23.801319122314453,20.670000076293945,4.34,1.41,26.89
2004-03-24,1091.3299560546875,23.736181259155273,19.809999465942383,4.34,1.38,26.89
2004-03-25,1109.18994140625,24.13759422302246,17.8799991607666,4.34,1.4,26.89
2004-03-26,1108.06005859375,24.18688201904297,17.329999923706055,4.34,1.47,26.89
2004-03-29,1122.469970703125,24.422792434692383,16.5,4.34,1.5,26.89
2004-03-30,1127.0,24.609413146972656,16.280000686645508,4.34,1.52,26.89
2004-03-31,1126.2099609375,24.648151397705078,16.739999771118164,4.34,1.48,26.89
2004-04-01,1132.1700439453125,24.7995548248291,16.649999618530273,4.34,1.48,26.9
2004-04-02,1141.81005859375,25.079492568969727,15.640000343322754,4.34,1.69,26.9
2004-04-05,1150.5699462890625,25.225624084472656,14.970000267028809,4.34,1.75,26.9
2004-04-06,1148.1600341796875,25.174571990966797,15.319999694824219,4.34,1.73,26.9
2004-04-07,1140.530029296875,25.04428482055664,15.760000228881836,4.34,1.82,26.9
2004-04-08,1139.3199462890625,25.017879486083984,16.260000228881836,4.34,1.8,26.9
2004-04-12,1145.199951171875,25.098865509033203,15.279999732971191,4.34,1.81,26.9
2004-04-13,1129.43994140625,24.715059280395508,17.260000228881836,4.34,1.88,26.9
2004-04-14,1128.1700439453125,24.56011962890625,15.619999885559082,4.34,1.91,26.9
2004-04-15,1128.8399658203125,24.611181259155273,15.739999771118164,4.34,1.93,26.9
2004-04-16,1134.6099853515625,24.77138328552246,14.9399995803833,4.34,1.87,26.9
2004-04-19,1135.8199462890625,24.77138328552246,15.420000076293945,4.34,1.87,26.9
2004-04-20,1118.1500244140625,24.408714294433594,16.670000076293945,4.34,1.97,26.9
2004-04-21,1124.0899658203125,24.56011962890625,15.600000381469727,4.34,1.96,26.9
2004-04-22,1139.9300537109375,25.024911880493164,14.609999656677246,4.34,1.98,26.9
2004-04-23,1140.5999755859375,24.96153450012207,14.010000228881836,4.34,2.12,26.9
2004-04-26,1135.530029296875,24.79604148864746,14.770000457763672,4.34,2.03,26.9
2004-04-27,1138.1099853515625,24.834768295288086,15.069999694824219,4.34,2.0,26.9
2004-04-28,1122.4100341796875,24.463279724121094,16.290000915527344,4.34,2.1,26.9
2004-04-29,1113.8900146484375,24.181598663330078,16.600000381469727,4.34,2.15,26.9
2004-04-30,1107.300048828125,24.067161560058594,17.190000534057617,4.34,2.11,26.9
2004-05-03,1117.489990234375,24.22561264038086,16.6200008392334,4.34,2.09,25.9
2004-05-04,1119.550048828125,24.296035766601562,16.549999237060547,4.34,2.1,25.9
2004-05-05,1121.530029296875,24.368221282958984,15.770000457763672,4.34,2.1,25.9
2004-05-06,1113.989990234375,24.1287899017334,17.049999237060547,4.34,2.15,25.9
2004-05-07,1098.699951171875,23.699199676513672,18.1299991607666,4.34,2.24,25.9
2004-05-10,1087.1199951171875,23.345314025878906,19.770000457763672,4.34,2.25,25.9
2004-05-11,1095.449951171875,23.609411239624023,18.56999969482422,4.34,2.21,25.9
2004-05-12,1097.280029296875,23.619972229003906,18.139999389648438,4.34,2.17,25.9
2004-05-13,1096.43994140625,23.70800018310547,18.860000610351562,4.34,2.18,25.9
2004-05-14,1095.699951171875,23.64990997314453,18.469999313354492,4.34,2.16,25.9
2004-05-17,1084.0999755859375,23.352365493774414,19.959999084472656,4.34,2.07,25.9
2004-05-18,1091.489990234375,23.57948112487793,19.329999923706055,4.34,2.05,25.9
2004-05-19,1088.6800537109375,23.531938552856445,18.93000030517578,4.34,2.03,25.9
2004-05-20,1089.18994140625,23.565393447875977,18.670000076293945,4.34,1.96,25.9
2004-05-21,1093.56005859375,23.619972229003906,18.489999771118164,4.34,2.04,25.9
2004-05-24,1095.4100341796875,23.811872482299805,18.079999923706055,4.34,2.01,25.9
2004-05-25,1113.050048828125,24.239696502685547,15.960000038146973,4.34,2.03,25.9
2004-05-26,1114.93994140625,24.287227630615234,15.970000267028809,4.34,1.99,25.9
2004-05-27,1121.280029296875,24.405181884765625,15.279999732971191,4.34,1.97,25.9
2004-05-28,1120.6800537109375,24.48794174194336,15.5,4.34,2.0,25.9
2004-06-01,1121.199951171875,24.45976448059082,16.299999237060547,4.34,1.97,26.4
2004-06-02,1124.989990234375,24.542510986328125,16.079999923706055,4.34,2.04,26.4
2004-06-03,1116.6400146484375,24.296035766601562,17.030000686645508,4.34,2.05,26.4
2004-06-04,1122.5,24.447433471679688,16.780000686645508,4.34,2.11,26.4
2004-06-07,1140.4200439453125,24.912242889404297,15.390000343322754,4.34,2.11,26.4
2004-06-08,1142.1800537109375,24.90167808532715,15.010000228881836,4.34,2.15,26.4
2004-06-09,1131.3299560546875,24.637590408325195,15.390000343322754,4.34,2.2,26.4
2004-06-10,1136.469970703125,24.74321746826172,15.039999961853027,4.34,2.18,26.4
2004-06-14,1125.2900390625,24.454484939575195,16.06999969482422,4.34,2.26,26.4
2004-06-15,1132.010009765625,24.66048240661621,15.050000190734863,4.34,2.16,26.4
2004-06-16,1133.56005859375,24.71329116821289,14.789999961853027,4.34,2.18,26.4
2004-06-17,1132.050048828125,24.692161560058594,15.149999618530273,4.34,2.16,26.4
2004-06-18,1135.02001953125,24.756948471069336,14.989999771118164,4.34,2.15,26.4
2004-06-21,1130.300048828125,24.68458366394043,15.260000228881836,4.34,2.16,26.4
2004-06-22,1134.4100341796875,24.825777053833008,14.3100004196167,4.34,2.17,26.4
2004-06-23,1144.06005859375,25.129369735717773,13.979999542236328,4.34,2.18,26.4
2004-06-24,1140.6500244140625,25.069360733032227,14.8100004196167,4.34,2.15,26.4
2004-06-25,1134.4300537109375,25.090539932250977,15.1899995803833,4.34,2.16,26.4
2004-06-28,1133.3499755859375,24.996994018554688,16.06999969482422,4.34,2.23,26.4
2004-06-29,1136.199951171875,25.0605411529541,15.470000267028809,4.34,2.2,26.4
2004-06-30,1140.8399658203125,25.23174476623535,14.34000015258789,4.34,2.1,26.4
2004-07-01,1128.93994140625,24.887548446655273,15.199999809265137,4.34,2.04,25.7
2004-07-02,1125.3800048828125,24.80282974243164,15.079999923706055,4.34,1.96,25.7
2004-07-06,1116.2099609375,24.52042579650879,16.25,4.34,1.97,25.7
2004-07-07,1118.3299560546875,24.55925178527832,15.8100004196167,4.34,2.0,25.7
2004-07-08,1109.1099853515625,24.29273223876953,16.200000762939453,4.34,2.02,25.7
2004-07-09,1112.81005859375,24.368633270263672,15.779999732971191,4.34,2.02,25.7
2004-07-12,1114.3499755859375,24.34037971496582,14.960000038146973,4.34,2.02,25.7
2004-07-13,1115.1400146484375,24.379222869873047,14.460000038146973,4.34,2.03,25.7
2004-07-14,1111.469970703125,24.283903121948242,13.760000228881836,4.34,2.02,25.7
2004-07-15,1106.68994140625,24.345684051513672,14.710000038146973,4.34,2.01,25.7
2004-07-16,1101.3900146484375,24.158586502075195,14.34000015258789,4.34,1.94,25.7
2004-07-19,1100.9000244140625,24.146228790283203,15.170000076293945,4.34,1.96,25.7
2004-07-20,1108.6700439453125,24.358036041259766,14.170000076293945,4.34,2.05,25.7
2004-07-21,1093.8800048828125,23.980310440063477,16.40999984741211,4.34,2.05,25.7
2004-07-22,1096.8399658203125,23.952070236206055,15.75,4.34,2.03,25.7
2004-07-23,1086.199951171875,23.743789672851562,16.5,4.34,2.0,25.7
2004-07-26,1084.0699462890625,23.629064559936523,17.299999237060547,4.34,2.05,25.7
2004-07-27,1094.8299560546875,23.842634201049805,16.549999237060547,4.34,2.15,25.7
2004-07-28,1095.4200439453125,23.81439971923828,16.149999618530273,4.34,2.11,25.7
2004-07-29,1100.4300537109375,24.040327072143555,15.680000305175781,4.34,2.07,25.7
2004-07-30,1101.719970703125,24.077392578125,15.319999694824219,4.34,2.01,25.7
2004-08-02,1106.6199951171875,24.17095184326172,15.369999885559082,4.34,2.0,25.17
2004-08-03,1099.68994140625,23.943241119384766,16.030000686645508,4.34,1.98,25.17
2004-08-04,1098.6300048828125,23.895591735839844,16.209999084472656,4.34,2.0,25.17
2004-08-05,1080.699951171875,23.463153839111328,18.31999969482422,4.34,1.96,25.17
2004-08-06,1063.969970703125,23.04129409790039,19.34000015258789,4.34,1.82,25.17
2004-08-09,1065.219970703125,23.168378829956055,18.889999389648438,4.34,1.85,25.17
2004-08-10,1079.0400390625,23.43313217163086,17.469999313354492,4.34,1.9,25.17
2004-08-11,1075.7900390625,23.348417282104492,18.040000915527344,4.34,1.86,25.17
2004-08-12,1063.22998046875,23.087188720703125,19.079999923706055,4.34,1.81,25.17
2004-08-13,1064.800048828125,23.05188751220703,17.979999542236328,4.34,1.77,25.17
2004-08-16,1079.3399658203125,23.48431968688965,17.56999969482422,4.34,1.82,25.17
2004-08-17,1081.7099609375,23.546104431152344,17.020000457763672,4.34,1.82,25.17
2004-08-18,1095.1700439453125,23.84086799621582,16.229999542236328,4.34,1.83,25.17
2004-08-19,1091.22998046875,23.75262451171875,16.959999084472656,4.34,1.76,25.17
2004-08-20,1098.3499755859375,23.989145278930664,16.0,4.34,1.79,25.17
2004-08-23,1095.6800537109375,23.872644424438477,15.880000114440918,4.34,1.86,25.17
2004-08-24,1096.18994140625,23.872644424438477,15.329999923706055,4.34,1.87,25.17
2004-08-25,1104.9599609375,24.119749069213867,14.979999542236328,4.34,1.88,25.17
2004-08-26,1105.0899658203125,24.093280792236328,14.90999984741211,4.34,1.86,25.17
2004-08-27,1107.77001953125,24.137407302856445,14.710000038146973,4.34,1.86,25.17
2004-08-30,1099.1500244140625,23.957368850708008,15.4399995803833,4.34,1.83,25.17
2004-08-31,1104.239990234375,24.052671432495117,15.289999961853027,4.34,1.78,25.17
2004-09-01,1105.9100341796875,24.133867263793945,14.90999984741211,4.34,1.77,25.67
2004-09-02,1118.31005859375,24.44805335998535,14.279999732971191,4.34,1.83,25.67
2004-09-03,1113.6300048828125,24.308612823486328,13.90999984741211,4.34,1.88,25.67
2004-09-07,1121.300048828125,24.51158332824707,14.069999694824219,4.34,1.86,25.67
2004-09-08,1116.27001953125,24.368633270263672,14.0600004196167,4.34,1.82,25.67
2004-09-09,1118.3800048828125,24.437463760375977,14.010000228881836,4.34,1.83,25.67
2004-09-10,1123.9200439453125,24.613981246948242,13.760000228881836,4.34,1.83,25.67
2004-09-13,1125.8199462890625,24.652809143066406,13.170000076293945,4.34,1.81,25.67
2004-09-14,1128.3299560546875,24.70753288269043,13.5600004196167,4.34,1.81,25.67
2004-09-15,1120.3699951171875,24.531017303466797,14.640000343322754,4.34,1.86,25.67
2004-09-16,1123.5,24.672229766845703,14.390000343322754,4.34,1.81,25.67
2004-09-17,1128.550048828125,24.760522842407227,14.029999732971191,4.34,1.85,25.67
2004-09-20,1122.199951171875,24.680885314941406,14.430000305175781,4.34,1.8,25.67
2004-09-21,1129.300048828125,24.84368133544922,13.65999984741211,4.34,1.8,25.67
2004-09-22,1113.56005859375,24.53403091430664,14.739999771118164,4.34,1.73,25.67
2004-09-23,1108.3599853515625,24.463239669799805,14.800000190734863,4.34,1.76,25.67
2004-09-24,1110.1099853515625,24.45793342590332,14.279999732971191,4.34,1.78,25.67
2004-09-27,1103.52001953125,24.29513931274414,14.619999885559082,4.34,1.72,25.67
2004-09-28,1110.06005859375,24.431394577026367,13.829999923706055,4.34,1.7,25.67
2004-09-29,1114.800048828125,24.53403091430664,13.210000038146973,4.34,1.76,25.67
2004-09-30,1114.5799560546875,24.670278549194336,13.34000015258789,4.34,1.77,25.67
2004-10-01,1131.5,25.075490951538086,12.75,4.34,1.83,25.41
2004-10-04,1135.1700439453125,25.19759178161621,13.40999984741211,4.34,1.86,25.41
2004-10-05,1134.47998046875,25.155118942260742,13.949999809265137,4.34,1.84,25.41
2004-10-06,1142.050048828125,25.317914962768555,13.279999732971191,4.34,1.9,25.41
2004-10-07,1130.6500244140625,25.080795288085938,14.5,4.34,1.89,25.41
2004-10-08,1122.1400146484375,24.856067657470703,15.050000190734863,4.34,1.78,25.41
2004-10-11,1124.3900146484375,24.8383731842041,14.710000038146973,4.34,1.78,25.41
2004-10-12,1121.8399658203125,24.77821922302246,15.050000190734863,4.34,1.75,25.41
2004-10-13,1113.6500244140625,24.576492309570312,15.420000076293945,4.34,1.72,25.41
2004-10-14,1103.2900390625,24.396011352539062,16.43000030517578,4.34,1.68,25.41
2004-10-15,1108.199951171875,24.488004684448242,15.039999961853027,4.34,1.7,25.41
2004-10-18,1114.02001953125,24.572940826416016,14.710000038146973,4.34,1.71,25.41
2004-10-19,1103.22998046875,24.362380981445312,15.130000114440918,4.34,1.7,25.41
2004-10-20,1103.6600341796875,24.388927459716797,14.850000381469727,4.34,1.66,25.41
2004-10-21,1106.489990234375,24.583568572998047,14.539999961853027,4.34,1.62,25.41
2004-10-22,1095.739990234375,24.390695571899414,15.279999732971191,4.34,1.64,25.41
2004-10-25,1094.800048828125,24.422542572021484,16.579999923706055,4.34,1.63,25.41
2004-10-26,1111.0899658203125,24.774677276611328,16.389999389648438,4.34,1.63,25.41
2004-10-27,1125.4000244140625,25.13918685913086,15.720000267028809,4.34,1.73,25.41
2004-10-28,1127.43994140625,25.123266220092773,15.390000343322754,4.34,1.68,25.41
2004-10-29,1130.199951171875,25.2559757232666,16.270000457763672,4.34,1.63,25.41
2004-11-01,1130.510009765625,25.289609909057617,16.270000457763672,4.34,1.67,26.47
2004-11-02,1130.56005859375,25.2595157623291,16.18000030517578,4.34,1.61,26.47
2004-11-03,1143.199951171875,25.55324935913086,14.039999961853027,4.34,1.61,26.47
2004-11-04,1161.6700439453125,26.004478454589844,13.970000267028809,4.34,1.65,26.47
2004-11-05,1166.1700439453125,26.184959411621094,13.84000015258789,4.34,1.71,26.47
2004-11-08,1164.8900146484375,26.13541603088379,13.800000190734863,4.34,1.72,26.47
2004-11-09,1164.0799560546875,26.153121948242188,13.609999656677246,4.34,1.74,26.47
2004-11-10,1162.9100341796875,26.170812606811523,13.079999923706055,4.34,1.75,26.47
2004-11-11,1173.47998046875,26.42916488647461,13.039999961853027,4.34,1.75,26.47
2004-11-12,1184.1700439453125,26.652109146118164,13.329999923706055,4.34,1.71,26.47
2004-11-15,1183.81005859375,26.67864418029785,13.380000114440918,4.34,1.67,26.47
2004-11-16,1175.4300537109375,26.52471160888672,13.210000038146973,4.34,1.68,26.47
2004-11-17,1181.93994140625,26.685726165771484,13.210000038146973,4.34,1.63,26.47
2004-11-18,1183.550048828125,26.768884658813477,12.979999542236328,4.34,1.64,26.47
2004-11-19,1170.3399658203125,26.452163696289062,13.5,4.34,1.67,26.47
2004-11-22,1177.239990234375,26.63971519470215,12.970000267028809,4.34,1.62,26.47
2004-11-23,1176.93994140625,26.66802978515625,12.670000076293945,4.34,1.65,26.47
2004-11-24,1181.760009765625,26.867979049682617,12.720000267028809,4.34,1.64,26.47
2004-11-26,1182.6500244140625,26.928146362304688,12.779999732971191,4.34,1.66,26.47
2004-11-29,1178.5699462890625,26.788358688354492,13.300000190734863,4.34,1.74,26.47
2004-11-30,1173.8199462890625,26.719343185424805,13.239999771118164,4.34,1.75,26.47
2004-12-01,1191.3699951171875,27.0874080657959,12.970000267028809,4.34,1.79,27.14
2004-12-02,1190.3299560546875,27.036083221435547,12.979999542236328,4.34,1.83,27.14
2004-12-03,1191.1700439453125,27.073238372802734,12.960000038146973,4.34,1.73,27.14
2004-12-06,1190.25,27.059104919433594,13.1899995803833,4.34,1.7,27.14
2004-12-07,1177.0699462890625,26.719343185424805,13.670000076293945,4.34,1.69,27.14
2004-12-08,1182.81005859375,26.783058166503906,13.1899995803833,4.34,1.62,27.14
2004-12-09,1189.239990234375,26.924606323242188,12.880000114440918,4.34,1.64,27.14
2004-12-10,1188.0,26.95115089416504,12.760000228881836,4.34,1.66,27.14
2004-12-13,1198.6800537109375,27.172340393066406,12.539999961853027,4.34,1.65,27.14
2004-12-14,1203.3800048828125,27.34752082824707,12.729999542236328,4.34,1.62,27.14
2004-12-15,1205.719970703125,27.450153350830078,12.350000381469727,4.34,1.57,27.14
2004-12-16,1203.2099609375,27.312124252319336,12.270000457763672,4.34,1.64,27.14
2004-12-17,1194.199951171875,27.255878448486328,11.949999809265137,4.34,1.64,27.14
2004-12-20,1194.6500244140625,27.18489646911621,11.829999923706055,4.34,1.62,27.14
2004-12-21,1205.449951171875,27.443971633911133,11.550000190734863,4.34,1.59,27.14
2004-12-22,1209.5699462890625,27.539796829223633,11.449999809265137,4.34,1.63,27.14
2004-12-23,1210.1300048828125,27.553997039794922,11.229999542236328,4.34,1.62,27.14
2004-12-27,1204.9200439453125,27.397846221923828,12.140000343322754,4.34,1.67,27.14
2004-12-28,1213.5400390625,27.62496566772461,12.0,4.34,1.69,27.14
2004-12-29,1213.449951171875,27.667556762695312,11.619999885559082,4.34,1.73,27.14
2004-12-30,1213.550048828125,27.72079849243164,12.5600004196167,4.34,1.7,27.14
2004-12-31,1211.9200439453125,27.710140228271484,13.289999961853027,4.34,1.68,27.14
2005-01-03,1202.0799560546875,27.326847076416016,14.079999923706055,4.34,1.7,26.59
2005-01-04,1188.050048828125,26.945331573486328,13.979999542236328,4.34,1.78,26.59
2005-01-05,1183.739990234375,26.737730026245117,14.09000015258789,4.34,1.79,26.59
2005-01-06,1187.8900146484375,26.817581176757812,13.579999923706055,4.34,1.76,26.59
2005-01-07,1186.18994140625,26.74660301208496,13.489999771118164,4.34,1.8,26.59
2005-01-10,1190.25,26.799837112426758,13.229999542236328,4.34,1.77,26.59
2005-01-11,1182.989990234375,26.66143035888672,13.1899995803833,4.34,1.76,26.59
2005-01-12,1187.699951171875,26.794504165649414,12.5600004196167,4.34,1.73,26.59
2005-01-13,1177.449951171875,26.61174774169922,12.84000015258789,4.34,1.7,26.59
2005-01-14,1184.52001953125,26.842430114746094,12.430000305175781,4.34,1.72,26.59
2005-01-18,1195.97998046875,27.103281021118164,12.470000267028809,4.34,1.71,26.59
2005-01-19,1184.6300048828125,26.865488052368164,13.180000305175781,4.34,1.7,26.59
2005-01-20,1175.4100341796875,26.657882690429688,13.829999923706055,4.34,1.7,26.59
2005-01-21,1167.8699951171875,26.50351333618164,14.359999656677246,4.34,1.69,26.59
2005-01-24,1163.75,26.350894927978516,14.649999618530273,4.34,1.68,26.59
2005-01-25,1168.4100341796875,26.38639259338379,14.0600004196167,4.34,1.74,26.59
2005-01-26,1174.0699462890625,26.579814910888672,13.4399995803833,4.34,1.72,26.59
2005-01-27,1174.550048828125,26.664989471435547,13.239999771118164,4.34,1.72,26.59
2005-01-28,1171.3599853515625,26.558504104614258,13.239999771118164,4.34,1.65,26.59
2005-01-31,1181.27001953125,26.85662269592285,12.819999694824219,4.34,1.65,26.59
2005-02-01,1189.4100341796875,27.05536651611328,12.029999732971191,4.34,1.67,26.74
2005-02-02,1193.18994140625,27.16360855102539,11.65999984741211,4.34,1.7,26.74
2005-02-03,1189.8900146484375,27.10504150390625,11.789999961853027,4.34,1.73,26.74
2005-02-04,1203.030029296875,27.426227569580078,11.210000038146973,4.34,1.65,26.74
2005-02-07,1201.719970703125,27.37653160095215,11.729999542236328,4.34,1.62,26.74
2005-02-08,1202.300048828125,27.344608306884766,11.600000381469727,4.34,1.57,26.74
2005-02-09,1191.989990234375,27.097951889038086,12.0,4.34,1.49,26.74
2005-02-10,1197.010009765625,27.204410552978516,11.510000228881836,4.34,1.57,26.74
2005-02-11,1205.300048828125,27.4936580657959,11.430000305175781,4.34,1.57,26.74
2005-02-14,1206.1400146484375,27.4670352935791,11.520000457763672,4.34,1.54,26.74
2005-02-15,1210.1199951171875,27.569942474365234,11.270000457763672,4.34,1.61,26.74
2005-02-16,1210.3399658203125,27.5593204498291,11.100000381469727,4.34,1.65,26.74
2005-02-17,1200.75,27.36589241027832,11.770000457763672,4.34,1.65,26.74
2005-02-18,1201.5899658203125,27.36412239074707,11.180000305175781,4.34,1.67,26.74
2005-02-22,1184.1600341796875,26.915178298950195,13.140000343322754,4.34,1.67,26.74
2005-02-23,1190.800048828125,27.062450408935547,12.390000343322754,4.34,1.64,26.74
2005-02-24,1200.199951171875,27.291370391845703,11.569999694824219,4.34,1.65,26.74
2005-02-25,1211.3699951171875,27.577054977416992,11.489999771118164,4.34,1.64,26.74
2005-02-28,1203.5999755859375,27.428003311157227,12.079999923706055,4.34,1.7,26.74
2005-03-01,1210.4100341796875,27.61787223815918,12.039999961853027,4.34,1.69,26.34
2005-03-02,1210.0799560546875,27.578832626342773,12.5,4.34,1.69,26.34
2005-03-03,1210.469970703125,27.632068634033203,12.930000305175781,4.34,1.69,26.34
2005-03-04,1222.1199951171875,27.914213180541992,11.9399995803833,4.34,1.65,26.34
2005-03-07,1225.31005859375,28.00115394592285,12.260000228881836,4.34,1.63,26.34
2005-03-08,1219.4300537109375,27.85032081604004,12.399999618530273,4.34,1.67,26.34
2005-03-09,1207.010009765625,27.555757522583008,12.699999809265137,4.34,1.77,26.34
2005-03-10,1209.25,27.539796829223633,12.489999771118164,4.34,1.76,26.34
2005-03-11,1200.0799560546875,27.454618453979492,12.800000190734863,4.34,1.82,26.34
2005-03-14,1206.8299560546875,27.61077117919922,12.390000343322754,4.34,1.82,26.34
2005-03-15,1197.75,27.426227569580078,13.149999618530273,4.34,1.82,26.34
2005-03-16,1188.0699462890625,27.1494083404541,13.489999771118164,4.34,1.79,26.34
2005-03-17,1190.2099609375,27.23105239868164,13.289999961853027,4.34,1.73,26.34
2005-03-18,1189.6500244140625,27.16594886779785,13.140000343322754,4.34,1.77,26.34
2005-03-21,1183.780029296875,27.125022888183594,13.609999656677246,4.34,1.8,26.34
2005-03-22,1171.7099609375,26.867151260375977,14.270000457763672,4.34,1.87,26.34
2005-03-23,1172.530029296875,26.865365982055664,14.0600004196167,4.34,1.92,26.34
2005-03-24,1171.4200439453125,26.88313865661621,13.420000076293945,4.34,1.9,26.34
2005-03-28,1174.280029296875,26.90627670288086,13.75,4.34,1.94,26.34
2005-03-29,1165.3599853515625,26.612808227539062,14.489999771118164,4.34,1.91,26.34
2005-03-30,1181.4100341796875,27.011199951171875,13.640000343322754,4.34,1.89,26.34
2005-03-31,1180.5899658203125,27.053892135620117,14.020000457763672,4.34,1.79,26.34
2005-04-01,1172.9200439453125,26.96319007873535,14.09000015258789,4.34,1.77,25.41
2005-04-04,1176.1199951171875,26.96319007873535,14.109999656677246,4.34,1.79,25.41
2005-04-05,1181.3900146484375,27.06989860534668,13.680000305175781,4.34,1.81,25.41
2005-04-06,1184.0699462890625,27.10902976989746,13.149999618530273,4.34,1.8,25.41
2005-04-07,1191.1400146484375,27.29401397705078,12.329999923706055,4.34,1.85,25.41
2005-04-08,1181.199951171875,27.08413314819336,12.619999885559082,4.34,1.84,25.41
2005-04-11,1181.2099609375,27.06989860534668,11.979999542236328,4.34,1.82,25.41
2005-04-12,1187.760009765625,27.208633422851562,11.300000190734863,4.34,1.73,25.41
2005-04-13,1173.7900390625,26.824445724487305,13.3100004196167,4.34,1.74,25.41
2005-04-14,1162.050048828125,26.429609298706055,14.529999732971191,4.34,1.72,25.41
2005-04-15,1142.6199951171875,25.896028518676758,17.739999771118164,4.34,1.67,25.41
2005-04-18,1145.97998046875,26.02053451538086,16.559999465942383,4.34,1.66,25.41
2005-04-19,1152.780029296875,26.27843475341797,14.960000038146973,4.34,1.62,25.41
2005-04-20,1137.5,25.922718048095703,16.920000076293945,4.34,1.6,25.41
2005-04-21,1159.949951171875,26.417163848876953,14.40999984741211,4.34,1.66,25.41
2005-04-22,1152.1199951171875,26.162824630737305,15.380000114440918,4.34,1.61,25.41
2005-04-25,1162.0999755859375,26.443836212158203,14.619999885559082,4.34,1.63,25.41
2005-04-26,1151.8299560546875,26.18950653076172,14.90999984741211,4.34,1.66,25.41
2005-04-27,1156.3800048828125,26.244638442993164,14.869999885559082,4.34,1.65,25.41
2005-04-28,1143.219970703125,25.917375564575195,16.860000610351562,4.34,1.58,25.41
2005-04-29,1156.8499755859375,26.18950653076172,15.3100004196167,4.34,1.61,25.41
2005-05-02,1162.1600341796875,26.335342407226562,15.119999885559082,4.34,1.61,25.65
2005-05-03,1161.1700439453125,26.34246253967285,14.529999732971191,4.34,1.64,25.65
2005-05-04,1175.6500244140625,26.70173454284668,13.850000381469727,4.34,1.63,25.65
2005-05-05,1172.6300048828125,26.648378372192383,13.979999542236328,4.34,1.62,25.65
2005-05-06,1171.3499755859375,26.696395874023438,14.050000190734863,4.34,1.69,25.65
2005-05-09,1178.8399658203125,26.865365982055664,13.75,4.34,1.69,25.65
2005-05-10,1166.219970703125,26.571895599365234,14.90999984741211,4.34,1.65,25.65
2005-05-11,1171.1099853515625,26.678598403930664,14.449999809265137,4.34,1.64,25.65
2005-05-12,1159.3599853515625,26.411821365356445,16.1200008392334,4.34,1.66,25.65
2005-05-13,1154.050048828125,26.26953125,16.31999969482422,4.34,1.66,25.65
2005-05-16,1165.68994140625,26.559452056884766,15.680000305175781,4.34,1.66,25.65
2005-05-17,1173.800048828125,26.762197494506836,14.569999694824219,4.34,1.64,25.65
2005-05-18,1185.56005859375,27.126811981201172,13.630000114440918,4.34,1.65,25.65
2005-05-19,1191.0799560546875,27.237083435058594,13.319999694824219,4.34,1.69,25.65
2005-05-20,1189.280029296875,27.27620506286621,13.140000343322754,4.34,1.67,25.65
2005-05-23,1193.8599853515625,27.3829288482666,12.949999809265137,4.34,1.65,25.65
2005-05-24,1194.0699462890625,27.333127975463867,12.6899995803833,4.34,1.62,25.65
2005-05-25,1190.010009765625,27.24063491821289,12.579999923706055,4.34,1.66,25.65
2005-05-26,1197.6199951171875,27.436281204223633,12.239999771118164,4.34,1.69,25.65
2005-05-27,1198.780029296875,27.494970321655273,12.149999618530273,4.34,1.67,25.65
2005-05-31,1191.5,27.366912841796875,13.289999961853027,4.34,1.63,25.65
2005-06-01,1202.219970703125,27.644371032714844,12.359999656677246,4.34,1.54,26.07
2005-06-02,1204.2900390625,27.72263526916504,11.84000015258789,4.34,1.55,26.07
2005-06-03,1196.02001953125,27.585681915283203,12.149999618530273,4.34,1.61,26.07
2005-06-06,1197.510009765625,27.594572067260742,12.279999732971191,4.34,1.6,26.07
2005-06-07,1197.260009765625,27.62481117248535,12.390000343322754,4.34,1.6,26.07
2005-06-08,1194.6700439453125,27.55366325378418,12.699999809265137,4.34,1.63,26.07
2005-06-09,1200.9300537109375,27.719079971313477,12.079999923706055,4.34,1.64,26.07
2005-06-10,1198.1099853515625,27.685272216796875,11.960000038146973,4.34,1.74,26.07
2005-06-13,1200.8199462890625,27.78666114807129,11.649999618530273,4.34,1.76,26.07
2005-06-14,1203.9100341796875,27.896936416625977,11.789999961853027,4.34,1.79,26.07
2005-06-15,1206.5799560546875,27.969852447509766,11.460000038146973,4.34,1.79,26.07
2005-06-16,1210.9599609375,28.11213493347168,11.149999618530273,4.34,1.75,26.07
2005-06-17,1216.9599609375,28.226076126098633,11.479999542236328,4.34,1.72,26.07
2005-06-20,1216.0999755859375,28.16902732849121,11.470000267028809,4.34,1.74,26.07
2005-06-21,1213.6099853515625,28.158315658569336,11.079999923706055,4.34,1.72,26.07
2005-06-22,1213.8800048828125,28.18328285217285,11.050000190734863,4.34,1.68,26.07
2005-06-23,1200.72998046875,27.876617431640625,12.130000114440918,4.34,1.68,26.07
2005-06-24,1191.5699462890625,27.64130210876465,12.180000305175781,4.34,1.65,26.07
2005-06-27,1190.68994140625,27.644861221313477,12.520000457763672,4.34,1.62,26.07
2005-06-28,1201.5699462890625,27.95150375366211,11.579999923706055,4.34,1.67,26.07
2005-06-29,1199.8499755859375,27.919408798217773,11.770000457763672,4.34,1.69,26.07
2005-06-30,1191.3299560546875,27.787479400634766,12.039999961853027,4.34,1.67,26.07
2005-07-01,1194.43994140625,27.874853134155273,11.399999618530273,4.34,1.75,26.29
2005-07-05,1204.989990234375,28.163654327392578,11.680000305175781,4.34,1.8,26.29
2005-07-06,1194.93994140625,27.96756362915039,12.270000457763672,4.34,1.78,26.29
2005-07-07,1197.8699951171875,28.04600715637207,12.489999771118164,4.34,1.77,26.29
2005-07-08,1211.8599853515625,28.397214889526367,11.449999809265137,4.34,1.83,26.29
2005-07-11,1219.43994140625,28.596900939941406,11.279999732971191,4.34,1.81,26.29
2005-07-12,1222.2099609375,28.650388717651367,10.949999809265137,4.34,1.83,26.29
2005-07-13,1223.2900390625,28.66820526123047,10.84000015258789,4.34,1.87,26.29
2005-07-14,1226.5,28.739532470703125,10.8100004196167,4.34,1.94,26.29
2005-07-15,1227.9200439453125,28.766273498535156,10.329999923706055,4.34,1.95,26.29
2005-07-18,1221.1300048828125,28.741323471069336,10.770000457763672,4.34,1.98,26.29
2005-07-19,1229.3499755859375,28.924936294555664,10.449999809265137,4.34,1.92,26.29
2005-07-20,1235.199951171875,29.09787368774414,10.229999542236328,4.34,1.9,26.29
2005-07-21,1227.0400390625,28.84650230407715,10.970000267028809,4.34,1.95,26.29
2005-07-22,1233.6800537109375,29.094308853149414,10.520000457763672,4.34,1.89,26.29
2005-07-25,1229.030029296875,28.935646057128906,11.100000381469727,4.34,1.94,26.29
2005-07-26,1231.1600341796875,29.044397354125977,10.989999771118164,4.34,1.92,26.29
2005-07-27,1236.7900390625,29.17632484436035,10.359999656677246,4.34,1.92,26.29
2005-07-28,1243.719970703125,29.365297317504883,10.520000457763672,4.34,1.86,26.29
2005-07-29,1234.1800537109375,29.20663833618164,11.569999694824219,4.34,1.92,26.29
2005-08-01,1235.3499755859375,29.208404541015625,12.079999923706055,4.34,1.95,26.1
2005-08-02,1244.1199951171875,29.3546085357666,11.75,4.34,1.99,26.1
2005-08-03,1245.0400390625,29.38672637939453,11.829999923706055,4.34,1.93,26.1
2005-08-04,1235.8599853515625,29.149585723876953,12.520000457763672,4.34,1.94,26.1
2005-08-05,1226.4200439453125,28.882158279418945,12.479999542236328,4.34,2.0,26.1
2005-08-08,1223.1300048828125,28.768037796020508,13.210000038146973,4.34,2.02,26.1
2005-08-09,1231.3800048828125,28.93920135498047,12.399999618530273,4.34,2.02,26.1
2005-08-10,1229.1300048828125,28.92673110961914,12.380000114440918,4.34,2.01,26.1
2005-08-11,1237.81005859375,29.056882858276367,12.420000076293945,4.34,1.97,26.1
2005-08-12,1230.3900146484375,28.964170455932617,12.739999771118164,4.34,1.91,26.1
2005-08-15,1233.8699951171875,29.158491134643555,12.260000228881836,4.34,1.92,26.1
2005-08-16,1219.3399658203125,28.700307846069336,13.520000457763672,4.34,1.87,26.1
2005-08-17,1220.239990234375,28.748435974121094,13.300000190734863,4.34,1.91,26.1
2005-08-18,1219.02001953125,28.63968849182129,13.420000076293945,4.34,1.86,26.1
2005-08-19,1219.7099609375,28.739532470703125,13.420000076293945,4.34,1.85,26.1
2005-08-22,1221.72998046875,28.759138107299805,13.420000076293945,4.34,1.86,26.1
2005-08-23,1217.5899658203125,28.700307846069336,13.34000015258789,4.34,1.85,26.1
2005-08-24,1209.5899658203125,28.543428421020508,14.170000076293945,4.34,1.83,26.1
2005-08-25,1212.3699951171875,28.652164459228516,13.729999542236328,4.34,1.8,26.1
2005-08-26,1205.0999755859375,28.49885368347168,13.720000267028809,4.34,1.81,26.1
2005-08-29,1212.280029296875,28.703880310058594,13.520000457763672,4.34,1.79,26.1
2005-08-30,1208.4100341796875,28.473876953125,13.649999618530273,4.34,1.71,26.1
2005-08-31,1220.3299560546875,28.951692581176758,12.600000381469727,4.34,1.65,26.1
2005-09-01,1221.5899658203125,28.882158279418945,13.149999618530273,4.34,1.61,25.73
2005-09-02,1218.02001953125,28.80906105041504,13.569999694824219,4.34,1.59,25.73
2005-09-06,1233.3900146484375,29.147802352905273,12.930000305175781,4.34,1.65,25.73
2005-09-07,1236.3599853515625,29.22981834411621,12.520000457763672,4.34,1.69,25.73
2005-09-08,1231.6700439453125,29.07648277282715,12.930000305175781,4.34,1.68,25.73
2005-09-09,1241.47998046875,29.390275955200195,11.979999542236328,4.34,1.64,25.73
2005-09-12,1240.56005859375,29.408084869384766,11.649999618530273,4.34,1.69,25.73
2005-09-13,1231.199951171875,29.210201263427734,12.390000343322754,4.34,1.67,25.73
2005-09-14,1227.1600341796875,29.135318756103516,12.90999984741211,4.34,1.68,25.73
2005-09-15,1227.72998046875,29.055097579956055,12.489999771118164,4.34,1.71,25.73
2005-09-16,1237.9100341796875,29.26762580871582,11.220000267028809,4.34,1.73,25.73
2005-09-19,1231.02001953125,29.03704261779785,12.140000343322754,4.34,1.7,25.73
2005-09-20,1221.3399658203125,28.774269104003906,12.640000343322754,4.34,1.74,25.73
2005-09-21,1210.199951171875,28.406034469604492,13.789999961853027,4.34,1.68,25.73
2005-09-22,1214.6199951171875,28.52044105529785,13.329999923706055,4.34,1.67,25.73
2005-09-23,1215.2900390625,28.620534896850586,12.960000038146973,4.34,1.74,25.73
2005-09-26,1215.6300048828125,28.659849166870117,13.039999961853027,4.34,1.78,25.73
2005-09-27,1215.6600341796875,28.679521560668945,12.760000228881836,4.34,1.77,25.73
2005-09-28,1216.8900146484375,28.733139038085938,12.630000114440918,4.34,1.73,25.73
2005-09-29,1227.6800537109375,28.958375930786133,12.239999771118164,4.34,1.75,25.73
2005-09-30,1228.81005859375,29.096033096313477,11.920000076293945,4.34,1.78,25.73
2005-10-03,1226.699951171875,29.119266510009766,12.460000038146973,4.34,1.84,24.88
2005-10-04,1214.469970703125,28.783201217651367,13.199999809265137,4.34,1.87,24.88
2005-10-05,1196.3900146484375,28.279111862182617,14.550000190734863,4.34,1.86,24.88
2005-10-06,1191.489990234375,28.128965377807617,14.960000038146973,4.34,1.91,24.88
2005-10-07,1195.9000244140625,28.234447479248047,14.59000015258789,4.34,1.9,24.88
2005-10-10,1187.3299560546875,27.900150299072266,15.550000190734863,4.34,1.9,24.88
2005-10-11,1184.8699951171875,27.758928298950195,15.630000114440918,4.34,1.92,24.88
2005-10-12,1177.6800537109375,27.474702835083008,16.219999313354492,4.34,1.96,24.88
2005-10-13,1176.8399658203125,27.490812301635742,16.469999313354492,4.34,1.96,24.88
2005-10-14,1186.5699462890625,27.801836013793945,14.869999885559082,4.34,1.98,24.88
2005-10-17,1190.0999755859375,27.896583557128906,14.670000076293945,4.34,1.94,24.88
2005-10-18,1178.1400146484375,27.598054885864258,15.329999923706055,4.34,1.92,24.88
2005-10-19,1195.760009765625,27.99131202697754,13.5,4.34,1.92,24.88
2005-10-20,1177.800048828125,27.598054885864258,16.110000610351562,4.34,1.92,24.88
2005-10-21,1179.5899658203125,27.72675895690918,16.1299991607666,4.34,1.89,24.88
2005-10-24,1199.3800048828125,28.189739227294922,14.739999771118164,4.34,1.93,24.88
2005-10-25,1196.5400390625,28.08426856994629,14.529999732971191,4.34,2.05,24.88
2005-10-26,1191.3800048828125,27.9752197265625,14.59000015258789,4.34,2.06,24.88
2005-10-27,1178.9000244140625,27.603410720825195,16.020000457763672,4.34,2.01,24.88
2005-10-28,1198.4100341796875,28.037784576416016,14.25,4.34,2.01,24.88
2005-10-31,1207.010009765625,28.31664276123047,15.319999694824219,4.34,2.0,24.88
2005-11-01,1202.760009765625,28.286258697509766,14.850000381469727,4.34,2.0,25.93
2005-11-02,1214.760009765625,28.659849166870117,13.479999542236328,4.34,2.02,25.93
2005-11-03,1219.93994140625,28.733139038085938,13.0,4.34,2.03,25.93
2005-11-04,1220.1400146484375,28.75103187561035,13.170000076293945,4.34,2.06,25.93
2005-11-07,1222.81005859375,28.822532653808594,13.100000381469727,4.34,2.03,25.93
2005-11-08,1218.5899658203125,28.720632553100586,13.079999923706055,4.34,2.01,25.93
2005-11-09,1220.6500244140625,28.759967803955078,12.800000190734863,4.34,2.08,25.93
2005-11-10,1230.9599609375,29.012014389038086,11.899999618530273,4.34,2.07,25.93
2005-11-11,1234.719970703125,29.083505630493164,11.630000114440918,4.34,2.07,25.93
2005-11-14,1233.760009765625,29.067411422729492,12.180000305175781,4.34,2.14,25.93
2005-11-15,1229.010009765625,28.93156623840332,12.229999542236328,4.34,2.12,25.93
2005-11-16,1231.2099609375,29.00486183166504,12.260000228881836,4.34,2.07,25.93
2005-11-17,1242.800048828125,29.367748260498047,11.25,4.34,2.04,25.93
2005-11-18,1248.27001953125,29.441024780273438,11.119999885559082,4.34,2.09,25.93
2005-11-21,1254.8499755859375,29.618005752563477,10.819999694824219,4.34,2.08,25.93
2005-11-22,1261.22998046875,29.75562858581543,10.600000381469727,4.34,2.03,25.93
2005-11-23,1265.6099853515625,29.871822357177734,10.960000038146973,4.34,2.08,25.93
2005-11-25,1268.25,29.896835327148438,10.880000114440918,4.34,2.05,25.93
2005-11-28,1257.4599609375,29.648365020751953,11.84000015258789,4.34,2.04,25.93
2005-11-29,1257.47998046875,29.737764358520508,11.890000343322754,4.34,2.11,25.93
2005-11-30,1249.47998046875,29.605480194091797,12.0600004196167,4.34,2.12,25.93
2005-12-01,1264.6700439453125,30.050579071044922,11.239999771118164,4.34,2.15,26.44
2005-12-02,1265.0799560546875,30.08454132080078,11.010000228881836,4.34,2.16,26.44
2005-12-05,1262.0899658203125,29.968368530273438,11.600000381469727,4.34,2.17,26.44
2005-12-06,1263.699951171875,30.0076847076416,11.520000457763672,4.34,2.12,26.44
2005-12-07,1257.3699951171875,29.85215950012207,12.180000305175781,4.34,2.18,26.44
2005-12-08,1255.8399658203125,29.877199172973633,12.210000038146973,4.34,2.14,26.44
2005-12-09,1259.3699951171875,30.005887985229492,11.6899995803833,4.34,2.18,26.44
2005-12-12,1260.4300537109375,30.057720184326172,11.470000267028809,4.34,2.17,26.44
2005-12-13,1267.4300537109375,30.207895278930664,11.109999656677246,4.34,2.16,26.44
2005-12-14,1272.739990234375,30.333019256591797,10.479999542236328,4.34,2.1,26.44
2005-12-15,1270.93994140625,30.241832733154297,10.729999542236328,4.34,2.12,26.44
2005-12-16,1267.3199462890625,30.209747314453125,10.680000305175781,4.34,2.11,26.44
2005-12-19,1259.9200439453125,29.92454719543457,11.380000114440918,4.34,2.11,26.44
2005-12-20,1259.6199951171875,29.94426727294922,11.1899995803833,4.34,2.12,26.44
2005-12-21,1262.7900390625,30.071638107299805,10.8100004196167,4.34,2.14,26.44
2005-12-22,1268.1199951171875,30.224096298217773,10.289999961853027,4.34,2.11,26.44
2005-12-23,1268.6600341796875,30.258167266845703,10.270000457763672,4.34,2.07,26.44
2005-12-27,1256.5400390625,29.969379425048828,11.569999694824219,4.34,2.05,26.44
2005-12-28,1258.1700439453125,30.077003479003906,11.350000381469727,4.34,2.1,26.44
2005-12-29,1254.4200439453125,29.955036163330078,11.609999656677246,4.34,2.07,26.44
2005-12-30,1248.2900390625,29.763111114501953,12.069999694824219,4.34,2.06,26.44
2006-01-03,1268.800048828125,30.27431869506836,11.140000343322754,4.34,2.03,26.47
2006-01-04,1273.4599609375,30.44829750061035,11.369999885559082,4.34,2.01,26.47
2006-01-05,1273.47998046875,30.44829750061035,11.3100004196167,4.34,2.04,26.47
2006-01-06,1285.449951171875,30.747846603393555,11.0,4.34,2.05,26.47
2006-01-09,1290.1500244140625,30.95773696899414,11.130000114440918,4.34,2.05,26.47
2006-01-10,1289.68994140625,30.96489143371582,10.859999656677246,4.34,2.06,26.47
2006-01-11,1294.1800537109375,31.031248092651367,10.9399995803833,4.34,2.07,26.47
2006-01-12,1286.06005859375,30.84471893310547,11.199999809265137,4.34,2.01,26.47
2006-01-13,1287.6099853515625,30.873414993286133,11.229999542236328,4.34,1.97,26.47
2006-01-17,1282.9300537109375,30.722749710083008,11.90999984741211,4.34,1.95,26.47
2006-01-18,1277.9300537109375,30.694042205810547,12.25,4.34,1.97,26.47
2006-01-19,1285.0400390625,30.938005447387695,11.979999542236328,4.34,1.97,26.47
2006-01-20,1261.489990234375,30.44829750061035,14.5600004196167,4.34,1.94,26.47
2006-01-23,1263.8199462890625,30.529006958007812,13.930000305175781,4.34,1.94,26.47
2006-01-24,1266.8599853515625,30.71737289428711,13.3100004196167,4.34,1.97,26.47
2006-01-25,1264.6800537109375,30.726333618164062,12.869999885559082,4.34,2.03,26.47
2006-01-26,1273.8299560546875,30.946962356567383,12.420000076293945,4.34,2.01,26.47
2006-01-27,1283.719970703125,31.13172149658203,11.970000267028809,4.34,2.02,26.47
2006-01-30,1285.18994140625,31.1496524810791,12.390000343322754,4.34,2.03,26.47
2006-01-31,1280.0799560546875,30.96131706237793,12.949999809265137,4.34,2.0,26.47
2006-02-01,1282.4599609375,31.099414825439453,12.359999656677246,4.34,2.02,26.25
2006-02-02,1270.8399658203125,30.828575134277344,13.229999542236328,4.34,2.04,26.25
2006-02-03,1264.030029296875,30.597187042236328,12.960000038146973,4.34,2.0,26.25
2006-02-06,1265.02001953125,30.76578712463379,13.039999961853027,4.34,2.0,26.25
2006-02-07,1254.780029296875,30.50571060180664,13.59000015258789,4.34,2.02,26.25
2006-02-08,1265.6500244140625,30.692245483398438,12.829999923706055,4.34,2.07,26.25
2006-02-09,1263.780029296875,30.64919662475586,13.119999885559082,4.34,2.05,26.25
2006-02-10,1266.989990234375,30.661762237548828,12.869999885559082,4.34,2.09,26.25
2006-02-13,1262.8599853515625,30.564899444580078,13.350000381469727,4.34,2.08,26.25
2006-02-14,1275.530029296875,30.84471893310547,12.25,4.34,2.14,26.25
2006-02-15,1280.0,31.016921997070312,12.3100004196167,4.34,2.13,26.25
2006-02-16,1289.3800048828125,31.237545013427734,11.479999542236328,4.34,2.1,26.25
2006-02-17,1287.239990234375,31.21063232421875,12.010000228881836,4.34,2.03,26.25
2006-02-21,1283.030029296875,31.12274932861328,12.40999984741211,4.34,2.04,26.25
2006-02-22,1292.6700439453125,31.323640823364258,11.880000114440918,4.34,2.01,26.25
2006-02-23,1287.7900390625,31.29313850402832,11.869999885559082,4.34,2.03,26.25
2006-02-24,1289.4300537109375,31.325435638427734,11.460000038146973,4.34,2.02,26.25
2006-02-27,1294.1199951171875,31.445619583129883,11.59000015258789,4.34,2.04,26.25
2006-02-28,1280.6600341796875,31.065349578857422,12.34000015258789,4.34,2.02,26.25
2006-03-01,1291.239990234375,31.364887237548828,11.539999961853027,4.34,2.02,26.33
2006-03-02,1289.1400146484375,31.354122161865234,11.720000267028809,4.34,2.05,26.33
2006-03-03,1287.22998046875,31.275203704833984,11.960000038146973,4.34,2.07,26.33
2006-03-06,1278.260009765625,30.97566032409668,12.739999771118164,4.34,2.14,26.33
2006-03-07,1275.8800048828125,30.859058380126953,12.65999984741211,4.34,2.16,26.33
2006-03-08,1278.469970703125,30.868024826049805,12.319999694824219,4.34,2.2,26.33
2006-03-09,1272.22998046875,30.798076629638672,12.680000305175781,4.34,2.2,26.33
2006-03-10,1281.4200439453125,31.04920196533203,11.850000381469727,4.34,2.23,26.33
2006-03-13,1284.1300048828125,31.12094497680664,11.369999885559082,4.34,2.24,26.33
2006-03-14,1297.47998046875,31.46175765991211,10.739999771118164,4.34,2.17,26.33
2006-03-15,1303.02001953125,31.671628952026367,11.350000381469727,4.34,2.18,26.33
2006-03-16,1305.3299560546875,31.782827377319336,11.979999542236328,4.34,2.12,26.33
2006-03-17,1307.25,31.842693328857422,12.119999885559082,4.34,2.16,26.33
2006-03-20,1305.0799560546875,31.736637115478516,11.789999961853027,4.34,2.15,26.33
2006-03-21,1297.22998046875,31.484912872314453,11.619999885559082,4.34,2.23,26.33
2006-03-22,1305.0400390625,31.693470001220703,11.210000038146973,4.34,2.23,26.33
2006-03-23,1301.6700439453125,31.7060604095459,11.170000076293945,4.34,2.24,26.33
2006-03-24,1302.949951171875,31.742021560668945,11.1899995803833,4.34,2.2,26.33
2006-03-27,1301.6099853515625,31.72403335571289,11.460000038146973,4.34,2.23,26.33
2006-03-28,1293.22998046875,31.57120704650879,11.579999923706055,4.34,2.3,26.33
2006-03-29,1302.8900146484375,31.85169219970703,10.949999809265137,4.34,2.32,26.33
2006-03-30,1300.25,31.72943115234375,11.569999694824219,4.34,2.35,26.33
2006-03-31,1294.8699951171875,31.716848373413086,11.390000343322754,4.34,2.35,26.33
2006-04-03,1297.81005859375,31.68807601928711,11.569999694824219,4.34,2.36,26.15
2006-04-04,1305.9300537109375,31.86065673828125,11.140000343322754,4.34,2.38,26.15
2006-04-05,1311.56005859375,31.991931915283203,11.130000114440918,4.34,2.34,26.15
2006-04-06,1309.0400390625,32.002723693847656,11.449999809265137,4.34,2.38,26.15
2006-04-07,1295.5,31.71143913269043,12.260000228881836,4.34,2.43,26.15
2006-04-10,1296.6199951171875,31.693470001220703,12.1899995803833,4.34,2.41,26.15
2006-04-11,1286.5699462890625,31.32126235961914,13.0,4.34,2.37,26.15
2006-04-12,1288.1199951171875,31.40218162536621,12.760000228881836,4.34,2.41,26.15
2006-04-13,1289.1199951171875,31.466922760009766,12.380000114440918,4.34,2.48,26.15
2006-04-17,1285.3299560546875,31.373416900634766,12.579999923706055,4.34,2.43,26.15
2006-04-18,1307.280029296875,31.96316909790039,11.399999618530273,4.34,2.38,26.15
2006-04-19,1309.9300537109375,32.110595703125,11.319999694824219,4.34,2.38,26.15
2006-04-20,1311.4599609375,32.101600646972656,11.640000343322754,4.34,2.42,26.15
2006-04-21,1311.280029296875,32.02250671386719,11.59000015258789,4.34,2.39,26.15
2006-04-24,1308.1099853515625,31.999122619628906,11.75,4.34,2.39,26.15
2006-04-25,1301.739990234375,31.87148094177246,11.75,4.34,2.47,26.15
2006-04-26,1305.4100341796875,31.954177856445312,11.760000228881836,4.34,2.51,26.15
2006-04-27,1309.719970703125,31.961368560791016,11.84000015258789,4.34,2.45,26.15
2006-04-28,1310.6099853515625,31.99013900756836,11.59000015258789,4.34,2.39,26.15
2006-05-01,1305.18994140625,31.824737548828125,12.539999961853027,4.34,2.42,25.65
2006-05-02,1313.2099609375,32.01170349121094,11.989999771118164,4.34,2.43,25.65
2006-05-03,1308.1199951171875,31.93977928161621,11.989999771118164,4.34,2.47,25.65
2006-05-04,1312.25,32.090816497802734,11.859999656677246,4.34,2.49,25.65
2006-05-05,1325.760009765625,32.42167282104492,11.619999885559082,4.34,2.45,25.65
2006-05-08,1324.6600341796875,32.46480941772461,12.0,4.34,2.45,25.65
2006-05-09,1325.1400146484375,32.4504280090332,11.989999771118164,4.34,2.43,25.65
2006-05-10,1322.8499755859375,32.428855895996094,11.779999732971191,4.34,2.43,25.65
2006-05-11,1305.9200439453125,31.946977615356445,12.489999771118164,4.34,2.43,25.65
2006-05-12,1291.239990234375,31.57301139831543,14.1899995803833,4.34,2.47,25.65
2006-05-15,1294.5,31.580188751220703,13.569999694824219,4.34,2.47,25.65
2006-05-16,1292.0799560546875,31.429153442382812,13.350000381469727,4.34,2.44,25.65
2006-05-17,1270.3199462890625,30.932903289794922,16.260000228881836,4.34,2.47,25.65
2006-05-18,1261.81005859375,30.73873519897461,16.989999771118164,4.34,2.41,25.65
2006-05-19,1267.030029296875,30.94009780883789,17.18000030517578,4.34,2.43,25.65
2006-05-22,1262.0699462890625,30.74593162536621,17.719999313354492,4.34,2.43,25.65
2006-05-23,1256.5799560546875,30.56610107421875,18.260000228881836,4.34,2.44,25.65
2006-05-24,1258.5699462890625,30.652433395385742,17.360000610351562,4.34,2.42,25.65
2006-05-25,1272.8800048828125,30.98324203491211,15.5,4.34,2.46,25.65
2006-05-26,1280.1600341796875,31.19182777404785,14.260000228881836,4.34,2.44,25.65
2006-05-30,1259.8699951171875,30.652433395385742,18.65999984741211,4.34,2.45,25.65
2006-05-31,1270.0899658203125,31.040802001953125,16.440000534057617,4.34,2.48,25.65
2006-06-01,1285.7099609375,31.40039825439453,14.520000457763672,4.34,2.46,24.75
2006-06-02,1288.219970703125,31.43634605407715,14.319999694824219,4.34,2.37,24.75
2006-06-05,1265.2900390625,30.918529510498047,16.649999618530273,4.34,2.4,24.75
2006-06-06,1263.8499755859375,30.731542587280273,17.34000015258789,4.34,2.44,24.75
2006-06-07,1256.1500244140625,30.551729202270508,17.799999237060547,4.34,2.48,24.75
2006-06-08,1257.9300537109375,30.515764236450195,18.350000381469727,4.34,2.47,24.75
2006-06-09,1252.300048828125,30.50857925415039,18.1200008392334,4.34,2.45,24.75
2006-06-12,1237.43994140625,30.019527435302734,20.959999084472656,4.34,2.45,24.75
2006-06-13,1223.68994140625,29.674312591552734,23.809999465942383,4.34,2.44,24.75
2006-06-14,1230.0400390625,29.818157196044922,21.459999084472656,4.34,2.5,24.75
2006-06-15,1256.1600341796875,30.58051109313965,15.899999618530273,4.34,2.52,24.75
2006-06-16,1251.5400390625,30.297008514404297,17.25,4.34,2.54,24.75
2006-06-19,1240.1300048828125,30.080608367919922,17.829999923706055,4.34,2.58,24.75
2006-06-20,1240.1199951171875,30.073392868041992,16.690000534057617,4.34,2.58,24.75
2006-06-21,1252.199951171875,30.441287994384766,15.520000457763672,4.34,2.59,24.75
2006-06-22,1245.5999755859375,30.253725051879883,15.880000114440918,4.34,2.61,24.75
2006-06-23,1244.5,30.333086013793945,15.890000343322754,4.34,2.64,24.75
2006-06-26,1250.56005859375,30.441287994384766,15.619999885559082,4.34,2.67,24.75
2006-06-27,1239.199951171875,30.14552879333496,16.399999618530273,4.34,2.63,24.75
2006-06-28,1246.0,30.224878311157227,15.789999961853027,4.34,2.68,24.75
2006-06-29,1272.8699951171875,30.982288360595703,13.029999732971191,4.34,2.61,24.75
2006-06-30,1270.199951171875,30.953439712524414,13.079999923706055,4.34,2.54,24.75
2006-07-03,1280.18994140625,31.162628173828125,13.050000190734863,4.34,2.56,24.7
2006-07-05,1270.9100341796875,30.852466583251953,14.149999618530273,4.34,2.63,24.7
2006-07-06,1274.0799560546875,30.85967254638672,13.649999618530273,4.34,2.59,24.7
2006-07-07,1265.47998046875,30.679330825805664,13.970000267028809,4.34,2.55,24.7
2006-07-10,1267.3399658203125,30.614395141601562,14.020000457763672,4.34,2.56,24.7
2006-07-11,1272.4300537109375,30.773107528686523,13.140000343322754,4.34,2.53,24.7
2006-07-12,1258.5999755859375,30.49897575378418,14.489999771118164,4.34,2.54,24.7
2006-07-13,1242.280029296875,29.99404525756836,17.790000915527344,4.34,2.51,24.7
2006-07-14,1236.199951171875,29.734342575073242,18.049999237060547,4.34,2.5,24.7
2006-07-17,1234.489990234375,29.71270751953125,18.639999389648438,4.34,2.49,24.7
2006-07-18,1236.8599853515625,29.705501556396484,17.739999771118164,4.34,2.55,24.7
2006-07-19,1259.81005859375,30.224878311157227,15.550000190734863,4.34,2.49,24.7
2006-07-20,1249.1300048828125,29.914701461791992,16.209999084472656,4.34,2.45,24.7
2006-07-21,1240.2900390625,29.5900821685791,17.399999618530273,4.34,2.49,24.7
2006-07-24,1260.9100341796875,30.123891830444336,14.979999542236328,4.34,2.49,24.7
2006-07-25,1268.8800048828125,30.275362014770508,14.850000381469727,4.34,2.48,24.7
2006-07-26,1268.4000244140625,30.3691349029541,14.619999885559082,4.34,2.44,24.7
2006-07-27,1263.199951171875,30.188800811767578,14.9399995803833,4.34,2.47,24.7
2006-07-28,1278.550048828125,30.49897575378418,14.329999923706055,4.34,2.41,24.7
2006-07-31,1276.6600341796875,30.542266845703125,14.949999809265137,4.34,2.41,24.7
2006-08-01,1270.9200439453125,30.347517013549805,15.050000190734863,4.34,2.4,25.05
2006-08-02,1277.4100341796875,30.520626068115234,14.34000015258789,4.34,2.36,25.05
2006-08-03,1280.27001953125,30.672121047973633,14.460000038146973,4.34,2.35,25.05
2006-08-04,1279.3599853515625,30.607177734375,14.34000015258789,4.34,2.3,25.05
2006-08-07,1275.77001953125,30.513418197631836,15.229999542236328,4.34,2.29,25.05
2006-08-08,1271.47998046875,30.376367568969727,15.229999542236328,4.34,2.27,25.05
2006-08-09,1265.949951171875,30.159955978393555,15.199999809265137,4.34,2.28,25.05
2006-08-10,1271.81005859375,30.3619384765625,14.460000038146973,4.34,2.3,25.05
2006-08-11,1266.739990234375,30.20322608947754,14.300000190734863,4.34,2.33,25.05
2006-08-14,1268.2099609375,30.275362014770508,14.260000228881836,4.34,2.36,25.05
2006-08-15,1285.5799560546875,30.75146484375,13.420000076293945,4.34,2.32,25.05
2006-08-16,1295.4300537109375,31.104948043823242,12.40999984741211,4.34,2.28,25.05
2006-08-17,1297.47998046875,31.227558135986328,12.239999771118164,4.34,2.28,25.05
2006-08-18,1302.300048828125,31.25640869140625,11.640000343322754,4.34,2.26,25.05
2006-08-21,1297.52001953125,31.112138748168945,12.220000267028809,4.34,2.23,25.05
2006-08-22,1298.8199462890625,31.14100456237793,12.1899995803833,4.34,2.22,25.05
2006-08-23,1292.989990234375,30.946231842041016,12.399999618530273,4.34,2.25,25.05
2006-08-24,1296.06005859375,30.888532638549805,12.399999618530273,4.34,2.28,25.05
2006-08-25,1295.0899658203125,30.924591064453125,12.3100004196167,4.34,2.24,25.05
2006-08-28,1301.780029296875,31.133798599243164,12.180000305175781,4.34,2.28,25.05
2006-08-29,1304.280029296875,31.278066635131836,12.279999732971191,4.34,2.29,25.05
2006-08-30,1305.3699951171875,31.328542709350586,12.220000267028809,4.34,2.28,25.05
2006-08-31,1303.8199462890625,31.379045486450195,12.3100004196167,4.34,2.24,25.05
2006-09-01,1311.010009765625,31.508888244628906,11.960000038146973,4.34,2.25,25.64
2006-09-05,1313.25,31.55938720703125,12.630000114440918,4.34,2.31,25.64
2006-09-06,1300.260009765625,31.191503524780273,13.739999771118164,4.34,2.32,25.64
2006-09-07,1294.02001953125,31.047224044799805,13.880000114440918,4.34,2.34,25.64
2006-09-08,1298.9200439453125,31.249210357666016,13.15999984741211,4.34,2.35,25.64
2006-09-11,1299.5400390625,31.292484283447266,12.989999771118164,4.34,2.38,25.64
2006-09-12,1313.0,31.71807861328125,11.920000076293945,4.34,2.36,25.64
2006-09-13,1318.0699462890625,31.869569778442383,11.180000305175781,4.34,2.35,25.64
2006-09-14,1316.280029296875,31.797447204589844,11.550000190734863,4.34,2.35,25.64
2006-09-15,1319.6600341796875,31.921127319335938,11.760000228881836,4.34,2.38,25.64
2006-09-18,1321.1800537109375,31.906660079956055,11.779999732971191,4.34,2.39,25.64
2006-09-19,1317.6400146484375,31.84879493713379,11.979999542236328,4.34,2.35,25.64
2006-09-20,1325.1800537109375,32.0079345703125,11.390000343322754,4.34,2.39,25.64
2006-09-21,1318.030029296875,31.776458740234375,12.25,4.34,2.31,25.64
2006-09-22,1314.780029296875,31.70411491394043,12.59000015258789,4.34,2.27,25.64
2006-09-25,1326.3699951171875,32.0079345703125,12.119999885559082,4.34,2.24,25.64
2006-09-26,1336.3499755859375,32.21770095825195,11.529999732971191,4.34,2.25,25.64
2006-09-27,1336.5899658203125,32.22492980957031,11.579999923706055,4.34,2.26,25.64
2006-09-28,1338.8800048828125,32.25385665893555,11.720000267028809,4.34,2.27,25.64
2006-09-29,1335.8499755859375,32.13088607788086,11.979999542236328,4.34,2.27,25.64
2006-10-02,1331.3199462890625,32.087493896484375,12.569999694824219,4.34,2.27,26.54
2006-10-03,1334.1099853515625,32.0079345703125,12.239999771118164,4.34,2.29,26.54
2006-10-04,1350.199951171875,32.441925048828125,11.859999656677246,4.34,2.27,26.54
2006-10-05,1353.219970703125,32.61553192138672,11.979999542236328,4.34,2.31,26.54
2006-10-06,1349.5899658203125,32.5142707824707,11.5600004196167,4.34,2.37,26.54
2006-10-09,1350.6600341796875,32.57212448120117,11.680000305175781,4.34,2.37,26.54
2006-10-10,1353.4200439453125,32.65168762207031,11.520000457763672,4.34,2.42,26.54
2006-10-11,1349.949951171875,32.61553192138672,11.619999885559082,4.34,2.45,26.54
2006-10-12,1362.8299560546875,32.941036224365234,11.09000015258789,4.34,2.44,26.54
2006-10-13,1365.6199951171875,33.013362884521484,10.75,4.34,2.47,26.54
2006-10-16,1369.06005859375,33.13633346557617,11.09000015258789,4.34,2.45,26.54
2006-10-17,1364.050048828125,33.0278434753418,11.729999542236328,4.34,2.46,26.54
2006-10-18,1365.800048828125,33.013362884521484,11.34000015258789,4.34,2.46,26.54
2006-10-19,1366.9599609375,33.05677795410156,10.899999618530273,4.34,2.49,26.54
2006-10-20,1368.5999755859375,32.91932678222656,10.630000114440918,4.34,2.49,26.54
2006-10-23,1377.02001953125,33.15804672241211,11.079999923706055,4.34,2.53,26.54
2006-10-24,1377.3800048828125,33.244842529296875,10.779999732971191,4.34,2.52,26.54
2006-10-25,1382.219970703125,33.31718444824219,10.65999984741211,4.34,2.44,26.54
2006-10-26,1389.0799560546875,33.461830139160156,10.5600004196167,4.34,2.41,26.54
2006-10-27,1377.3399658203125,33.2520637512207,10.800000190734863,4.34,2.37,26.54
2006-10-30,1377.9300537109375,33.346107482910156,11.199999809265137,4.34,2.39,26.54
2006-10-31,1377.93994140625,33.338890075683594,11.100000381469727,4.34,2.34,26.54
2006-11-01,1367.81005859375,33.05677795410156,11.510000228881836,4.34,2.29,26.93
2006-11-02,1367.3399658203125,33.05677795410156,11.420000076293945,4.34,2.32,26.93
2006-11-03,1364.300048828125,32.969970703125,11.15999984741211,4.34,2.4,26.93
2006-11-06,1379.780029296875,33.30271911621094,11.15999984741211,4.34,2.36,26.93
2006-11-07,1382.8399658203125,33.40398406982422,11.09000015258789,4.34,2.32,26.93
2006-11-08,1385.719970703125,33.519710540771484,10.75,4.34,2.29,26.93
2006-11-09,1378.3299560546875,33.375030517578125,11.010000228881836,4.34,2.28,26.93
2006-11-10,1380.9000244140625,33.490787506103516,10.789999961853027,4.34,2.25,26.93
2006-11-13,1384.4200439453125,33.60650634765625,10.859999656677246,4.34,2.29,26.93
2006-11-14,1393.219970703125,33.82353210449219,10.5,4.34,2.28,26.93
2006-11-15,1396.5699462890625,34.018836975097656,10.3100004196167,4.34,2.3,26.93
2006-11-16,1399.760009765625,34.076690673828125,10.15999984741211,4.34,2.38,26.93
2006-11-17,1401.199951171875,34.06222152709961,10.050000190734863,4.34,2.33,26.93
2006-11-20,1400.5,34.02606201171875,9.970000267028809,4.34,2.33,26.93
2006-11-21,1402.81005859375,34.21412658691406,9.899999618530273,4.34,2.31,26.93
2006-11-22,1406.0899658203125,34.286476135253906,10.140000343322754,4.34,2.3,26.93
2006-11-24,1400.949951171875,34.221343994140625,10.729999542236328,4.34,2.27,26.93
2006-11-27,1381.9599609375,33.66438674926758,12.300000190734863,4.34,2.24,26.93
2006-11-28,1386.719970703125,33.729488372802734,11.619999885559082,4.34,2.21,26.93
2006-11-29,1399.47998046875,34.06943130493164,10.829999923706055,4.34,2.22,26.93
2006-11-30,1400.6300048828125,34.17073059082031,10.90999984741211,4.34,2.16,26.93
2006-12-01,1396.7099609375,34.03327560424805,11.65999984741211,4.34,2.1,27.28
2006-12-04,1409.1199951171875,34.416656494140625,11.229999542236328,4.34,2.11,27.28
2006-12-05,1414.760009765625,34.5251579284668,11.270000457763672,4.34,2.11,27.28
2006-12-06,1412.9000244140625,34.5757942199707,11.329999923706055,4.34,2.14,27.28
2006-12-07,1407.2900390625,34.402198791503906,12.670000076293945,4.34,2.15,27.28
2006-12-08,1409.8399658203125,34.452842712402344,12.069999694824219,4.34,2.21,27.28
2006-12-11,1413.0400390625,34.4672966003418,10.710000038146973,4.34,2.17,27.28
2006-12-12,1411.56005859375,34.416656494140625,10.649999618530273,4.34,2.15,27.28
2006-12-13,1413.2099609375,34.47452163696289,10.180000305175781,4.34,2.22,27.28
2006-12-14,1425.489990234375,34.727699279785156,9.970000267028809,4.34,2.23,27.28
2006-12-15,1427.0899658203125,34.69792175292969,10.050000190734863,4.34,2.29,27.28
2006-12-18,1422.47998046875,34.50194549560547,10.600000381469727,4.34,2.31,27.28
2006-12-19,1425.550048828125,34.54548645019531,10.300000190734863,4.34,2.31,27.28
2006-12-20,1423.530029296875,34.567264556884766,10.260000228881836,4.34,2.32,27.28
2006-12-21,1418.300048828125,34.385807037353516,10.529999732971191,4.34,2.29,27.28
2006-12-22,1410.760009765625,34.21883773803711,11.359999656677246,4.34,2.35,27.28
2006-12-26,1416.9000244140625,34.3785514831543,11.260000228881836,4.34,2.34,27.28
2006-12-27,1426.8399658203125,34.5963020324707,10.640000343322754,4.34,2.39,27.28
2006-12-28,1424.72998046875,34.49467849731445,10.989999771118164,4.34,2.41,27.28
2006-12-29,1418.300048828125,34.364017486572266,11.5600004196167,4.34,2.41,27.28
2007-01-03,1416.5999755859375,34.34950256347656,12.039999961853027,4.34,2.36,27.21
2007-01-04,1418.3399658203125,34.40031051635742,11.510000228881836,4.34,2.36,27.21
2007-01-05,1409.7099609375,34.168025970458984,12.140000343322754,4.34,2.38,27.21
2007-01-08,1412.8399658203125,34.240604400634766,12.0,4.34,2.38,27.21
2007-01-09,1412.1099853515625,34.28416061401367,11.90999984741211,4.34,2.39,27.21
2007-01-10,1414.8499755859375,34.385807037353516,11.470000267028809,4.34,2.42,27.21
2007-01-11,1423.8199462890625,34.61808776855469,10.869999885559082,4.34,2.43,27.21
2007-01-12,1430.72998046875,34.77779006958008,10.149999618530273,4.34,2.49,27.21
2007-01-16,1431.9000244140625,34.80683135986328,10.739999771118164,4.34,2.48,27.21
2007-01-17,1430.6199951171875,34.7995719909668,10.59000015258789,4.34,2.5,27.21
2007-01-18,1426.3699951171875,34.58903884887695,10.850000381469727,4.34,2.47,27.21
2007-01-19,1430.5,34.821319580078125,10.399999618530273,4.34,2.47,27.21
2007-01-22,1422.949951171875,34.62533187866211,10.770000457763672,4.34,2.44,27.21
2007-01-23,1427.989990234375,34.821319580078125,10.34000015258789,4.34,2.46,27.21
2007-01-24,1440.1300048828125,35.08267593383789,9.890000343322754,4.34,2.44,27.21
2007-01-25,1423.9000244140625,34.7197151184082,11.220000267028809,4.34,2.48,27.21
2007-01-26,1422.1800537109375,34.73420715332031,11.130000114440918,4.34,2.48,27.21
2007-01-29,1420.6199951171875,34.756011962890625,11.449999809265137,4.34,2.5,27.21
2007-01-30,1428.8199462890625,34.966495513916016,10.960000038146973,4.34,2.46,27.21
2007-01-31,1438.239990234375,35.19154357910156,10.420000076293945,4.34,2.4,27.21
2007-02-01,1445.93994140625,35.44561004638672,10.3100004196167,4.34,2.42,27.32
2007-02-02,1448.3900146484375,35.539981842041016,10.079999923706055,4.34,2.42,27.32
2007-02-05,1446.989990234375,35.539981842041016,10.550000190734863,4.34,2.41,27.32
2007-02-06,1448.0,35.612548828125,10.649999618530273,4.34,2.4,27.32
2007-02-07,1450.02001953125,35.7214469909668,10.319999694824219,4.34,2.4,27.32
2007-02-08,1448.31005859375,35.96098327636719,10.4399995803833,4.34,2.39,27.32
2007-02-09,1438.06005859375,35.51093292236328,11.100000381469727,4.34,2.43,27.32
2007-02-12,1433.3699951171875,35.36575698852539,11.609999656677246,4.34,2.46,27.32
2007-02-13,1444.260009765625,35.64885330200195,10.34000015258789,4.34,2.46,27.32
2007-02-14,1455.300048828125,35.96824264526367,10.229999542236328,4.34,2.38,27.32
2007-02-15,1456.81005859375,36.05534744262695,10.220000267028809,4.34,2.38,27.32
2007-02-16,1455.5400390625,36.04085159301758,10.020000457763672,4.34,2.36,27.32
2007-02-20,1459.6800537109375,36.20054626464844,10.239999771118164,4.34,2.36,27.32
2007-02-21,1457.6300048828125,36.24409484863281,10.199999809265137,4.34,2.33,27.32
2007-02-22,1456.3800048828125,36.22233581542969,10.180000305175781,4.34,2.35,27.32
2007-02-23,1451.18994140625,36.18601608276367,10.579999923706055,4.34,2.3,27.32
2007-02-26,1449.3699951171875,36.135215759277344,11.149999618530273,4.34,2.26,27.32
2007-02-27,1399.0400390625,34.77051544189453,18.309999465942383,4.34,2.14,27.32
2007-02-28,1406.8199462890625,35.02458953857422,15.420000076293945,4.34,2.2,27.32
2007-03-01,1403.1700439453125,34.91572570800781,15.819999694824219,4.34,2.19,26.23
2007-03-02,1387.1700439453125,34.422088623046875,18.610000610351562,4.34,2.15,26.23
2007-03-05,1374.1199951171875,34.059139251708984,19.6299991607666,4.34,2.17,26.23
2007-03-06,1395.4100341796875,34.54548645019531,15.960000038146973,4.34,2.19,26.23
2007-03-07,1391.969970703125,34.57453536987305,15.239999771118164,4.34,2.16,26.23
2007-03-08,1401.8900146484375,34.87215042114258,14.289999961853027,4.34,2.17,26.23
2007-03-09,1402.8399658203125,34.92294692993164,14.09000015258789,4.34,2.25,26.23
2007-03-12,1406.5999755859375,35.01006317138672,13.989999771118164,4.34,2.22,26.23
2007-03-13,1377.949951171875,34.31321716308594,18.1299991607666,4.34,2.15,26.23
2007-03-14,1387.1700439453125,34.49467849731445,17.270000457763672,4.34,2.18,26.23
2007-03-15,1392.280029296875,34.70519256591797,16.43000030517578,4.34,2.17,26.23
2007-03-16,1386.949951171875,34.57135772705078,16.790000915527344,4.34,2.16,26.23
2007-03-19,1402.06005859375,34.971405029296875,14.59000015258789,4.34,2.18,26.23
2007-03-20,1410.93994140625,35.13141632080078,13.270000457763672,4.34,2.17,26.23
2007-03-21,1435.0400390625,35.65513229370117,12.1899995803833,4.34,2.14,26.23
2007-03-22,1434.5400390625,35.67694091796875,12.930000305175781,4.34,2.17,26.23
2007-03-23,1436.1099853515625,35.74967956542969,12.949999809265137,4.34,2.19,26.23
2007-03-26,1437.5,35.74967956542969,13.15999984741211,4.34,2.16,26.23
2007-03-27,1428.6099853515625,35.524200439453125,13.479999542236328,4.34,2.16,26.23
2007-03-28,1417.22998046875,35.240535736083984,14.979999542236328,4.34,2.17,26.23
2007-03-29,1422.530029296875,35.32054901123047,15.140000343322754,4.34,2.18,26.23
2007-03-30,1420.8599853515625,35.31326675415039,14.640000343322754,4.34,2.21,26.23
2007-04-02,1424.550048828125,35.48055648803711,14.529999732971191,4.34,2.21,26.98
2007-04-03,1437.77001953125,35.82241439819336,13.460000038146973,4.34,2.25,26.98
2007-04-04,1439.3699951171875,35.81514358520508,13.239999771118164,4.34,2.23,26.98
2007-04-05,1443.760009765625,35.94605255126953,13.229999542236328,4.34,2.22,26.98
2007-04-09,1444.6099853515625,35.99698257446289,13.140000343322754,4.34,2.27,26.98
2007-04-10,1448.3900146484375,36.04061508178711,12.680000305175781,4.34,2.27,26.98
2007-04-11,1438.8699951171875,35.81514358520508,13.489999771118164,4.34,2.28,26.98
2007-04-12,1447.800048828125,36.06245803833008,12.710000038146973,4.34,2.28,26.98
2007-04-13,1452.8499755859375,36.164283752441406,12.199999809265137,4.34,2.31,26.98
2007-04-16,1468.3299560546875,36.53520584106445,11.979999542236328,4.34,2.3,26.98
2007-04-17,1471.47998046875,36.57887649536133,12.140000343322754,4.34,2.29,26.98
2007-04-18,1472.5,36.67341995239258,12.420000076293945,4.34,2.26,26.98
2007-04-19,1470.72998046875,36.63705825805664,12.539999961853027,4.34,2.27,26.98
2007-04-20,1484.3499755859375,36.869808197021484,12.069999694824219,4.34,2.27,26.98
2007-04-23,1480.9300537109375,36.92799377441406,13.039999961853027,4.34,2.25,26.98
2007-04-24,1480.4100341796875,36.92799377441406,13.119999885559082,4.34,2.21,26.98
2007-04-25,1495.4200439453125,37.2989387512207,13.210000038146973,4.34,2.22,26.98
2007-04-26,1494.25,37.3353271484375,12.789999961853027,4.34,2.26,26.98
2007-04-27,1494.0699462890625,37.25530242919922,12.449999809265137,4.34,2.25,26.98
2007-04-30,1482.3699951171875,36.869808197021484,14.220000267028809,4.34,2.2,26.98
2007-05-01,1486.300048828125,36.94981384277344,13.510000228881836,4.34,2.19,27.55
2007-05-02,1495.9200439453125,37.240760803222656,13.079999923706055,4.34,2.22,27.55
2007-05-03,1502.3900146484375,37.38622283935547,13.09000015258789,4.34,2.25,27.55
2007-05-04,1505.6199951171875,37.415340423583984,12.90999984741211,4.34,2.24,27.55
2007-05-07,1509.47998046875,37.48078155517578,13.149999618530273,4.34,2.27,27.55
2007-05-08,1507.719970703125,37.45896530151367,13.210000038146973,4.34,2.27,27.55
2007-05-09,1512.5799560546875,37.618988037109375,12.880000114440918,4.34,2.29,27.55
2007-05-10,1491.469970703125,37.16801071166992,13.600000381469727,4.34,2.27,27.55
2007-05-11,1505.8499755859375,37.429866790771484,12.949999809265137,4.34,2.3,27.55
2007-05-14,1503.1500244140625,37.3353271484375,13.960000038146973,4.34,2.32,27.55
2007-05-15,1501.18994140625,37.284400939941406,14.010000228881836,4.34,2.37,27.55
2007-05-16,1514.1400146484375,37.509883880615234,13.5,4.34,2.38,27.55
2007-05-17,1512.75,37.538978576660156,13.510000228881836,4.34,2.41,27.55
2007-05-18,1522.75,37.728084564208984,12.760000228881836,4.34,2.46,27.55
2007-05-21,1525.0999755859375,37.81538009643555,13.300000190734863,4.34,2.43,27.55
2007-05-22,1524.1199951171875,37.786277770996094,13.0600004196167,4.34,2.48,27.55
2007-05-23,1522.280029296875,37.74992752075195,13.239999771118164,4.34,2.5,27.55
2007-05-24,1507.510009765625,37.32805252075195,14.079999923706055,4.34,2.48,27.55
2007-05-25,1515.72998046875,37.51715850830078,13.34000015258789,4.34,2.49,27.55
2007-05-29,1518.1099853515625,37.62627029418945,13.529999732971191,4.34,2.54,27.55
2007-05-30,1530.22998046875,37.931766510009766,12.829999923706055,4.34,2.52,27.55
2007-05-31,1530.6199951171875,38.062686920166016,13.050000190734863,4.34,2.54,27.55
2007-06-01,1536.3399658203125,38.21543502807617,12.779999732971191,4.34,2.57,27.42
2007-06-04,1539.1800537109375,38.30997848510742,13.289999961853027,4.34,2.55,27.42
2007-06-05,1530.949951171875,38.11359786987305,13.630000114440918,4.34,2.6,27.42
2007-06-06,1517.3800048828125,37.74992752075195,14.869999885559082,4.34,2.58,27.42
2007-06-07,1490.719970703125,36.9643669128418,17.059999465942383,4.34,2.7,27.42
2007-06-08,1507.6700439453125,37.46623992919922,14.84000015258789,4.34,2.69,27.42
2007-06-11,1509.1199951171875,37.473514556884766,14.710000038146973,4.34,2.72,27.42
2007-06-12,1493.0,37.05892562866211,16.670000076293945,4.34,2.83,27.42
2007-06-13,1515.6700439453125,37.66991424560547,14.729999542236328,4.34,2.75,27.42
2007-06-14,1522.969970703125,37.80083465576172,13.640000343322754,4.34,2.77,27.42
2007-06-15,1532.9100341796875,37.940181732177734,13.9399995803833,4.34,2.73,27.42
2007-06-18,1531.050048828125,38.005859375,13.420000076293945,4.34,2.73,27.42
2007-06-19,1533.699951171875,38.05691909790039,12.850000381469727,4.34,2.67,27.42
2007-06-20,1512.8399658203125,37.5899772644043,14.670000076293945,4.34,2.73,27.42
2007-06-21,1522.18994140625,37.786956787109375,14.210000038146973,4.34,2.74,27.42
2007-06-22,1502.56005859375,37.502410888671875,15.75,4.34,2.7,27.42
2007-06-25,1497.739990234375,37.137596130371094,16.649999618530273,4.34,2.67,27.42
2007-06-26,1492.8900146484375,37.07924270629883,18.889999389648438,4.34,2.7,27.42
2007-06-27,1506.3399658203125,37.36379623413086,15.529999732971191,4.34,2.7,27.42
2007-06-28,1505.7099609375,37.429466247558594,15.539999961853027,4.34,2.73,27.42
2007-06-29,1503.3499755859375,37.35649108886719,16.229999542236328,4.34,2.65,27.42
2007-07-02,1519.4300537109375,37.76507568359375,15.399999618530273,4.34,2.61,27.41
2007-07-03,1524.8699951171875,37.82344436645508,14.920000076293945,4.34,2.68,27.41
2007-07-05,1525.4000244140625,37.91828918457031,15.479999542236328,4.34,2.76,27.41
2007-07-06,1530.43994140625,38.09340286254883,14.720000267028809,4.34,2.79,27.41
2007-07-09,1531.8499755859375,38.07151412963867,15.15999984741211,4.34,2.75,27.41
2007-07-10,1510.1199951171875,37.54618835449219,17.56999969482422,4.34,2.64,27.41
2007-07-11,1518.760009765625,37.64834213256836,16.639999389648438,4.34,2.71,27.41
2007-07-12,1547.699951171875,38.28311538696289,15.539999961853027,4.34,2.74,27.41
2007-07-13,1552.5,38.37795639038086,15.149999618530273,4.34,2.73,27.41
2007-07-16,1549.52001953125,38.2247428894043,15.59000015258789,4.34,2.69,27.41
2007-07-17,1549.3699951171875,38.27582931518555,15.630000114440918,4.34,2.73,27.41
2007-07-18,1546.1700439453125,38.21015930175781,16.0,4.34,2.64,27.41
2007-07-19,1553.0799560546875,38.414451599121094,15.229999542236328,4.34,2.65,27.41
2007-07-20,1534.0999755859375,37.89641189575195,16.950000762939453,4.34,2.6,27.41
2007-07-23,1541.5699462890625,37.940181732177734,16.809999465942383,4.34,2.63,27.41
2007-07-24,1511.0400390625,37.26895523071289,18.549999237060547,4.34,2.58,27.41
2007-07-25,1518.0899658203125,37.20328140258789,18.100000381469727,4.34,2.56,27.41
2007-07-26,1482.6600341796875,36.21828079223633,20.739999771118164,4.34,2.47,27.41
2007-07-27,1458.949951171875,35.539730072021484,24.170000076293945,4.34,2.48,27.41
2007-07-30,1473.9100341796875,36.07965850830078,20.8700008392334,4.34,2.49,27.41
2007-07-31,1455.27001953125,35.67108154296875,23.520000457763672,4.34,2.44,27.41
2007-08-01,1465.81005859375,35.80970764160156,23.670000076293945,4.34,2.44,26.15
2007-08-02,1472.199951171875,36.043182373046875,21.219999313354492,4.34,2.46,26.15
2007-08-03,1433.06005859375,35.03630828857422,25.15999984741211,4.34,2.44,26.15
2007-08-06,1467.6700439453125,35.62730026245117,22.940000534057617,4.34,2.46,26.15
2007-08-07,1476.7099609375,35.824275970458984,21.559999465942383,4.34,2.51,26.15
2007-08-08,1497.489990234375,36.298545837402344,21.450000762939453,4.34,2.58,26.15
2007-08-09,1453.0899658203125,35.393821716308594,26.479999542236328,4.34,2.54,26.15
2007-08-10,1453.6400146484375,35.393821716308594,28.299999237060547,4.34,2.56,26.15
2007-08-13,1452.9200439453125,35.48867416381836,26.56999969482422,4.34,2.52,26.15
2007-08-14,1426.5400390625,34.686092376708984,27.68000030517578,4.34,2.49,26.15
2007-08-15,1406.699951171875,34.16805648803711,30.670000076293945,4.34,2.46,26.15
2007-08-16,1411.27001953125,34.24101257324219,30.829999923706055,4.34,2.39,26.15
2007-08-17,1445.93994140625,35.07278823852539,29.989999771118164,4.34,2.45,26.15
2007-08-20,1445.550048828125,35.05817794799805,26.329999923706055,4.34,2.44,26.15
2007-08-21,1447.1199951171875,35.05817794799805,25.25,4.34,2.38,26.15
2007-08-22,1464.0699462890625,35.619991302490234,22.889999389648438,4.34,2.42,26.15
2007-08-23,1462.5,35.532447814941406,22.6200008392334,4.34,2.39,26.15
2007-08-24,1479.3699951171875,35.98479461669922,20.719999313354492,4.34,2.4,26.15
2007-08-27,1466.7900390625,35.43758773803711,22.719999313354492,4.34,2.38,26.15
2007-08-28,1432.3599853515625,34.78095245361328,26.299999237060547,4.34,2.33,26.15
2007-08-29,1463.760009765625,35.44487762451172,23.809999465942383,4.34,2.38,26.15
2007-08-30,1457.6400146484375,35.29167556762695,25.059999465942383,4.34,2.32,26.15
2007-08-31,1473.989990234375,35.70024871826172,23.3799991607666,4.34,2.34,26.15
2007-09-04,1489.4200439453125,36.17451477050781,22.780000686645508,4.34,2.36,26.73
2007-09-05,1472.2900390625,35.48867416381836,24.579999923706055,4.34,2.29,26.73
2007-09-06,1478.550048828125,35.773231506347656,23.989999771118164,4.34,2.32,26.73
2007-09-07,1453.550048828125,35.218727111816406,26.229999542236328,4.34,2.19,26.73
2007-09-10,1451.699951171875,34.948753356933594,27.3799991607666,4.34,2.14,26.73
2007-09-11,1471.489990234375,35.40841293334961,25.270000457763672,4.34,2.16,26.73
2007-09-12,1471.56005859375,35.350040435791016,24.959999084472656,4.34,2.18,26.73
2007-09-13,1483.949951171875,35.583526611328125,24.760000228881836,4.34,2.24,26.73
2007-09-14,1484.25,35.707557678222656,24.920000076293945,4.34,2.2,26.73
2007-09-17,1476.6500244140625,35.495967864990234,26.479999542236328,4.34,2.21,26.73
2007-09-18,1519.780029296875,36.58310317993164,20.350000381469727,4.34,2.19,26.73
2007-09-19,1529.030029296875,36.838470458984375,20.030000686645508,4.34,2.21,26.73
2007-09-20,1518.75,36.50284194946289,20.450000762939453,4.34,2.34,26.73
2007-09-21,1525.75,36.58189392089844,19.0,4.34,2.31,26.73
2007-09-24,1517.72998046875,36.391578674316406,19.3700008392334,4.34,2.33,26.73
2007-09-25,1517.2099609375,36.35498809814453,18.600000381469727,4.34,2.34,26.73
2007-09-26,1525.4200439453125,36.55260467529297,17.6299991607666,4.34,2.34,26.73
2007-09-27,1531.3800048828125,36.68437576293945,17.0,4.34,2.27,26.73
2007-09-28,1526.75,36.58920669555664,18.0,4.34,2.27,26.73
2007-10-01,1547.0400390625,37.08692169189453,17.84000015258789,4.34,2.26,27.32
2007-10-02,1546.6300048828125,37.16010665893555,18.489999771118164,4.34,2.23,27.32
2007-10-03,1539.5899658203125,37.10887145996094,18.799999237060547,4.34,2.25,27.32
2007-10-04,1542.8399658203125,37.101558685302734,18.440000534057617,4.34,2.24,27.32
2007-10-05,1557.5899658203125,37.584625244140625,16.90999984741211,4.34,2.34,27.32
2007-10-08,1552.5799560546875,37.43092346191406,17.459999084472656,4.34,2.34,27.32
2007-10-09,1565.1500244140625,37.694427490234375,16.1200008392334,4.34,2.34,27.32
2007-10-10,1562.469970703125,37.64319610595703,16.670000076293945,4.34,2.33,27.32
2007-10-11,1554.4100341796875,37.38703155517578,18.8799991607666,4.34,2.32,27.32
2007-10-12,1561.800048828125,37.51875686645508,17.729999542236328,4.34,2.36,27.32
2007-10-15,1548.7099609375,37.16743087768555,19.25,4.34,2.34,27.32
2007-10-16,1538.530029296875,36.88198471069336,20.020000457763672,4.34,2.31,27.32
2007-10-17,1541.239990234375,36.9405403137207,18.540000915527344,4.34,2.22,27.32
2007-10-18,1540.0799560546875,36.845394134521484,18.5,4.34,2.2,27.32
2007-10-19,1500.6300048828125,35.8426399230957,22.959999084472656,4.34,2.09,27.32
2007-10-22,1506.3299560546875,36.157379150390625,21.639999389648438,4.34,2.11,27.32
2007-10-23,1519.5899658203125,36.45013427734375,20.40999984741211,4.34,2.11,27.32
2007-10-24,1515.8800048828125,36.26715850830078,20.799999237060547,4.34,2.07,27.32
2007-10-25,1514.4000244140625,36.27447509765625,21.170000076293945,4.34,2.04,27.32
2007-10-26,1535.280029296875,36.76485824584961,19.559999465942383,4.34,2.05,27.32
2007-10-29,1540.97998046875,36.801456451416016,19.8700008392334,4.34,2.04,27.32
2007-10-30,1531.02001953125,36.61848068237305,21.06999969482422,4.34,2.06,27.32
2007-10-31,1549.3800048828125,36.99909591674805,18.530000686645508,4.34,2.14,27.32
2007-11-01,1508.43994140625,35.989013671875,23.209999084472656,4.34,2.0,25.73
2007-11-02,1509.6500244140625,36.04026794433594,23.010000228881836,4.34,1.92,25.73
2007-11-05,1502.1700439453125,35.915836334228516,24.309999465942383,4.34,1.94,25.73
2007-11-06,1520.27001953125,36.237876892089844,21.389999389648438,4.34,1.93,25.73
2007-11-07,1475.6199951171875,35.330299377441406,26.489999771118164,4.34,1.91,25.73
2007-11-08,1474.77001953125,35.25709533691406,26.15999984741211,4.34,1.88,25.73
2007-11-09,1453.699951171875,34.913089752197266,28.5,4.34,1.82,25.73
2007-11-12,1439.1800537109375,34.5178337097168,31.09000015258789,4.34,1.82,25.73
2007-11-13,1481.050048828125,35.44007110595703,24.100000381469727,4.34,1.86,25.73
2007-11-14,1470.5799560546875,35.154640197753906,25.940000534057617,4.34,1.88,25.73
2007-11-15,1451.1500244140625,34.825260162353516,28.059999465942383,4.34,1.81,25.73
2007-11-16,1458.739990234375,34.81062316894531,25.489999771118164,4.34,1.8,25.73
2007-11-19,1433.27001953125,34.15918731689453,26.010000228881836,4.34,1.7,25.73
2007-11-20,1439.699951171875,34.10797119140625,24.8799991607666,4.34,1.68,25.73
2007-11-21,1416.77001953125,33.67611312866211,26.84000015258789,4.34,1.62,25.73
2007-11-23,1440.699951171875,34.22506332397461,25.610000610351562,4.34,1.63,25.73
2007-11-26,1407.219970703125,33.4492073059082,28.90999984741211,4.34,1.45,25.73
2007-11-27,1428.22998046875,33.95426559448242,26.280000686645508,4.34,1.58,25.73
2007-11-28,1469.02001953125,34.927734375,24.110000610351562,4.34,1.71,25.73
2007-11-29,1469.719970703125,34.861854553222656,23.969999313354492,4.34,1.61,25.73
2007-11-30,1481.1400146484375,35.27904510498047,22.8700008392334,4.34,1.63,25.73
2007-12-03,1472.4200439453125,35.0887451171875,23.610000610351562,4.34,1.57,25.96
2007-12-04,1462.7900390625,34.89113235473633,23.790000915527344,4.34,1.59,25.96
2007-12-05,1485.010009765625,35.38884735107422,22.530000686645508,4.34,1.66,25.96
2007-12-06,1507.3399658203125,35.92314529418945,20.959999084472656,4.34,1.77,25.96
2007-12-07,1504.6600341796875,35.95975112915039,20.850000381469727,4.34,1.86,25.96
2007-12-10,1515.9599609375,36.303741455078125,20.739999771118164,4.34,1.89,25.96
2007-12-11,1477.6500244140625,35.169246673583984,23.59000015258789,4.34,1.73,25.96
2007-12-12,1486.5899658203125,35.40349197387695,22.469999313354492,4.34,1.78,25.96
2007-12-13,1488.4100341796875,35.359554290771484,22.559999465942383,4.34,1.87,25.96
2007-12-14,1467.949951171875,34.825260162353516,23.270000457763672,4.34,1.9,25.96
2007-12-17,1445.9000244140625,34.34217071533203,24.520000457763672,4.34,1.86,25.96
2007-12-18,1454.97998046875,34.50320816040039,22.639999389648438,4.34,1.8,25.96
2007-12-19,1453.0,34.50320816040039,21.68000030517578,4.34,1.73,25.96
2007-12-20,1460.1199951171875,34.642276763916016,20.579999923706055,4.34,1.74,25.96
2007-12-21,1484.4599609375,35.175872802734375,18.469999313354492,4.34,1.84,25.96
2007-12-24,1496.449951171875,35.506595611572266,18.600000381469727,4.34,1.88,25.96
2007-12-26,1497.6600341796875,35.440452575683594,18.65999984741211,4.34,1.95,25.96
2007-12-27,1476.27001953125,34.94804000854492,20.260000228881836,4.34,1.85,25.96
2007-12-28,1478.489990234375,34.889225006103516,20.739999771118164,4.34,1.78,25.96
2007-12-31,1468.3599853515625,34.67609405517578,22.5,4.34,1.73,25.96
2008-01-02,1447.1600341796875,34.146907806396484,23.170000076293945,4.34,1.59,24.02
2008-01-03,1447.1600341796875,33.99256134033203,22.489999771118164,4.34,1.58,24.02
2008-01-04,1411.6300048828125,33.02973556518555,23.940000534057617,4.34,1.56,24.02
2008-01-07,1416.1800537109375,33.117942810058594,23.790000915527344,4.34,1.57,24.02
2008-01-08,1390.18994140625,32.265377044677734,25.43000030517578,4.34,1.57,24.02
2008-01-09,1409.1300048828125,32.61079406738281,24.1200008392334,4.34,1.56,24.02
2008-01-10,1420.3299560546875,33.06647872924805,23.450000762939453,4.34,1.68,24.02
2008-01-11,1401.02001953125,32.618141174316406,23.68000030517578,4.34,1.56,24.02
2008-01-14,1416.25,32.94889450073242,22.899999618530273,4.34,1.53,24.02
2008-01-15,1380.949951171875,32.10366439819336,23.34000015258789,4.34,1.45,24.02
2008-01-16,1373.199951171875,32.16248321533203,24.3799991607666,4.34,1.5,24.02
2008-01-17,1333.25,31.214345932006836,28.459999084472656,4.34,1.43,24.02
2008-01-18,1325.18994140625,30.98650550842285,27.18000030517578,4.34,1.42,24.02
2008-01-22,1310.5,30.99386215209961,31.010000228881836,4.34,1.28,24.02
2008-01-23,1338.5999755859375,31.978717803955078,29.020000457763672,4.34,1.31,24.02
2008-01-24,1352.0699462890625,32.11835861206055,27.780000686645508,4.34,1.44,24.02
2008-01-25,1330.6099853515625,31.780298233032227,29.079999923706055,4.34,1.34,24.02
2008-01-28,1353.9599609375,32.456459045410156,27.780000686645508,4.34,1.33,24.02
2008-01-29,1362.300048828125,32.735748291015625,27.31999969482422,4.34,1.37,24.02
2008-01-30,1355.81005859375,32.3755989074707,27.6200008392334,4.34,1.45,24.02
2008-01-31,1378.550048828125,33.18407440185547,26.200000762939453,4.34,1.33,24.02
2008-02-01,1395.4200439453125,33.867610931396484,24.020000457763672,4.34,1.31,23.5
2008-02-04,1380.8199462890625,33.4339714050293,25.989999771118164,4.34,1.38,23.5
2008-02-05,1336.6400146484375,32.4785041809082,28.239999771118164,4.34,1.34,23.5
2008-02-06,1326.449951171875,32.22126770019531,28.969999313354492,4.34,1.36,23.5
2008-02-07,1336.9100341796875,32.507911682128906,27.65999984741211,4.34,1.47,23.5
2008-02-08,1331.2900390625,32.24331283569336,28.010000228881836,4.34,1.36,23.5
2008-02-11,1339.1300048828125,32.58141326904297,27.600000381469727,4.34,1.32,23.5
2008-02-12,1348.8599853515625,32.77250671386719,26.329999923706055,4.34,1.36,23.5
2008-02-13,1367.2099609375,33.18407440185547,24.8799991607666,4.34,1.42,23.5
2008-02-14,1348.8599853515625,32.67695617675781,25.540000915527344,4.34,1.57,23.5
2008-02-15,1349.989990234375,32.66958236694336,25.020000457763672,4.34,1.48,23.5
2008-02-19,1348.780029296875,32.70634078979492,25.59000015258789,4.34,1.56,23.5
2008-02-20,1360.030029296875,33.01504135131836,24.399999618530273,4.34,1.55,23.5
2008-02-21,1342.530029296875,32.5152473449707,25.1200008392334,4.34,1.43,23.5
2008-02-22,1353.1099853515625,32.77983093261719,24.059999465942383,4.34,1.44,23.5
2008-02-25,1371.800048828125,33.35313415527344,23.030000686645508,4.34,1.53,23.5
2008-02-26,1381.2900390625,33.654476165771484,21.899999618530273,4.34,1.44,23.5
2008-02-27,1380.02001953125,33.41193771362305,22.690000534057617,4.34,1.42,23.5
2008-02-28,1367.6800537109375,33.125274658203125,23.530000686645508,4.34,1.26,23.5
2008-02-29,1330.6300048828125,32.18451690673828,26.540000915527344,4.34,1.1,23.5
2008-03-03,1331.3399658203125,32.1257209777832,26.280000686645508,4.34,1.08,22.61
2008-03-04,1326.75,32.03752899169922,25.520000457763672,4.34,1.15,22.61
2008-03-05,1333.699951171875,32.22126770019531,24.600000381469727,4.34,1.16,22.61
2008-03-06,1304.3399658203125,31.28785514831543,27.549999237060547,4.34,1.07,22.61
2008-03-07,1293.3699951171875,31.148202896118164,27.489999771118164,4.34,1.01,22.61
2008-03-10,1273.3699951171875,30.626367568969727,29.3799991607666,4.34,0.9,22.61
2008-03-11,1320.6500244140625,31.77293586730957,26.360000610351562,4.34,1.05,22.61
2008-03-12,1308.77001953125,31.434846878051758,27.219999313354492,4.34,0.95,22.61
2008-03-13,1315.47998046875,31.647991180419922,27.290000915527344,4.34,1.05,22.61
2008-03-14,1288.1400146484375,31.052656173706055,31.15999984741211,4.34,1.01,22.61
2008-03-17,1276.5999755859375,30.486738204956055,32.2400016784668,4.34,1.05,22.61
2008-03-18,1330.739990234375,31.75088882446289,25.790000915527344,4.34,1.08,22.61
2008-03-19,1298.4200439453125,31.067354202270508,29.84000015258789,4.34,1.04,22.61
2008-03-20,1329.510009765625,31.72772979736328,26.6200008392334,4.34,1.02,22.61
2008-03-24,1349.8800048828125,32.52463150024414,25.729999542236328,4.34,1.24,22.61
2008-03-25,1352.989990234375,32.679569244384766,25.719999313354492,4.34,1.25,22.61
2008-03-26,1341.1300048828125,32.177833557128906,26.079999923706055,4.34,1.24,22.61
2008-03-27,1325.760009765625,31.867937088012695,25.8799991607666,4.34,1.23,22.61
2008-03-28,1315.219970703125,31.52851676940918,25.709999084472656,4.34,1.13,22.61
2008-03-31,1322.699951171875,31.587541580200195,25.610000610351562,4.34,1.11,22.61
2008-04-01,1370.1800537109375,33.00422286987305,22.68000030517578,4.34,1.22,23.36
2008-04-02,1367.530029296875,33.092769622802734,23.43000030517578,4.34,1.26,23.36
2008-04-03,1369.31005859375,33.11491394042969,23.209999084472656,4.34,1.28,23.36
2008-04-04,1370.4000244140625,33.20344924926758,22.450000762939453,4.34,1.18,23.36
2008-04-07,1372.5400390625,33.10015106201172,22.420000076293945,4.34,1.23,23.36
2008-04-08,1365.5400390625,32.99685287475586,22.360000610351562,4.34,1.26,23.36
2008-04-09,1354.489990234375,32.59101867675781,22.809999465942383,4.34,1.19,23.36
2008-04-10,1360.550048828125,32.66480255126953,21.979999542236328,4.34,1.26,23.36
2008-04-11,1332.8299560546875,32.11140823364258,23.459999084472656,4.34,1.19,23.36
2008-04-14,1328.3199462890625,31.963844299316406,23.81999969482422,4.34,1.23,23.36
2008-04-15,1334.4300537109375,32.08190155029297,22.780000686645508,4.34,1.28,23.36
2008-04-16,1364.7099609375,32.95257568359375,20.530000686645508,4.34,1.41,23.36
2008-04-17,1365.56005859375,32.93044662475586,20.3700008392334,4.34,1.44,23.36
2008-04-18,1390.3299560546875,33.461700439453125,20.1299991607666,4.34,1.45,23.36
2008-04-21,1388.1700439453125,33.4100456237793,20.5,4.34,1.44,23.36
2008-04-22,1375.93994140625,32.98946762084961,20.8700008392334,4.34,1.43,23.36
2008-04-23,1379.9300537109375,33.08537673950195,20.260000228881836,4.34,1.44,23.36
2008-04-24,1388.8199462890625,33.33625411987305,20.059999465942383,4.34,1.56,23.36
2008-04-25,1397.8399658203125,33.71257400512695,19.59000015258789,4.34,1.6,23.36
2008-04-28,1396.3699951171875,33.74946212768555,19.639999389648438,4.34,1.56,23.36
2008-04-29,1390.93994140625,33.69779586791992,20.239999771118164,4.34,1.56,23.36
2008-04-30,1385.5899658203125,33.39528274536133,20.790000915527344,4.34,1.5,23.36
2008-05-01,1409.3399658203125,34.133148193359375,18.8799991607666,4.34,1.52,23.7
2008-05-02,1413.9000244140625,34.22906494140625,18.18000030517578,4.34,1.53,23.7
2008-05-05,1407.489990234375,34.03721618652344,18.899999618530273,4.34,1.53,23.7
2008-05-06,1418.260009765625,34.32498550415039,18.209999084472656,4.34,1.55,23.7
2008-05-07,1392.5699462890625,33.77159118652344,19.729999542236328,4.34,1.51,23.7
2008-05-08,1397.6800537109375,33.77159118652344,19.399999618530273,4.34,1.43,23.7
2008-05-09,1388.280029296875,33.61664962768555,19.40999984741211,4.34,1.39,23.7
2008-05-12,1403.5799560546875,34.14789581298828,17.790000915527344,4.34,1.41,23.7
2008-05-13,1403.0400390625,34.19215774536133,17.979999542236328,4.34,1.51,23.7
2008-05-14,1408.6600341796875,34.3692626953125,17.65999984741211,4.34,1.49,23.7
2008-05-15,1423.5699462890625,34.80458450317383,16.299999237060547,4.34,1.4,23.7
2008-05-16,1425.3499755859375,34.80458450317383,16.469999313354492,4.34,1.41,23.7
2008-05-19,1426.6300048828125,34.75293731689453,17.010000228881836,4.34,1.36,23.7
2008-05-20,1413.4000244140625,34.494667053222656,17.579999923706055,4.34,1.31,23.7
2008-05-21,1390.7099609375,33.86014938354492,18.59000015258789,4.34,1.3,23.7
2008-05-22,1394.3499755859375,33.94130325317383,18.049999237060547,4.34,1.41,23.7
2008-05-23,1375.9300537109375,33.48383712768555,19.549999237060547,4.34,1.36,23.7
2008-05-27,1385.3499755859375,33.8084716796875,19.639999389648438,4.34,1.46,23.7
2008-05-28,1390.8399658203125,34.0224609375,19.06999969482422,4.34,1.58,23.7
2008-05-29,1398.260009765625,34.20692825317383,18.139999389648438,4.34,1.62,23.7
2008-05-30,1400.3800048828125,34.28071975708008,17.829999923706055,4.34,1.58,23.7
2008-06-02,1385.6700439453125,33.9044075012207,19.829999923706055,4.34,1.51,22.42
2008-06-03,1377.6500244140625,33.78635787963867,20.239999771118164,4.34,1.51,22.42
2008-06-04,1377.199951171875,33.77159118652344,20.799999237060547,4.34,1.59,22.42
2008-06-05,1404.050048828125,34.35449981689453,18.6299991607666,4.34,1.63,22.42
2008-06-06,1360.6800537109375,33.19606018066406,23.559999465942383,4.34,1.47,22.42
2008-06-09,1361.760009765625,33.20344924926758,23.1200008392334,4.34,1.54,22.42
2008-06-10,1358.43994140625,33.07062911987305,23.18000030517578,4.34,1.62,22.42
2008-06-11,1335.489990234375,32.413936614990234,24.1200008392334,4.34,1.62,22.42
2008-06-12,1339.8699951171875,32.561519622802734,23.329999923706055,4.34,1.73,22.42
2008-06-13,1360.030029296875,33.151790618896484,21.219999313354492,4.34,1.77,22.42
2008-06-16,1360.1400146484375,33.20344924926758,20.950000762939453,4.34,1.76,22.42
2008-06-17,1350.9300537109375,32.8787956237793,21.1299991607666,4.34,1.75,22.42
2008-06-18,1337.81005859375,32.53199768066406,22.239999771118164,4.34,1.68,22.42
2008-06-19,1342.8299560546875,32.74596405029297,21.579999923706055,4.34,1.75,22.42
2008-06-20,1317.9300537109375,32.1284294128418,22.8700008392334,4.34,1.72,22.42
2008-06-23,1318.0,31.921123504638672,22.639999389648438,4.34,1.75,22.42
2008-06-24,1314.2900390625,31.832250595092773,22.420000076293945,4.34,1.64,22.42
2008-06-25,1321.969970703125,32.061798095703125,21.139999389648438,4.34,1.65,22.42
2008-06-26,1283.1500244140625,31.09918785095215,23.93000030517578,4.34,1.55,22.42
2008-06-27,1278.3800048828125,31.062191009521484,23.440000534057617,4.34,1.48,22.42
2008-06-30,1280.0,30.906681060791016,23.950000762939453,4.34,1.48,22.42
2008-07-01,1284.9100341796875,30.973342895507812,23.649999618530273,4.34,1.49,20.91
2008-07-02,1261.52001953125,30.33654022216797,25.920000076293945,4.34,1.43,20.91
2008-07-03,1262.9000244140625,30.151430130004883,24.780000686645508,4.34,1.42,20.91
2008-07-07,1252.31005859375,29.9440975189209,25.780000686645508,4.34,1.43,20.91
2008-07-08,1273.699951171875,30.677135467529297,23.149999618530273,4.34,1.45,20.91
2008-07-09,1244.68994140625,29.907054901123047,25.229999542236328,4.34,1.39,20.91
2008-07-10,1253.3900146484375,29.907054901123047,25.59000015258789,4.34,1.4,20.91
2008-07-11,1239.489990234375,29.677526473999023,27.489999771118164,4.34,1.48,20.91
2008-07-14,1228.300048828125,29.144399642944336,28.479999542236328,4.34,1.43,20.91
2008-07-15,1214.9100341796875,28.929651260375977,28.540000915527344,4.34,1.4,20.91
2008-07-16,1245.3599853515625,29.9440975189209,25.100000381469727,4.34,1.48,20.91
2008-07-17,1260.3199462890625,30.558679580688477,25.010000228881836,4.34,1.6,20.91
2008-07-18,1260.6800537109375,30.536453247070312,24.049999237060547,4.34,1.65,20.91
2008-07-21,1260.0,30.5068359375,23.049999237060547,4.34,1.66,20.91
2008-07-22,1277.0,31.017749786376953,21.18000030517578,4.34,1.71,20.91
2008-07-23,1282.18994140625,31.299123764038086,21.309999465942383,4.34,1.8,20.91
2008-07-24,1252.5400390625,30.351329803466797,23.440000534057617,4.34,1.69,20.91
2008-07-25,1257.760009765625,30.380956649780273,22.90999984741211,4.34,1.79,20.91
2008-07-28,1234.3699951171875,29.818204879760742,24.229999542236328,4.34,1.7,20.91
2008-07-29,1263.199951171875,30.691944122314453,22.030000686645508,4.34,1.76,20.91
2008-07-30,1284.260009765625,31.128812789916992,21.209999084472656,4.34,1.71,20.91
2008-07-31,1267.3800048828125,30.751169204711914,22.940000534057617,4.34,1.65,20.91
2008-08-01,1260.31005859375,30.566068649291992,22.56999969482422,4.34,1.63,21.4
2008-08-04,1249.010009765625,30.36614227294922,23.489999771118164,4.34,1.64,21.4
2008-08-05,1284.8800048828125,31.284313201904297,21.139999389648438,4.34,1.74,21.4
2008-08-06,1289.18994140625,31.402772903442383,20.229999542236328,4.34,1.79,21.4
2008-08-07,1266.0699462890625,30.817829132080078,21.149999618530273,4.34,1.68,21.4
2008-08-08,1296.3199462890625,31.67676544189453,20.65999984741211,4.34,1.72,21.4
2008-08-11,1305.3199462890625,32.09140396118164,20.1200008392334,4.34,1.8,21.4
2008-08-12,1289.5899658203125,31.610130310058594,21.170000076293945,4.34,1.72,21.4
2008-08-13,1285.8299560546875,31.469425201416016,21.549999237060547,4.34,1.75,21.4
2008-08-14,1292.9300537109375,31.839645385742188,20.34000015258789,4.34,1.67,21.4
2008-08-15,1298.199951171875,32.076602935791016,19.579999923706055,4.34,1.66,21.4
2008-08-18,1278.5999755859375,31.536069869995117,20.979999542236328,4.34,1.67,21.4
2008-08-19,1266.68994140625,31.05476188659668,21.280000686645508,4.34,1.68,21.4
2008-08-20,1274.5400390625,31.13621711730957,20.420000076293945,4.34,1.6,21.4
2008-08-21,1277.719970703125,30.988115310668945,19.81999969482422,4.34,1.61,21.4
2008-08-22,1292.199951171875,31.587909698486328,18.809999465942383,4.34,1.69,21.4
2008-08-25,1266.8399658203125,30.951112747192383,20.969999313354492,4.34,1.64,21.4
2008-08-26,1271.510009765625,31.002941131591797,20.489999771118164,4.34,1.63,21.4
2008-08-27,1281.6600341796875,31.35835075378418,19.760000228881836,4.34,1.58,21.4
2008-08-28,1300.6800537109375,31.928503036499023,19.43000030517578,4.34,1.62,21.4
2008-08-29,1282.8299560546875,31.661941528320312,20.649999618530273,4.34,1.68,21.4
2008-09-02,1277.5799560546875,31.69158172607422,21.989999771118164,4.34,1.69,20.36
2008-09-03,1274.97998046875,31.513858795166016,21.43000030517578,4.34,1.71,20.36
2008-09-04,1236.8299560546875,30.66232681274414,24.030000686645508,4.34,1.7,20.36
2008-09-05,1242.31005859375,30.94369888305664,23.059999465942383,4.34,1.71,20.36
2008-09-08,1267.7900390625,31.587909698486328,22.639999389648438,4.34,1.68,20.36
2008-09-09,1224.510009765625,30.46240997314453,25.469999313354492,4.34,1.69,20.36
2008-09-10,1232.0400390625,30.58086585998535,24.520000457763672,4.34,1.7,20.36
2008-09-11,1249.050048828125,30.973342895507812,24.389999389648438,4.34,1.67,20.36
2008-09-12,1251.699951171875,31.114015579223633,25.65999984741211,4.34,1.79,20.36
2008-09-15,1192.699951171875,29.818204879760742,31.700000762939453,4.34,1.7,20.36
2008-09-16,1213.5999755859375,30.084775924682617,30.299999237060547,4.34,1.85,20.36
2008-09-17,1156.3900146484375,28.714935302734375,36.220001220703125,4.34,1.81,20.36
2008-09-18,1206.510009765625,29.95888328552246,33.099998474121094,4.34,1.94,20.36
2008-09-19,1255.0799560546875,31.090957641601562,32.06999969482422,4.34,1.85,20.36
2008-09-22,1207.0899658203125,29.893428802490234,33.849998474121094,4.34,1.85,20.36
2008-09-23,1188.219970703125,29.43229103088379,35.720001220703125,4.34,1.99,20.36
2008-09-24,1185.8699951171875,29.81907081604004,35.189998626708984,4.34,2.05,20.36
2008-09-25,1209.1800537109375,29.789304733276367,32.81999969482422,4.34,2.09,20.36
2008-09-26,1213.27001953125,29.75211524963379,34.7400016784668,4.34,2.1,20.36
2008-09-29,1106.4200439453125,27.446321487426758,46.720001220703125,4.34,2.03,20.36
2008-09-30,1166.3599853515625,28.212444305419922,39.38999938964844,4.34,2.25,20.36
2008-10-01,1161.06005859375,28.167816162109375,39.810001373291016,4.34,2.26,16.39
2008-10-02,1114.280029296875,26.925668716430664,45.2599983215332,4.34,2.17,16.39
2008-10-03,1099.22998046875,26.24136734008789,45.13999938964844,4.34,2.18,16.39
2008-10-06,1056.8900146484375,25.319047927856445,52.04999923706055,4.34,2.21,16.39
2008-10-07,996.22998046875,23.615745544433594,53.68000030517578,4.34,2.32,16.39
2008-10-08,984.9400024414062,23.4149112701416,57.529998779296875,4.34,2.69,16.39
2008-10-09,909.9199829101562,21.719053268432617,63.91999816894531,4.34,2.79,16.39
2008-10-10,899.219970703125,21.4289608001709,69.94999694824219,4.34,2.97,16.39
2008-10-13,1003.3499755859375,23.801700592041016,54.9900016784668,4.34,2.97,16.39
2008-10-14,998.010009765625,23.58598518371582,55.130001068115234,4.34,3.05,16.39
2008-10-15,907.8400268554688,21.481019973754883,69.25,4.34,3.02,16.39
2008-10-16,946.4299926757812,22.143007278442383,67.61000061035156,4.34,3.02,16.39
2008-10-17,940.5499877929688,21.793420791625977,70.33000183105469,4.34,2.87,16.39
2008-10-20,985.4000244140625,23.132272720336914,52.970001220703125,4.34,2.76,16.39
2008-10-21,955.0499877929688,22.336400985717773,53.11000061035156,4.34,2.63,16.39
2008-10-22,896.780029296875,20.908308029174805,69.6500015258789,4.34,2.59,16.39
2008-10-23,908.1099853515625,20.77442169189453,67.80000305175781,4.34,2.67,16.39
2008-10-24,876.77001953125,19.941364288330078,79.12999725341797,4.34,3.02,16.39
2008-10-27,848.9199829101562,18.966983795166016,80.05999755859375,4.34,3.02,16.39
2008-10-28,940.510009765625,21.23557472229004,66.95999908447266,4.34,3.06,16.39
2008-10-29,930.0900268554688,21.153764724731445,69.95999908447266,4.34,3.05,16.39
2008-10-30,954.0900268554688,21.852928161621094,62.900001525878906,4.34,3.06,16.39
2008-10-31,968.75,22.314083099365234,59.88999938964844,4.34,3.14,16.39
2008-11-03,966.2999877929688,22.26946258544922,53.68000030517578,4.34,3.09,15.26
2008-11-04,1005.75,23.147146224975586,47.72999954223633,4.34,2.88,15.26
2008-11-05,952.77001953125,21.904998779296875,54.560001373291016,4.34,2.76,15.26
2008-11-06,904.8800048828125,20.766977310180664,63.68000030517578,4.34,2.81,15.26
2008-11-07,930.989990234375,21.354581832885742,56.099998474121094,4.34,2.86,15.26
2008-11-10,919.2100219726562,20.96036148071289,59.97999954223633,4.34,2.84,15.26
2008-11-11,898.9500122070312,20.320703506469727,61.439998626708984,4.34,2.84,15.26
2008-11-12,852.2999877929688,19.294246673583984,66.45999908447266,4.34,2.79,15.26
2008-11-13,911.2899780273438,20.61821937561035,59.83000183105469,4.34,2.95,15.26
2008-11-14,873.2899780273438,19.673593521118164,66.30999755859375,4.34,2.87,15.26
2008-11-17,850.75,19.085983276367188,69.1500015258789,4.34,2.85,15.26
2008-11-18,859.1199951171875,19.048791885375977,67.63999938964844,4.34,2.92,15.26
2008-11-19,806.5800170898438,17.814085006713867,74.26000213623047,4.34,2.98,15.26
2008-11-20,752.4400024414062,16.601682662963867,80.86000061035156,4.34,3.06,15.26
2008-11-21,800.030029296875,17.53887176513672,72.66999816894531,4.34,3.15,15.26
2008-11-24,851.8099975585938,18.803340911865234,64.69999694824219,4.34,3.11,15.26
2008-11-25,857.3900146484375,19.078550338745117,60.900001525878906,4.34,2.79,15.26
2008-11-26,887.6799926757812,19.95623016357422,54.91999816894531,4.34,2.68,15.26
2008-11-28,896.239990234375,20.16450309753418,55.279998779296875,4.34,2.6,15.26
2008-12-01,816.2100219726562,18.334745407104492,68.51000213623047,4.34,2.38,15.38
2008-12-02,848.8099975585938,19.026479721069336,62.97999954223633,4.34,2.26,15.38
2008-12-03,870.739990234375,19.547143936157227,60.720001220703125,4.34,2.14,15.38
2008-12-04,845.219970703125,18.937219619750977,63.63999938964844,4.34,1.98,15.38
2008-12-05,876.0700073242188,19.666147232055664,59.93000030517578,4.34,2.23,15.38
2008-12-08,909.7000122070312,20.380199432373047,58.4900016784668,4.34,2.47,15.38
2008-12-09,888.6699829101562,20.127307891845703,58.90999984741211,4.34,2.41,15.38
2008-12-10,899.239990234375,20.380199432373047,55.72999954223633,4.34,2.44,15.38
2008-12-11,873.5900268554688,19.83722686767578,55.779998779296875,4.34,2.35,15.38
2008-12-12,879.72998046875,19.993423461914062,54.279998779296875,4.34,2.43,15.38
2008-12-15,868.5700073242188,19.62151336669922,56.7599983215332,4.34,2.43,15.38
2008-12-16,913.1799926757812,20.811607360839844,52.369998931884766,4.34,2.21,15.38
2008-12-17,904.4199829101562,20.70003318786621,49.84000015258789,4.34,1.86,15.38
2008-12-18,885.280029296875,20.335573196411133,47.34000015258789,4.34,1.85,15.38
2008-12-19,887.8800048828125,20.449966430664062,44.93000030517578,4.34,1.98,15.38
2008-12-22,871.6300048828125,19.821887969970703,44.560001373291016,4.34,2.01,15.38
2008-12-23,863.1599731445312,19.53028678894043,45.02000045776367,4.34,2.03,15.38
2008-12-24,868.1500244140625,19.64244842529297,44.209999084472656,4.34,2.07,15.38
2008-12-26,872.7999877929688,19.89666748046875,43.380001068115234,4.34,2.03,15.38
2008-12-29,869.4199829101562,19.664875030517578,43.900001525878906,4.34,2.02,15.38
2008-12-30,890.6400146484375,20.285476684570312,41.630001068115234,4.34,2.02,15.38
2008-12-31,903.25,20.786441802978516,40.0,4.34,2.14,15.38
2009-01-02,931.7999877929688,21.496776580810547,39.189998626708984,4.34,2.29,15.17
2009-01-05,927.4500122070312,21.608924865722656,39.08000183105469,4.34,2.34,15.17
2009-01-06,934.7000122070312,22.109899520874023,38.560001373291016,4.34,2.09,15.17
2009-01-07,906.6500244140625,21.377138137817383,43.38999938964844,4.34,2.05,15.17
2009-01-08,909.72998046875,21.54911231994629,42.560001373291016,4.34,1.97,15.17
2009-01-09,890.3499755859375,20.980846405029297,42.81999969482422,4.34,1.87,15.17
2009-01-12,870.260009765625,20.300432205200195,45.84000015258789,4.34,1.75,15.17
2009-01-13,871.7899780273438,20.307903289794922,43.27000045776367,4.34,1.74,15.17
2009-01-14,842.6199951171875,19.537769317626953,49.13999938964844,4.34,1.79,15.17
2009-01-15,843.739990234375,19.67235565185547,51.0,4.34,1.78,15.17
2009-01-16,850.1199951171875,19.941530227661133,46.11000061035156,4.34,1.81,15.17
2009-01-20,805.219970703125,18.662939071655273,56.650001525878906,4.34,1.82,15.17
2009-01-21,840.239990234375,19.56766128540039,46.41999816894531,4.34,1.98,15.17
2009-01-22,827.5,19.148948669433594,47.290000915527344,4.34,1.97,15.17
2009-01-23,831.9500122070312,19.335880279541016,47.27000045776367,4.34,1.93,15.17
2009-01-26,836.5700073242188,19.410648345947266,45.689998626708984,4.34,1.92,15.17
2009-01-27,845.7100219726562,19.67235565185547,42.25,4.34,1.77,15.17
2009-01-28,874.0900268554688,20.47240447998047,39.65999984741211,4.34,1.81,15.17
2009-01-29,845.1400146484375,19.67235565185547,42.630001068115234,4.34,1.83,15.17
2009-01-30,825.8800048828125,19.05174446105957,44.84000015258789,4.34,1.73,15.17
2009-02-02,825.4400024414062,19.006887435913086,45.52000045776367,4.34,1.69,14.12
2009-02-03,838.510009765625,19.3209285736084,43.060001373291016,4.34,1.76,14.12
2009-02-04,832.22998046875,19.216238021850586,43.849998474121094,4.34,1.78,14.12
2009-02-05,845.8499755859375,19.59757423400879,43.72999954223633,4.34,1.84,14.12
2009-02-06,868.5999755859375,20.195751190185547,43.369998931884766,4.34,1.82,14.12
2009-02-09,869.8900146484375,20.233131408691406,43.63999938964844,4.34,1.66,14.12
2009-02-10,827.1599731445312,19.15642738342285,46.66999816894531,4.34,1.65,14.12
2009-02-11,833.739990234375,19.328393936157227,44.529998779296875,4.34,1.66,14.12
2009-02-12,835.1900024414062,19.41812515258789,41.25,4.34,1.61,14.12
2009-02-13,826.8400268554688,19.22372055053711,42.93000030517578,4.34,1.68,14.12
2009-02-17,789.1699829101562,18.22926139831543,48.65999984741211,4.34,1.53,14.12
2009-02-18,788.4199829101562,18.094675064086914,48.459999084472656,4.34,1.63,14.12
2009-02-19,778.9400024414062,17.84792137145996,47.08000183105469,4.34,1.73,14.12
2009-02-20,770.0499877929688,17.6909122467041,49.29999923706055,4.34,1.67,14.12
2009-02-23,743.3300170898438,17.003005981445312,52.619998931884766,4.34,1.7,14.12
2009-02-24,773.1400146484375,17.773162841796875,45.4900016784668,4.34,1.82,14.12
2009-02-25,764.9000244140625,17.56379508972168,44.66999816894531,4.34,1.98,14.12
2009-02-26,752.8300170898438,17.22732162475586,44.65999984741211,4.34,2.02,14.12
2009-02-27,735.0900268554688,16.913284301757812,46.349998474121094,4.34,2.06,14.12
2009-03-02,700.8200073242188,15.993603706359863,52.650001525878906,4.34,2.0,13.32
2009-03-03,696.3300170898438,15.829095840454102,50.93000030517578,4.34,2.02,13.32
2009-03-04,712.8699951171875,16.322587966918945,47.560001373291016,4.34,2.09,13.32
2009-03-05,682.5499877929688,15.574874877929688,50.16999816894531,4.34,1.98,13.32
2009-03-06,683.3800048828125,15.507583618164062,49.33000183105469,4.34,2.02,13.32
2009-03-09,676.530029296875,15.395430564880371,49.68000030517578,4.34,2.06,13.32
2009-03-10,719.5999755859375,16.47213363647461,44.369998931884766,4.34,2.15,13.32
2009-03-11,721.3599853515625,16.561853408813477,43.61000061035156,4.34,2.03,13.32
2009-03-12,750.739990234375,17.22732162475586,41.18000030517578,4.34,1.88,13.32
2009-03-13,756.5499877929688,17.42173194885254,42.36000061035156,4.34,1.87,13.32
2009-03-16,753.8900146484375,17.30209732055664,43.7400016784668,4.34,1.88,13.32
2009-03-17,778.1199951171875,17.900272369384766,40.79999923706055,4.34,1.9,13.32
2009-03-18,794.3499755859375,18.5507755279541,40.060001373291016,4.34,1.28,13.32
2009-03-19,784.0399780273438,18.37880516052246,43.68000030517578,4.34,1.31,13.32
2009-03-20,768.5399780273438,17.8172664642334,45.88999938964844,4.34,1.43,13.32
2009-03-23,822.9199829101562,19.300159454345703,43.22999954223633,4.34,1.4,13.32
2009-03-24,806.1199951171875,18.88614273071289,42.93000030517578,4.34,1.36,13.32
2009-03-25,813.8800048828125,19.09691619873047,42.25,4.34,1.44,13.32
2009-03-26,832.8599853515625,19.706632614135742,40.36000061035156,4.34,1.3,13.32
2009-03-27,815.9400024414062,19.292631149291992,41.040000915527344,4.34,1.38,13.32
2009-03-30,787.530029296875,18.404403686523438,45.540000915527344,4.34,1.39,13.32
2009-03-31,797.8699951171875,18.64527130126953,44.13999938964844,4.34,1.43,13.32
2009-04-01,811.0800170898438,19.044219970703125,42.279998779296875,4.34,1.37,14.98
2009-04-02,834.3800048828125,19.8797607421875,42.040000915527344,4.34,1.44,14.98
2009-04-03,842.5,20.263660430908203,39.70000076293945,4.34,1.53,14.98
2009-04-06,835.47998046875,19.970090866088867,40.93000030517578,4.34,1.52,14.98
2009-04-07,815.5499877929688,19.367902755737305,40.38999938964844,4.34,1.61,14.98
2009-04-08,825.1599731445312,19.766857147216797,38.849998474121094,4.34,1.57,14.98
2009-04-09,856.5599975585938,20.963703155517578,36.529998779296875,4.34,1.62,14.98
2009-04-13,858.72998046875,21.02391815185547,37.810001373291016,4.34,1.55,14.98
2009-04-14,841.5,20.481945037841797,37.66999816894531,4.34,1.52,14.98
2009-04-15,852.0599975585938,20.858318328857422,36.16999816894531,4.34,1.55,14.98
2009-04-16,865.2999877929688,21.340070724487305,35.790000915527344,4.34,1.59,14.98
2009-04-17,869.5999755859375,21.67879867553711,33.939998626708984,4.34,1.7,14.98
2009-04-20,832.3900146484375,20.436782836914062,39.18000030517578,4.34,1.66,14.98
2009-04-21,850.0800170898438,21.03898048400879,37.13999938964844,4.34,1.69,14.98
2009-04-22,843.5499877929688,21.084136962890625,38.099998474121094,4.34,1.65,14.98
2009-04-23,851.9199829101562,21.32501220703125,37.150001525878906,4.34,1.52,14.98
2009-04-24,866.22998046875,21.836875915527344,36.81999969482422,4.34,1.53,14.98
2009-04-27,857.510009765625,21.437923431396484,38.31999969482422,4.34,1.48,14.98
2009-04-28,855.1599731445312,21.347599029541016,37.95000076293945,4.34,1.54,14.98
2009-04-29,873.6400146484375,22.01753044128418,36.08000183105469,4.34,1.59,14.98
2009-04-30,872.8099975585938,22.13043975830078,36.5,4.34,1.69,14.98
2009-05-01,877.52001953125,22.243345260620117,35.29999923706055,4.34,1.8,16.0
2009-05-04,907.239990234375,23.282127380371094,34.529998779296875,4.34,1.77,16.0
2009-05-05,903.7999877929688,23.252016067504883,33.36000061035156,4.34,1.77,16.0
2009-05-06,919.530029296875,23.70366096496582,32.45000076293945,4.34,1.74,16.0
2009-05-07,907.3900146484375,23.161693572998047,33.439998626708984,4.34,1.74,16.0
2009-05-08,929.22998046875,24.125200271606445,32.04999923706055,4.34,1.77,16.0
2009-05-11,909.239990234375,23.417621612548828,32.869998931884766,4.34,1.7,16.0
2009-05-12,908.3499755859375,23.071361541748047,31.799999237060547,4.34,1.69,16.0
2009-05-13,883.9199829101562,22.055171966552734,33.650001525878906,4.34,1.67,16.0
2009-05-14,893.0700073242188,22.469173431396484,31.3700008392334,4.34,1.68,16.0
2009-05-15,882.8800048828125,22.15302848815918,33.119998931884766,4.34,1.66,16.0
2009-05-18,909.7100219726562,23.101470947265625,30.239999771118164,4.34,1.66,16.0
2009-05-19,908.1300048828125,23.14662742614746,28.799999237060547,4.34,1.65,16.0
2009-05-20,903.469970703125,22.988561630249023,29.030000686645508,4.34,1.56,16.0
2009-05-21,888.3300170898438,22.52939224243164,31.350000381469727,4.34,1.67,16.0
2009-05-22,887.0,22.48423194885254,32.630001068115234,4.34,1.72,16.0
2009-05-26,910.3300170898438,23.199329376220703,30.6200008392334,4.34,1.72,16.0
2009-05-27,893.0599975585938,22.73263168334961,32.36000061035156,4.34,1.83,16.0
2009-05-28,906.8300170898438,23.05631446838379,31.670000076293945,4.34,1.87,16.0
2009-05-29,919.1400146484375,23.560630798339844,28.920000076293945,4.34,1.67,16.0
2009-06-01,942.8699951171875,24.411230087280273,30.040000915527344,4.34,1.8,16.38
2009-06-02,944.739990234375,24.411230087280273,29.6299991607666,4.34,1.69,16.38
2009-06-03,931.760009765625,23.876789093017578,31.020000457763672,4.34,1.68,16.38
2009-06-04,942.4600219726562,24.36606216430664,30.18000030517578,4.34,1.83,16.38
2009-06-05,940.0900268554688,24.35854148864746,29.6200008392334,4.34,1.88,16.38
2009-06-08,939.1400146484375,24.064964294433594,29.770000457763672,4.34,1.94,16.38
2009-06-09,942.4299926757812,24.30584716796875,28.270000457763672,4.34,1.88,16.38
2009-06-10,939.1500244140625,24.569303512573242,28.459999084472656,4.34,1.91,16.38
2009-06-11,944.8900146484375,24.33596420288086,28.110000610351562,4.34,1.89,16.38
2009-06-12,946.2100219726562,24.320905685424805,28.149999618530273,4.34,1.91,16.38
2009-06-15,923.719970703125,23.59827995300293,30.809999465942383,4.34,1.9,16.38
2009-06-16,911.969970703125,23.206850051879883,32.68000030517578,4.34,1.88,16.38
2009-06-17,910.7100219726562,23.086410522460938,31.540000915527344,4.34,1.95,16.38
2009-06-18,918.3699951171875,23.161693572998047,30.030000686645508,4.34,1.98,16.38
2009-06-19,921.22998046875,23.33169174194336,27.989999771118164,4.34,1.91,16.38
2009-06-22,893.0399780273438,22.50057601928711,31.170000076293945,4.34,1.89,16.38
2009-06-23,895.0999755859375,22.493017196655273,30.579999923706055,4.34,1.84,16.38
2009-06-24,900.9400024414062,22.749914169311523,29.049999237060547,4.34,1.93,16.38
2009-06-25,920.260009765625,23.324134826660156,26.360000610351562,4.34,1.82,16.38
2009-06-26,918.9000244140625,23.24102210998535,25.93000030517578,4.34,1.85,16.38
2009-06-29,927.22998046875,23.482803344726562,25.350000381469727,4.34,1.83,16.38
2009-06-30,919.3200073242188,23.27880096435547,26.350000381469727,4.34,1.78,16.38
2009-07-01,923.3300170898438,23.429916381835938,26.219999313354492,4.34,1.83,16.69
2009-07-02,896.4199829101562,22.681907653808594,27.950000762939453,4.34,1.87,16.69
2009-07-06,898.719970703125,22.613914489746094,29.0,4.34,2.03,16.69
2009-07-07,881.030029296875,22.085012435913086,30.850000381469727,4.34,1.87,16.69
2009-07-08,879.5599975585938,22.001907348632812,31.299999237060547,4.34,1.79,16.69
2009-07-09,882.6799926757812,22.175682067871094,29.780000686645508,4.34,1.87,16.69
2009-07-10,879.1300048828125,22.100122451782227,29.020000457763672,4.34,1.8,16.69
2009-07-13,901.0499877929688,22.613914489746094,26.309999465942383,4.34,1.84,16.69
2009-07-14,905.8400268554688,22.855684280395508,25.020000457763672,4.34,1.86,16.69
2009-07-15,932.6799926757812,23.581018447875977,25.889999389648438,4.34,1.87,16.69
2009-07-16,940.739990234375,23.845470428466797,25.420000076293945,4.34,1.82,16.69
2009-07-17,940.3800048828125,23.792579650878906,24.34000015258789,4.34,1.81,16.69
2009-07-20,951.1300048828125,24.177919387817383,24.399999618530273,4.34,1.73,16.69
2009-07-21,954.5800170898438,24.162805557250977,23.8700008392334,4.34,1.71,16.69
2009-07-22,954.0700073242188,24.238361358642578,23.469999313354492,4.34,1.75,16.69
2009-07-23,976.2899780273438,24.918365478515625,23.43000030517578,4.34,1.8,16.69
2009-07-24,979.260009765625,25.107255935668945,23.09000015258789,4.34,1.81,16.69
2009-07-27,982.1799926757812,25.273481369018555,24.280000686645508,4.34,1.85,16.69
2009-07-28,979.6199951171875,25.182811737060547,25.010000228881836,4.34,1.86,16.69
2009-07-29,975.1500244140625,25.016584396362305,25.610000610351562,4.34,1.84,16.69
2009-07-30,986.75,25.409481048583984,25.399999618530273,4.34,1.78,16.69
2009-07-31,987.47998046875,25.417034149169922,25.920000076293945,4.34,1.71,16.69
2009-08-03,1002.6300048828125,25.95348358154297,25.559999465942383,4.34,1.78,18.09
2009-08-04,1005.6500244140625,26.112150192260742,24.889999389648438,4.34,1.81,18.09
2009-08-05,1002.719970703125,26.066814422607422,24.899999618530273,4.34,1.85,18.09
2009-08-06,997.0800170898438,25.930816650390625,25.670000076293945,4.34,1.87,18.09
2009-08-07,1010.47998046875,26.527713775634766,24.760000228881836,4.34,1.88,18.09
2009-08-10,1007.0999755859375,26.384151458740234,24.989999771118164,4.34,1.83,18.09
2009-08-11,994.3499755859375,26.029052734375,25.989999771118164,4.34,1.8,18.09
2009-08-12,1005.8099975585938,26.39171028137207,25.450000762939453,4.34,1.84,18.09
2009-08-13,1012.72998046875,26.656156539916992,24.709999084472656,4.34,1.8,18.09
2009-08-14,1004.0900268554688,26.30859375,24.270000457763672,4.34,1.85,18.09
2009-08-17,979.72998046875,25.56814956665039,27.889999389648438,4.34,1.79,18.09
2009-08-18,989.6699829101562,25.870365142822266,26.18000030517578,4.34,1.78,18.09
2009-08-19,996.4600219726562,26.051706314086914,26.260000228881836,4.34,1.7,18.09
2009-08-20,1007.3699951171875,26.353931427001953,25.09000015258789,4.34,1.6,18.09
2009-08-21,1026.1300048828125,26.913040161132812,25.010000228881836,4.34,1.69,18.09
2009-08-24,1025.5699462890625,26.837486267089844,25.139999389648438,4.34,1.67,18.09
2009-08-25,1028.0,26.98861312866211,24.920000076293945,4.34,1.72,18.09
2009-08-26,1028.1199951171875,27.07172203063965,24.950000762939453,4.34,1.72,18.09
2009-08-27,1030.97998046875,27.117050170898438,24.68000030517578,4.34,1.75,18.09
2009-08-28,1028.9300537109375,27.21526527404785,24.760000228881836,4.34,1.76,18.09
2009-08-31,1020.6199951171875,26.852590560913086,26.010000228881836,4.34,1.76,18.09
2009-09-01,998.0399780273438,26.119712829589844,29.149999618530273,4.34,1.74,18.83
2009-09-02,994.75,25.99125862121582,28.899999618530273,4.34,1.71,18.83
2009-09-03,1003.239990234375,26.36149024963379,27.100000381469727,4.34,1.69,18.83
2009-09-04,1016.4000244140625,26.6712703704834,25.260000228881836,4.34,1.7,18.83
2009-09-08,1025.3900146484375,26.98104476928711,25.6200008392334,4.34,1.66,18.83
2009-09-09,1033.3699951171875,27.34371566772461,24.31999969482422,4.34,1.66,18.83
2009-09-10,1044.1400146484375,27.706375122070312,23.549999237060547,4.34,1.59,18.83
2009-09-11,1042.72998046875,27.729053497314453,24.149999618530273,4.34,1.59,18.83
2009-09-14,1049.3399658203125,27.970821380615234,23.860000610351562,4.34,1.65,18.83
2009-09-15,1052.6300048828125,28.22771453857422,23.420000076293945,4.34,1.64,18.83
2009-09-16,1068.760009765625,28.779277801513672,23.690000534057617,4.34,1.62,18.83
2009-09-17,1065.489990234375,28.605499267578125,23.649999618530273,4.34,1.62,18.83
2009-09-18,1068.300048828125,28.643402099609375,23.920000076293945,4.34,1.68,18.83
2009-09-21,1064.6600341796875,28.56760597229004,24.059999465942383,4.34,1.69,18.83
2009-09-22,1071.6600341796875,28.764663696289062,23.079999923706055,4.34,1.65,18.83
2009-09-23,1060.8699951171875,28.446325302124023,23.489999771118164,4.34,1.63,18.83
2009-09-24,1050.780029296875,27.976396560668945,24.950000762939453,4.34,1.64,18.83
2009-09-25,1044.3800048828125,27.76416015625,25.610000610351562,4.34,1.6,18.83
2009-09-28,1062.97998046875,28.340200424194336,24.8799991607666,4.34,1.57,18.83
2009-09-29,1060.6099853515625,28.362953186035156,25.190000534057617,4.34,1.59,18.83
2009-09-30,1057.0799560546875,28.27199363708496,25.610000610351562,4.34,1.56,18.83
2009-10-01,1029.8499755859375,27.370025634765625,28.270000457763672,4.34,1.5,19.36
2009-10-02,1025.2099609375,27.21842384338379,28.68000030517578,4.34,1.54,19.36
2009-10-05,1040.4599609375,27.68836784362793,26.84000015258789,4.34,1.51,19.36
2009-10-06,1054.719970703125,28.08250617980957,25.700000762939453,4.34,1.53,19.36
2009-10-07,1057.5799560546875,28.135557174682617,24.68000030517578,4.34,1.45,19.36
2009-10-08,1065.47998046875,28.476652145385742,24.18000030517578,4.34,1.49,19.36
2009-10-09,1071.489990234375,28.62066078186035,23.1200008392334,4.34,1.56,19.36
2009-10-12,1076.18994140625,28.741941452026367,23.010000228881836,4.34,1.56,19.36
2009-10-13,1073.18994140625,28.681299209594727,22.989999771118164,4.34,1.46,19.36
2009-10-14,1092.02001953125,29.21187973022461,22.860000610351562,4.34,1.51,19.36
2009-10-15,1096.56005859375,29.310405731201172,21.719999313354492,4.34,1.5,19.36
2009-10-16,1087.6800537109375,29.06027603149414,21.43000030517578,4.34,1.45,19.36
2009-10-19,1097.9100341796875,29.355884552001953,21.489999771118164,4.34,1.38,19.36
2009-10-20,1091.06005859375,29.143653869628906,20.899999618530273,4.34,1.37,19.36
2009-10-21,1081.4000244140625,28.840463638305664,22.219999313354492,4.34,1.43,19.36
2009-10-22,1092.9100341796875,29.234603881835938,20.690000534057617,4.34,1.49,19.36
2009-10-23,1079.5999755859375,28.77984046936035,22.270000457763672,4.34,1.51,19.36
2009-10-26,1066.949951171875,28.408432006835938,24.309999465942383,4.34,1.59,19.36
2009-10-27,1063.4100341796875,28.165878295898438,24.829999923706055,4.34,1.49,19.36
2009-10-28,1042.6300048828125,27.392763137817383,27.90999984741211,4.34,1.48,19.36
2009-10-29,1066.1099853515625,28.067344665527344,24.760000228881836,4.34,1.5,19.36
2009-10-30,1036.18994140625,27.22600555419922,30.690000534057617,4.34,1.41,19.36
2009-11-02,1042.8800048828125,27.392763137817383,29.780000686645508,4.34,1.41,19.81
2009-11-03,1045.4100341796875,27.63530158996582,28.809999465942383,4.34,1.45,19.81
2009-11-04,1046.5,27.589832305908203,27.719999313354492,4.34,1.45,19.81
2009-11-05,1066.6300048828125,28.211366653442383,25.43000030517578,4.34,1.41,19.81
2009-11-06,1069.300048828125,28.249256134033203,24.190000534057617,4.34,1.37,19.81
2009-11-09,1093.0799560546875,28.99964141845703,23.149999618530273,4.34,1.3,19.81
2009-11-10,1093.010009765625,28.885934829711914,22.84000015258789,4.34,1.31,19.81
2009-11-11,1098.510009765625,29.06027603149414,23.040000915527344,4.34,1.31,19.81
2009-11-12,1087.239990234375,28.704038619995117,24.239999771118164,4.34,1.33,19.81
2009-11-13,1093.47998046875,28.885934829711914,23.360000610351562,4.34,1.31,19.81
2009-11-16,1109.300048828125,29.355884552001953,22.889999389648438,4.34,1.21,19.81
2009-11-17,1110.3199462890625,29.36347198486328,22.40999984741211,4.34,1.2,19.81
2009-11-18,1109.800048828125,29.280088424682617,21.6299991607666,4.34,1.21,19.81
2009-11-19,1094.9000244140625,28.817716598510742,22.6299991607666,4.34,1.21,19.81
2009-11-20,1091.3800048828125,28.673707962036133,22.190000534057617,4.34,1.21,19.81
2009-11-23,1106.239990234375,28.99205207824707,21.15999984741211,4.34,1.2,19.81
2009-11-24,1105.6500244140625,28.98447608947754,20.469999313354492,4.34,1.21,19.81
2009-11-25,1110.6300048828125,29.219451904296875,20.479999542236328,4.34,1.16,19.81
2009-11-27,1091.489990234375,28.635820388793945,24.739999771118164,4.34,1.15,19.81
2009-11-30,1095.6300048828125,28.734365463256836,24.510000228881836,4.34,1.13,19.81
2009-12-01,1108.8599853515625,29.098169326782227,21.920000076293945,4.34,1.14,20.32
2009-12-02,1109.239990234375,29.264923095703125,21.1200008392334,4.34,1.18,20.32
2009-12-03,1099.9200439453125,28.969331741333008,22.459999084472656,4.34,1.24,20.32
2009-12-04,1105.97998046875,29.264923095703125,21.25,4.34,1.34,20.32
2009-12-07,1103.25,29.242185592651367,22.100000381469727,4.34,1.31,20.32
2009-12-08,1091.93994140625,28.99205207824707,23.690000534057617,4.34,1.31,20.32
2009-12-09,1095.949951171875,29.045127868652344,22.65999984741211,4.34,1.36,20.32
2009-12-10,1102.3499755859375,29.25734519958496,22.31999969482422,4.34,1.4,20.32
2009-12-11,1106.4100341796875,29.431676864624023,21.59000015258789,4.34,1.41,20.32
2009-12-14,1114.1099853515625,29.803089141845703,21.149999618530273,4.34,1.37,20.32
2009-12-15,1107.9300537109375,29.681812286376953,21.489999771118164,4.34,1.37,20.32
2009-12-16,1109.1800537109375,29.810657501220703,20.540000915527344,4.34,1.34,20.32
2009-12-17,1096.0799560546875,29.446855545043945,22.510000228881836,4.34,1.28,20.32
2009-12-18,1102.469970703125,29.573074340820312,21.68000030517578,4.34,1.31,20.32
2009-12-21,1114.050048828125,29.96088981628418,20.489999771118164,4.34,1.39,20.32
2009-12-22,1118.02001953125,30.112964630126953,19.540000915527344,4.34,1.43,20.32
2009-12-23,1120.5899658203125,30.303083419799805,19.709999084472656,4.34,1.46,20.32
2009-12-24,1126.47998046875,30.455171585083008,19.469999313354492,4.34,1.5,20.32
2009-12-28,1127.780029296875,30.46276092529297,19.93000030517578,4.34,1.5,20.32
2009-12-29,1126.199951171875,30.386722564697266,20.010000228881836,4.34,1.46,20.32
2009-12-30,1126.4200439453125,30.39434242248535,19.959999084472656,4.34,1.44,20.32
2009-12-31,1115.0999755859375,30.059736251831055,21.68000030517578,4.34,1.48,20.32
2010-01-04,1132.989990234375,30.554018020629883,20.040000915527344,4.34,1.47,20.53
2010-01-05,1136.52001953125,30.72891616821289,19.350000381469727,4.34,1.43,20.53
2010-01-06,1137.1400146484375,30.84299087524414,19.15999984741211,4.34,1.48,20.53
2010-01-07,1141.68994140625,30.995059967041016,19.059999465942383,4.34,1.44,20.53
2010-01-08,1144.97998046875,31.101531982421875,18.1299991607666,4.34,1.41,20.53
2010-01-11,1146.97998046875,31.124345779418945,17.549999237060547,4.34,1.47,20.53
2010-01-12,1136.219970703125,30.766942977905273,18.25,4.34,1.35,20.53
2010-01-13,1145.6800537109375,31.093917846679688,17.850000381469727,4.34,1.43,20.53
2010-01-14,1148.4599609375,31.139558792114258,17.6299991607666,4.34,1.4,20.53
2010-01-15,1136.030029296875,30.77454376220703,17.90999984741211,4.34,1.34,20.53
2010-01-19,1150.22998046875,31.2080020904541,17.579999923706055,4.34,1.35,20.53
2010-01-20,1138.0400390625,30.835378646850586,18.68000030517578,4.34,1.31,20.53
2010-01-21,1116.47998046875,30.318294525146484,22.270000457763672,4.34,1.29,20.53
2010-01-22,1091.760009765625,29.5806827545166,27.309999465942383,4.34,1.31,20.53
2010-01-25,1096.780029296875,29.763174057006836,25.40999984741211,4.34,1.33,20.53
2010-01-26,1092.1700439453125,29.656719207763672,24.549999237060547,4.34,1.31,20.53
2010-01-27,1097.5,29.7403621673584,23.139999389648438,4.34,1.35,20.53
2010-01-28,1084.530029296875,29.428585052490234,23.729999542236328,4.34,1.35,20.53
2010-01-29,1073.8699951171875,29.063575744628906,24.6200008392334,4.34,1.3,20.53
2010-02-01,1089.18994140625,29.557863235473633,22.59000015258789,4.34,1.29,19.92
2010-02-02,1103.3199462890625,30.006521224975586,21.479999542236328,4.34,1.26,19.92
2010-02-03,1097.280029296875,29.80880355834961,21.600000381469727,4.34,1.3,19.92
2010-02-04,1063.1099853515625,28.812633514404297,26.079999923706055,4.34,1.27,19.92
2010-02-05,1066.18994140625,28.888689041137695,26.110000610351562,4.34,1.32,19.92
2010-02-08,1056.739990234375,28.668153762817383,26.510000228881836,4.34,1.35,19.92
2010-02-09,1070.52001953125,29.109210968017578,26.0,4.34,1.37,19.92
2010-02-10,1068.1300048828125,29.0407657623291,25.399999618530273,4.34,1.44,19.92
2010-02-11,1078.469970703125,29.360151290893555,23.959999084472656,4.34,1.47,19.92
2010-02-12,1075.510009765625,29.337331771850586,22.729999542236328,4.34,1.46,19.92
2010-02-16,1094.8699951171875,29.8696346282959,22.25,4.34,1.42,19.92
2010-02-17,1099.510009765625,30.059736251831055,21.719999313354492,4.34,1.46,19.92
2010-02-18,1106.75,30.265058517456055,20.6299991607666,4.34,1.48,19.92
2010-02-19,1109.1700439453125,30.401935577392578,20.020000457763672,4.34,1.52,19.92
2010-02-22,1108.010009765625,30.37912368774414,19.940000534057617,4.34,1.55,19.92
2010-02-23,1094.5999755859375,29.945680618286133,21.3700008392334,4.34,1.5,19.92
2010-02-24,1105.239990234375,30.249858856201172,20.270000457763672,4.34,1.51,19.92
2010-02-25,1102.93994140625,30.303083419799805,20.100000381469727,4.34,1.51,19.92
2010-02-26,1104.489990234375,30.28026008605957,19.5,4.34,1.48,19.92
2010-03-01,1115.7099609375,30.782142639160156,19.260000228881836,4.34,1.46,21.0
2010-03-02,1118.31005859375,30.865808486938477,19.059999465942383,4.34,1.46,21.0
2010-03-03,1118.7900390625,30.96466064453125,18.829999923706055,4.34,1.46,21.0
2010-03-04,1122.969970703125,30.995059967041016,18.719999313354492,4.34,1.44,21.0
2010-03-05,1138.699951171875,31.519771575927734,17.420000076293945,4.34,1.48,21.0
2010-03-08,1138.5,31.580604553222656,17.790000915527344,4.34,1.49,21.0
2010-03-09,1140.449951171875,31.580604553222656,17.920000076293945,4.34,1.48,21.0
2010-03-10,1145.6099853515625,31.793533325195312,18.56999969482422,4.34,1.49,21.0
2010-03-11,1150.239990234375,31.877166748046875,18.059999465942383,4.34,1.49,21.0
2010-03-12,1149.989990234375,31.892370223999023,17.579999923706055,4.34,1.45,21.0
2010-03-15,1150.510009765625,31.877166748046875,18.0,4.34,1.46,21.0
2010-03-16,1159.4599609375,32.20414352416992,17.690000534057617,4.34,1.42,21.0
2010-03-17,1166.2099609375,32.46269607543945,16.90999984741211,4.34,1.4,21.0
2010-03-18,1165.8299560546875,32.318206787109375,16.6200008392334,4.34,1.45,21.0
2010-03-19,1159.9000244140625,32.154232025146484,16.969999313354492,4.34,1.5,21.0
2010-03-22,1165.81005859375,32.36779022216797,16.8700008392334,4.34,1.48,21.0
2010-03-23,1174.1700439453125,32.61946487426758,16.350000381469727,4.34,1.49,21.0
2010-03-24,1167.719970703125,32.37541198730469,17.549999237060547,4.34,1.6,21.0
2010-03-25,1165.72998046875,32.238136291503906,18.399999618530273,4.34,1.65,21.0
2010-03-26,1166.5899658203125,32.29151153564453,17.770000457763672,4.34,1.62,21.0
2010-03-29,1173.219970703125,32.55083084106445,17.59000015258789,4.34,1.66,21.0
2010-03-30,1173.27001953125,32.5737190246582,17.1299991607666,4.34,1.66,21.0
2010-03-31,1169.4300537109375,32.46692657470703,17.59000015258789,4.34,1.6,21.0
2010-04-01,1178.0999755859375,32.73387145996094,17.469999313354492,4.34,1.61,21.8
2010-04-05,1187.43994140625,33.160972595214844,17.020000457763672,4.34,1.7,21.8
2010-04-06,1189.43994140625,33.229618072509766,16.229999542236328,4.34,1.68,21.8
2010-04-07,1182.449951171875,33.023677825927734,16.6200008392334,4.34,1.55,21.8
2010-04-08,1186.43994140625,33.069454193115234,16.479999542236328,4.34,1.58,21.8
2010-04-09,1194.3699951171875,33.313507080078125,16.139999389648438,4.34,1.56,21.8
2010-04-12,1196.47998046875,33.36688995361328,15.579999923706055,4.34,1.52,21.8
2010-04-13,1197.300048828125,33.4202766418457,16.200000762939453,4.34,1.5,21.8
2010-04-14,1210.6500244140625,33.855003356933594,15.59000015258789,4.34,1.54,21.8
2010-04-15,1211.6700439453125,33.855003356933594,15.890000343322754,4.34,1.49,21.8
2010-04-16,1192.1300048828125,33.298255920410156,18.360000610351562,4.34,1.46,21.8
2010-04-19,1197.52001953125,33.30587387084961,17.34000015258789,4.34,1.49,21.8
2010-04-20,1207.1700439453125,33.75585174560547,15.729999542236328,4.34,1.47,21.8
2010-04-21,1205.93994140625,33.824493408203125,16.31999969482422,4.34,1.42,21.8
2010-04-22,1208.6700439453125,34.099037170410156,16.469999313354492,4.34,1.46,21.8
2010-04-23,1217.280029296875,34.38125228881836,16.6200008392334,4.34,1.47,21.8
2010-04-26,1212.050048828125,34.259212493896484,17.469999313354492,4.34,1.46,21.8
2010-04-27,1183.7099609375,33.33637237548828,22.809999465942383,4.34,1.37,21.8
2010-04-28,1191.3599853515625,33.5194206237793,21.079999923706055,4.34,1.4,21.8
2010-04-29,1206.780029296875,33.98466873168945,18.440000534057617,4.34,1.31,21.8
2010-04-30,1186.68994140625,33.32875442504883,22.049999237060547,4.34,1.29,21.8
2010-05-03,1202.260009765625,33.81687545776367,20.190000534057617,4.34,1.32,20.48
2010-05-04,1173.5999755859375,32.90165328979492,23.84000015258789,4.34,1.31,20.48
2010-05-05,1165.8699951171875,32.65761184692383,24.90999984741211,4.34,1.3,20.48
2010-05-06,1128.1500244140625,31.460220336914062,32.79999923706055,4.34,1.25,20.48
2010-05-07,1110.8800048828125,30.95684814453125,40.95000076293945,4.34,1.3,20.48
2010-05-10,1159.72998046875,32.55845260620117,28.84000015258789,4.34,1.33,20.48
2010-05-11,1155.7900390625,32.44404602050781,28.31999969482422,4.34,1.31,20.48
2010-05-12,1171.6700439453125,33.038936614990234,25.520000457763672,4.34,1.28,20.48
2010-05-13,1157.43994140625,32.63472366333008,26.68000030517578,4.34,1.28,20.48
2010-05-14,1135.6800537109375,31.940710067749023,31.239999771118164,4.34,1.26,20.48
2010-05-17,1136.93994140625,31.971193313598633,30.84000015258789,4.34,1.31,20.48
2010-05-18,1120.800048828125,31.551719665527344,33.54999923706055,4.34,1.25,20.48
2010-05-19,1115.050048828125,31.269540786743164,35.31999969482422,4.34,1.32,20.48
2010-05-20,1071.5899658203125,30.026391983032227,45.790000915527344,4.34,1.36,20.48
2010-05-21,1087.68994140625,30.522132873535156,40.099998474121094,4.34,1.33,20.48
2010-05-24,1073.6500244140625,30.13316535949707,38.31999969482422,4.34,1.35,20.48
2010-05-25,1074.030029296875,30.217056274414062,34.61000061035156,4.34,1.33,20.48
2010-05-26,1067.949951171875,30.125539779663086,35.02000045776367,4.34,1.3,20.48
2010-05-27,1103.06005859375,31.24667739868164,29.68000030517578,4.34,1.33,20.48
2010-05-28,1089.4100341796875,30.87295150756836,32.06999969482422,4.34,1.32,20.48
2010-06-01,1070.7099609375,30.125539779663086,35.540000915527344,4.34,1.32,19.74
2010-06-02,1098.3800048828125,31.017847061157227,30.170000076293945,4.34,1.36,19.74
2010-06-03,1102.8299560546875,31.200899124145508,29.459999084472656,4.34,1.34,19.74
2010-06-04,1064.8800048828125,29.934873580932617,35.47999954223633,4.34,1.26,19.74
2010-06-07,1050.469970703125,29.446758270263672,36.56999969482422,4.34,1.25,19.74
2010-06-08,1062.0,29.7213191986084,33.70000076293945,4.34,1.29,19.74
2010-06-09,1055.68994140625,29.69080924987793,33.72999954223633,4.34,1.28,19.74
2010-06-10,1086.8399658203125,30.705156326293945,30.56999969482422,4.34,1.35,19.74
2010-06-11,1091.5999755859375,30.911096572875977,28.790000915527344,4.34,1.29,19.74
2010-06-14,1089.6300048828125,30.911096572875977,28.579999923706055,4.34,1.31,19.74
2010-06-15,1115.22998046875,31.696651458740234,25.8700008392334,4.34,1.32,19.74
2010-06-16,1114.6099853515625,31.666139602661133,25.920000076293945,4.34,1.28,19.74
2010-06-17,1116.0400390625,31.666139602661133,25.049999237060547,4.34,1.22,19.74
2010-06-18,1117.510009765625,31.665374755859375,23.950000762939453,4.34,1.25,19.74
2010-06-21,1113.199951171875,31.519973754882812,24.8799991607666,4.34,1.24,19.74
2010-06-22,1095.31005859375,30.930761337280273,27.049999237060547,4.34,1.2,19.74
2010-06-23,1092.0400390625,30.846576690673828,26.90999984741211,4.34,1.19,19.74
2010-06-24,1073.68994140625,30.272634506225586,29.739999771118164,4.34,1.23,19.74
2010-06-25,1076.760009765625,30.448644638061523,28.530000686645508,4.34,1.21,19.74
2010-06-28,1074.5699462890625,30.356821060180664,29.0,4.34,1.17,19.74
2010-06-29,1041.239990234375,29.262537002563477,34.130001068115234,4.34,1.14,19.74
2010-06-30,1030.7099609375,28.925823211669922,34.540000915527344,4.34,1.15,19.74
2010-07-01,1027.3699951171875,28.864614486694336,32.86000061035156,4.34,1.21,19.67
2010-07-02,1022.5800170898438,28.6886043548584,30.1200008392334,4.34,1.27,19.67
2010-07-06,1028.06005859375,28.765113830566406,29.649999618530273,4.34,1.26,19.67
2010-07-07,1060.27001953125,29.73698616027832,26.84000015258789,4.34,1.3,19.67
2010-07-08,1070.25,30.043066024780273,25.709999084472656,4.34,1.25,19.67
2010-07-09,1077.9599609375,30.31856346130371,24.979999542236328,4.34,1.26,19.67
2010-07-12,1078.75,30.25733757019043,24.43000030517578,4.34,1.26,19.67
2010-07-13,1095.3399658203125,30.838912963867188,24.559999465942383,4.34,1.28,19.67
2010-07-14,1095.1700439453125,30.777690887451172,24.889999389648438,4.34,1.23,19.67
2010-07-15,1096.47998046875,30.831262588500977,25.139999389648438,4.34,1.21,19.67
2010-07-16,1064.8800048828125,29.859411239624023,26.25,4.34,1.25,19.67
2010-07-19,1071.25,30.096643447875977,25.969999313354492,4.34,1.29,19.67
2010-07-20,1083.47998046875,30.54047393798828,23.93000030517578,4.34,1.28,19.67
2010-07-21,1069.5899658203125,30.073680877685547,25.639999389648438,4.34,1.19,19.67
2010-07-22,1093.6700439453125,30.831262588500977,24.6299991607666,4.34,1.21,19.67
2010-07-23,1102.6600341796875,31.20621681213379,23.469999313354492,4.34,1.24,19.67
2010-07-26,1115.010009765625,31.634756088256836,22.729999542236328,4.34,1.24,19.67
2010-07-27,1113.8399658203125,31.458751678466797,23.190000534057617,4.34,1.26,19.67
2010-07-28,1106.1300048828125,31.175601959228516,24.25,4.34,1.22,19.67
2010-07-29,1101.530029296875,31.022571563720703,24.1299991607666,4.34,1.21,19.67
2010-07-30,1101.5999755859375,31.053184509277344,23.5,4.34,1.14,19.67
2010-08-02,1125.8599853515625,31.74953842163086,22.010000228881836,4.34,1.13,19.77
2010-08-03,1120.4599609375,31.489362716674805,22.6299991607666,4.34,1.07,19.77
2010-08-04,1127.239990234375,31.764848709106445,22.209999084472656,4.34,1.12,19.77
2010-08-05,1125.81005859375,31.718942642211914,22.100000381469727,4.34,1.07,19.77
2010-08-06,1121.6400146484375,31.57352066040039,21.739999771118164,4.34,1.04,19.77
2010-08-09,1127.7900390625,31.795467376708984,22.139999389648438,4.34,1.04,19.77
2010-08-10,1121.06005859375,31.542924880981445,22.3700008392334,4.34,0.95,19.77
2010-08-11,1089.469970703125,30.555782318115234,25.389999389648438,4.34,0.95,19.77
2010-08-12,1083.6099853515625,30.372127532958984,25.729999542236328,4.34,1.05,19.77
2010-08-13,1079.25,30.26498794555664,26.239999771118164,4.34,1.0,19.77
2010-08-16,1079.3800048828125,30.242033004760742,26.100000381469727,4.34,0.95,19.77
2010-08-17,1092.5400390625,30.73944091796875,24.329999923706055,4.34,1.01,19.77
2010-08-18,1094.1600341796875,30.80065155029297,24.59000015258789,4.34,1.02,19.77
2010-08-19,1075.6300048828125,30.26498794555664,26.440000534057617,4.34,1.02,19.77
2010-08-20,1071.68994140625,30.203777313232422,25.489999771118164,4.34,1.05,19.77
2010-08-23,1067.3599853515625,30.050729751586914,25.65999984741211,4.34,1.05,19.77
2010-08-24,1051.8699951171875,29.60688018798828,27.459999084472656,4.34,1.01,19.77
2010-08-25,1055.3299560546875,29.72166633605957,26.700000762939453,4.34,1.01,19.77
2010-08-26,1047.219970703125,29.530364990234375,27.3700008392334,4.34,0.95,19.77
2010-08-27,1064.5899658203125,30.0660400390625,24.450000762939453,4.34,1.05,19.77
2010-08-30,1048.9200439453125,29.583940505981445,27.209999084472656,4.34,0.99,19.77
2010-08-31,1049.3299560546875,29.576284408569336,26.049999237060547,4.34,0.95,19.77
2010-09-01,1080.2900390625,30.502216339111328,23.889999389648438,4.34,1.02,20.38
2010-09-02,1090.0999755859375,30.9001407623291,23.190000534057617,4.34,1.05,20.38
2010-09-03,1104.510009765625,31.3363094329834,21.309999465942383,4.34,1.1,20.38
2010-09-07,1091.8399658203125,30.938396453857422,23.799999237060547,4.34,0.98,20.38
2010-09-08,1098.8699951171875,31.144994735717773,23.25,4.34,1.02,20.38
2010-09-09,1104.1800537109375,31.252147674560547,22.809999465942383,4.34,1.05,20.38
2010-09-10,1109.550048828125,31.420494079589844,21.989999771118164,4.34,1.02,20.38
2010-09-13,1121.9000244140625,31.795467376708984,21.209999084472656,4.34,0.94,20.38
2010-09-14,1121.0999755859375,31.80311393737793,21.559999465942383,4.34,0.93,20.38
2010-09-15,1125.0699462890625,31.910242080688477,22.100000381469727,4.34,0.97,20.38
2010-09-16,1124.6600341796875,31.841365814208984,21.719999313354492,4.34,1.0,20.38
2010-09-17,1125.5899658203125,31.88212013244629,22.010000228881836,4.34,1.0,20.38
2010-09-20,1142.7099609375,32.466575622558594,21.5,4.34,0.94,20.38
2010-09-21,1139.780029296875,32.297386169433594,22.350000381469727,4.34,0.78,20.38
2010-09-22,1134.280029296875,32.08205795288086,22.510000228881836,4.34,0.74,20.38
2010-09-23,1124.8299560546875,31.83599853515625,23.8700008392334,4.34,0.77,20.38
2010-09-24,1148.6700439453125,32.574195861816406,21.709999084472656,4.34,0.81,20.38
2010-09-27,1142.1600341796875,32.4511833190918,22.540000915527344,4.34,0.79,20.38
2010-09-28,1147.699951171875,32.681880950927734,22.600000381469727,4.34,0.69,20.38
2010-09-29,1144.72998046875,32.64342498779297,23.25,4.34,0.74,20.38
2010-09-30,1141.199951171875,32.589595794677734,23.700000762939453,4.34,0.75,20.38
2010-10-01,1146.239990234375,32.681880950927734,22.5,4.34,0.75,21.24
2010-10-04,1137.030029296875,32.42041015625,23.530000686645508,4.34,0.72,21.24
2010-10-05,1160.75,33.11250305175781,21.760000228881836,4.34,0.65,21.24
2010-10-06,1159.969970703125,32.99714660644531,21.489999771118164,4.34,0.52,21.24
2010-10-07,1158.06005859375,32.98178482055664,21.559999465942383,4.34,0.53,21.24
2010-10-08,1165.1500244140625,33.23554992675781,20.709999084472656,4.34,0.45,21.24
2010-10-11,1165.3199462890625,33.32782745361328,18.959999084472656,4.34,0.45,21.24
2010-10-12,1169.77001953125,33.44316864013672,18.93000030517578,4.34,0.49,21.24
2010-10-13,1178.0999755859375,33.712310791015625,19.06999969482422,4.34,0.44,21.24
2010-10-14,1173.81005859375,33.54313659667969,19.8799991607666,4.34,0.41,21.24
2010-10-15,1176.18994140625,33.57389831542969,19.030000686645508,4.34,0.5,21.24
2010-10-18,1184.7099609375,33.68923568725586,19.09000015258789,4.34,0.47,21.24
2010-10-19,1165.9000244140625,33.19708251953125,20.6299991607666,4.34,0.44,21.24
2010-10-20,1178.1700439453125,33.527748107910156,19.790000915527344,4.34,0.47,21.24
2010-10-21,1180.260009765625,33.550819396972656,19.270000457763672,4.34,0.5,21.24
2010-10-22,1183.0799560546875,33.67385482788086,18.780000686645508,4.34,0.5,21.24
2010-10-25,1185.6199951171875,33.796897888183594,19.850000381469727,4.34,0.45,21.24
2010-10-26,1185.6400146484375,33.73537826538086,20.219999313354492,4.34,0.52,21.24
2010-10-27,1182.449951171875,33.650794982910156,20.709999084472656,4.34,0.62,21.24
2010-10-28,1183.780029296875,33.62772750854492,20.8799991607666,4.34,0.57,21.24
2010-10-29,1183.260009765625,33.75075912475586,21.200000762939453,4.34,0.5,21.24
2010-11-01,1184.3800048828125,33.69692611694336,21.829999923706055,4.34,0.49,21.7
2010-11-02,1193.5699462890625,34.01992416381836,21.56999969482422,4.34,0.49,21.7
2010-11-03,1197.9599609375,34.10448455810547,19.559999465942383,4.34,0.5,21.7
2010-11-04,1221.06005859375,34.79657745361328,18.520000457763672,4.34,0.44,21.7
2010-11-05,1225.8499755859375,34.97343826293945,18.260000228881836,4.34,0.48,21.7
2010-11-08,1223.25,34.93498992919922,18.290000915527344,4.34,0.48,21.7
2010-11-09,1213.4000244140625,34.588958740234375,19.079999923706055,4.34,0.58,21.7
2010-11-10,1218.7099609375,34.73505401611328,18.469999313354492,4.34,0.56,21.7
2010-11-11,1213.5400390625,34.71968460083008,18.639999389648438,4.34,0.56,21.7
2010-11-12,1199.2099609375,34.258296966552734,20.610000610351562,4.34,0.71,21.7
2010-11-15,1197.75,34.204463958740234,20.200000762939453,4.34,0.87,21.7
2010-11-16,1178.3399658203125,33.620025634765625,22.579999923706055,4.34,0.87,21.7
2010-11-17,1178.5899658203125,33.69692611694336,21.760000228881836,4.34,0.84,21.7
2010-11-18,1196.68994140625,34.181392669677734,18.75,4.34,0.83,21.7
2010-11-19,1199.72998046875,34.34288024902344,18.040000915527344,4.34,0.77,21.7
2010-11-22,1197.8399658203125,34.39670944213867,18.3700008392334,4.34,0.7,21.7
2010-11-23,1180.72998046875,33.91994094848633,20.6299991607666,4.34,0.69,21.7
2010-11-24,1198.3499755859375,34.50437927246094,19.559999465942383,4.34,0.8,21.7
2010-11-26,1189.4000244140625,34.25060272216797,22.219999313354492,4.34,0.75,21.7
2010-11-29,1187.760009765625,34.16602325439453,21.530000686645508,4.34,0.73,21.7
2010-11-30,1180.550048828125,34.027591705322266,23.540000915527344,4.34,0.74,21.7
2010-12-01,1206.0699462890625,34.788883209228516,21.360000610351562,4.34,0.83,22.4
2010-12-02,1221.530029296875,35.296424865722656,19.389999389648438,4.34,0.84,22.4
2010-12-03,1224.7099609375,35.434837341308594,18.010000228881836,4.34,0.86,22.4
2010-12-06,1223.1199951171875,35.41175842285156,18.020000457763672,4.34,0.79,22.4
2010-12-07,1223.75,35.419464111328125,17.989999771118164,4.34,0.92,22.4
2010-12-08,1228.280029296875,35.51175308227539,17.739999771118164,4.34,1.07,22.4
2010-12-09,1233.0,35.6655387878418,17.25,4.34,1.09,22.4
2010-12-10,1240.4000244140625,35.89624786376953,17.610000610351562,4.34,1.16,22.4
2010-12-13,1240.4599609375,35.8423957824707,17.549999237060547,4.34,1.11,22.4
2010-12-14,1241.5899658203125,35.8423957824707,17.610000610351562,4.34,1.27,22.4
2010-12-15,1235.22998046875,35.696292877197266,17.940000534057617,4.34,1.22,22.4
2010-12-16,1242.8699951171875,35.95005798339844,17.389999389648438,4.34,1.15,22.4
2010-12-17,1243.9100341796875,36.0819206237793,16.110000610351562,4.34,1.05,22.4
2010-12-20,1247.0799560546875,36.19758987426758,16.40999984741211,4.34,1.07,22.4
2010-12-21,1254.5999755859375,36.45207595825195,16.489999771118164,4.34,1.06,22.4
2010-12-22,1258.8399658203125,36.536903381347656,15.449999809265137,4.34,1.03,22.4
2010-12-23,1256.77001953125,36.45207595825195,16.469999313354492,4.34,1.08,22.4
2010-12-27,1257.5400390625,36.475215911865234,17.670000076293945,4.34,1.06,22.4
2010-12-28,1258.510009765625,36.475215911865234,17.520000457763672,4.34,1.17,22.4
2010-12-29,1259.780029296875,36.49064254760742,17.280000686645508,4.34,1.06,22.4
2010-12-30,1257.8800048828125,36.50605392456055,17.520000457763672,4.34,1.08,22.4
2010-12-31,1257.6400146484375,36.482940673828125,17.75,4.34,1.0,22.4
2011-01-03,1271.8699951171875,36.85307312011719,17.610000610351562,4.34,1.05,22.98
2011-01-04,1270.199951171875,36.67570495605469,17.3799991607666,4.34,1.01,22.98
2011-01-05,1276.56005859375,36.86849594116211,17.020000457763672,4.34,1.08,22.98
2011-01-06,1273.8499755859375,36.791385650634766,17.399999618530273,4.34,1.03,22.98
2011-01-07,1271.5,36.72197723388672,17.139999389648438,4.34,0.98,22.98
2011-01-10,1269.75,36.70656204223633,17.540000915527344,4.34,0.96,22.98
2011-01-11,1274.47998046875,36.883907318115234,16.889999389648438,4.34,0.97,22.98
2011-01-12,1285.9599609375,37.22322463989258,16.239999771118164,4.34,0.98,22.98
2011-01-13,1283.760009765625,37.176944732666016,16.389999389648438,4.34,0.97,22.98
2011-01-14,1293.239990234375,37.392879486083984,15.460000038146973,4.34,1.0,22.98
2011-01-18,1295.02001953125,37.554813385009766,15.869999885559082,4.34,0.99,22.98
2011-01-19,1281.9200439453125,37.061283111572266,17.309999465942383,4.34,0.99,22.98
2011-01-20,1280.260009765625,36.98414993286133,17.989999771118164,4.34,1.22,22.98
2011-01-21,1283.3499755859375,36.99187088012695,18.469999313354492,4.34,1.2,22.98
2011-01-24,1290.8399658203125,37.230934143066406,17.649999618530273,4.34,1.18,22.98
2011-01-25,1291.1800537109375,37.20780944824219,17.59000015258789,4.34,1.11,22.98
2011-01-26,1296.6300048828125,37.48542785644531,16.639999389648438,4.34,1.16,22.98
2011-01-27,1299.5400390625,37.66276168823242,16.149999618530273,4.34,1.16,22.98
2011-01-28,1276.3399658203125,36.91476058959961,20.040000915527344,4.34,1.09,22.98
2011-01-31,1286.1199951171875,37.25407409667969,19.530000686645508,4.34,1.08,22.98
2011-02-01,1307.5899658203125,37.78617858886719,17.6299991607666,4.34,1.11,23.49
2011-02-02,1304.030029296875,37.71676254272461,17.299999237060547,4.34,1.16,23.49
2011-02-03,1307.0999755859375,37.917240142822266,16.690000534057617,4.34,1.23,23.49
2011-02-04,1310.8699951171875,38.094642639160156,15.930000305175781,4.34,1.3,23.49
2011-02-07,1319.050048828125,38.34138870239258,16.280000686645508,4.34,1.32,23.49
2011-02-08,1324.5699462890625,38.50332260131836,15.8100004196167,4.34,1.39,23.49
2011-02-09,1320.8800048828125,38.41078567504883,15.869999885559082,4.34,1.34,23.49
2011-02-10,1321.8699951171875,38.51875305175781,16.09000015258789,4.34,1.39,23.49
2011-02-11,1329.1500244140625,38.81949996948242,15.6899995803833,4.34,1.36,23.49
2011-02-14,1332.3199462890625,38.88119125366211,15.949999809265137,4.34,1.34,23.49
2011-02-15,1328.010009765625,38.742393493652344,16.3700008392334,4.34,1.33,23.49
2011-02-16,1336.3199462890625,39.058555603027344,16.719999313354492,4.34,1.37,23.49
2011-02-17,1340.4300537109375,39.243614196777344,16.59000015258789,4.34,1.31,23.49
2011-02-18,1343.010009765625,39.28990936279297,16.43000030517578,4.34,1.25,23.49
2011-02-22,1315.43994140625,38.36451721191406,20.799999237060547,4.34,1.12,23.49
2011-02-23,1307.4000244140625,38.017486572265625,22.1299991607666,4.34,1.1,23.49
2011-02-24,1306.0999755859375,38.03293991088867,21.31999969482422,4.34,1.05,23.49
2011-02-25,1319.8800048828125,38.56501007080078,19.219999313354492,4.34,1.02,23.49
2011-02-28,1327.219970703125,38.750099182128906,18.350000381469727,4.34,1.03,23.49
2011-03-01,1306.3299560546875,38.07147216796875,21.010000228881836,4.34,1.0,22.9
2011-03-02,1308.43994140625,38.18714904785156,20.700000762939453,4.34,1.01,22.9
2011-03-03,1330.969970703125,38.88119125366211,18.600000381469727,4.34,1.09,22.9
2011-03-04,1321.1500244140625,38.626708984375,19.059999465942383,4.34,1.0,22.9
2011-03-07,1310.1300048828125,38.248844146728516,20.65999984741211,4.34,1.0,22.9
2011-03-08,1321.8199462890625,38.60358428955078,19.81999969482422,4.34,1.01,22.9
2011-03-09,1320.02001953125,38.53416061401367,20.219999313354492,4.34,0.98,22.9
2011-03-10,1295.1099853515625,37.79387283325195,21.8799991607666,4.34,0.91,22.9
2011-03-11,1304.280029296875,38.14860153198242,20.079999923706055,4.34,0.96,22.9
2011-03-14,1296.3900146484375,37.909542083740234,21.1299991607666,4.34,0.93,22.9
2011-03-15,1281.8699951171875,37.56251525878906,24.31999969482422,4.34,0.93,22.9
2011-03-16,1256.8800048828125,36.93791198730469,29.399999618530273,4.34,0.85,22.9
2011-03-17,1273.719970703125,37.33889389038086,26.3700008392334,4.34,0.82,22.9
2011-03-18,1279.2099609375,37.56344223022461,24.440000534057617,4.34,0.85,22.9
2011-03-21,1298.3800048828125,38.11323928833008,20.610000610351562,4.34,0.9,22.9
2011-03-22,1293.77001953125,37.93512725830078,20.209999084472656,4.34,0.95,22.9
2011-03-23,1297.5400390625,38.08225631713867,19.170000076293945,4.34,0.98,22.9
2011-03-24,1309.6600341796875,38.49266815185547,18.0,4.34,0.95,22.9
2011-03-25,1313.800048828125,38.63203811645508,17.90999984741211,4.34,1.02,22.9
2011-03-28,1310.18994140625,38.477169036865234,19.440000534057617,4.34,1.01,22.9
2011-03-29,1319.43994140625,38.74044418334961,18.15999984741211,4.34,1.03,22.9
2011-03-30,1328.260009765625,39.1043815612793,17.709999084472656,4.34,1.0,22.9
2011-03-31,1325.8299560546875,39.07342529296875,17.739999771118164,4.34,0.99,22.9
2011-04-01,1332.4100341796875,39.27475357055664,17.399999618530273,4.34,0.94,23.14
2011-04-04,1332.8699951171875,39.282493591308594,17.5,4.34,0.91,23.14
2011-04-05,1332.6300048828125,39.38315963745117,17.25,4.34,0.94,23.14
2011-04-06,1335.5400390625,39.46834945678711,16.899999618530273,4.34,0.99,23.14
2011-04-07,1333.510009765625,39.38315963745117,17.110000610351562,4.34,0.99,23.14
2011-04-08,1328.1700439453125,39.14310836791992,17.8700008392334,4.34,0.95,23.14
2011-04-11,1324.4599609375,38.98824691772461,16.59000015258789,4.34,0.96,23.14
2011-04-12,1314.1600341796875,38.732723236083984,17.09000015258789,4.34,0.9,23.14
2011-04-13,1314.4100341796875,38.77143478393555,16.920000076293945,4.34,0.88,23.14
2011-04-14,1314.52001953125,38.8178825378418,16.270000457763672,4.34,0.89,23.14
2011-04-15,1319.6800537109375,39.07342529296875,15.319999694824219,4.34,0.82,23.14
2011-04-18,1305.1400146484375,38.58558654785156,16.959999084472656,4.34,0.8,23.14
2011-04-19,1312.6199951171875,38.78689956665039,15.829999923706055,4.34,0.76,23.14
2011-04-20,1330.3599853515625,39.398651123046875,15.069999694824219,4.34,0.82,23.14
2011-04-21,1337.3800048828125,39.61546325683594,14.6899995803833,4.34,0.83,23.14
2011-04-25,1335.25,39.5612678527832,15.770000457763672,4.34,0.79,23.14
2011-04-26,1347.239990234375,39.87873458862305,15.619999885559082,4.34,0.76,23.14
2011-04-27,1355.6600341796875,40.08007049560547,15.350000381469727,4.34,0.81,23.14
2011-04-28,1360.47998046875,40.21945571899414,14.619999885559082,4.34,0.78,23.14
2011-04-29,1363.6099853515625,40.2968864440918,14.75,4.34,0.75,23.14
2011-05-02,1361.219970703125,40.21945571899414,15.989999771118164,4.34,0.75,23.06
2011-05-03,1356.6199951171875,39.99488830566406,16.700000762939453,4.34,0.73,23.06
2011-05-04,1347.3199462890625,39.708370208740234,17.079999923706055,4.34,0.7,23.06
2011-05-05,1335.0999755859375,39.50704574584961,18.200000762939453,4.34,0.7,23.06
2011-05-06,1340.199951171875,39.669673919677734,18.399999618530273,4.34,0.71,23.06
2011-05-09,1346.2900390625,39.87873458862305,17.15999984741211,4.34,0.69,23.06
2011-05-10,1357.1600341796875,40.32011413574219,15.90999984741211,4.34,0.74,23.06
2011-05-11,1342.0799560546875,39.89424514770508,16.950000762939453,4.34,0.76,23.06
2011-05-12,1348.6500244140625,40.15750503540039,16.030000686645508,4.34,0.79,23.06
2011-05-13,1337.77001953125,39.824527740478516,17.06999969482422,4.34,0.79,23.06
2011-05-16,1329.469970703125,39.59223556518555,18.239999771118164,4.34,0.81,23.06
2011-05-17,1328.97998046875,39.52255630493164,17.549999237060547,4.34,0.82,23.06
2011-05-18,1340.6800537109375,39.93293762207031,16.229999542236328,4.34,0.82,23.06
2011-05-19,1343.5999755859375,40.03361511230469,15.520000457763672,4.34,0.91,23.06
2011-05-20,1333.27001953125,39.754844665527344,17.43000030517578,4.34,0.85,23.06
2011-05-23,1317.3699951171875,39.22829818725586,18.270000457763672,4.34,0.84,23.06
2011-05-24,1316.280029296875,39.16633987426758,17.81999969482422,4.34,0.79,23.06
2011-05-25,1320.469970703125,39.29798889160156,17.06999969482422,4.34,0.8,23.06
2011-05-26,1325.68994140625,39.514808654785156,16.09000015258789,4.34,0.76,23.06
2011-05-27,1331.0999755859375,39.708370208740234,15.979999542236328,4.34,0.79,23.06
2011-05-31,1345.199951171875,40.04910659790039,15.449999809265137,4.34,0.8,23.06
2011-06-01,1314.550048828125,39.1043815612793,18.299999237060547,4.34,0.74,22.1
2011-06-02,1312.93994140625,39.065677642822266,18.09000015258789,4.34,0.78,22.1
2011-06-03,1300.1600341796875,38.57783889770508,17.950000762939453,4.34,0.75,22.1
2011-06-06,1286.1700439453125,38.08225631713867,18.489999771118164,4.34,0.76,22.1
2011-06-07,1284.93994140625,38.17517852783203,18.06999969482422,4.34,0.76,22.1
2011-06-08,1279.56005859375,37.89642333984375,18.790000915527344,4.34,0.76,22.1
2011-06-09,1289.0,38.17517852783203,17.770000457763672,4.34,0.8,22.1
2011-06-10,1270.97998046875,37.60991287231445,18.860000610351562,4.34,0.79,22.1
2011-06-13,1271.8299560546875,37.586673736572266,19.610000610351562,4.34,0.8,22.1
2011-06-14,1287.8699951171875,38.190673828125,18.260000228881836,4.34,0.83,22.1
2011-06-15,1265.4200439453125,37.50925064086914,21.31999969482422,4.34,0.74,22.1
2011-06-16,1267.6400146484375,37.50925064086914,22.729999542236328,4.34,0.73,22.1
2011-06-17,1271.5,37.67240905761719,21.850000381469727,4.34,0.75,22.1
2011-06-20,1278.3599853515625,37.92878341674805,19.989999771118164,4.34,0.79,22.1
2011-06-21,1295.52001953125,38.53477096557617,18.860000610351562,4.34,0.78,22.1
2011-06-22,1287.1400146484375,38.317230224609375,18.520000457763672,4.34,0.82,22.1
2011-06-23,1283.5,38.239540100097656,19.290000915527344,4.34,0.71,22.1
2011-06-24,1268.449951171875,37.82002258300781,21.100000381469727,4.34,0.64,22.1
2011-06-27,1280.0999755859375,38.07638168334961,20.559999465942383,4.34,0.67,22.1
2011-06-28,1296.6700439453125,38.620235443115234,19.170000076293945,4.34,0.73,22.1
2011-06-29,1307.4100341796875,38.962074279785156,17.270000457763672,4.34,0.74,22.1
2011-06-30,1320.6400146484375,39.32722091674805,16.520000457763672,4.34,0.75,22.1
2011-07-01,1339.6700439453125,39.92543411254883,15.869999885559082,4.34,0.77,22.61
2011-07-05,1337.8800048828125,39.83222198486328,16.059999465942383,4.34,0.77,22.61
2011-07-06,1339.219970703125,39.855525970458984,16.34000015258789,4.34,0.74,22.61
2011-07-07,1353.219970703125,40.33720016479492,15.949999809265137,4.34,0.75,22.61
2011-07-08,1343.800048828125,39.979835510253906,15.949999809265137,4.34,0.69,22.61
2011-07-11,1319.489990234375,39.13299560546875,18.389999389648438,4.34,0.63,22.61
2011-07-12,1313.6400146484375,38.96985626220703,19.8700008392334,4.34,0.6,22.61
2011-07-13,1317.719970703125,39.055301666259766,19.90999984741211,4.34,0.59,22.61
2011-07-14,1308.8699951171875,38.65906524658203,20.799999237060547,4.34,0.68,22.61
2011-07-15,1316.1400146484375,38.87661361694336,19.530000686645508,4.34,0.61,22.61
2011-07-18,1305.43994140625,38.41046905517578,20.950000762939453,4.34,0.58,22.61
2011-07-19,1326.72998046875,39.08637619018555,19.209999084472656,4.34,0.54,22.61
2011-07-20,1325.8399658203125,39.07083511352539,19.09000015258789,4.34,0.62,22.61
2011-07-21,1343.800048828125,39.583595275878906,17.559999465942383,4.34,0.68,22.61
2011-07-22,1345.02001953125,39.62244415283203,17.520000457763672,4.34,0.61,22.61
2011-07-25,1337.4300537109375,39.37383270263672,19.350000381469727,4.34,0.58,22.61
2011-07-26,1331.93994140625,39.19514465332031,20.229999542236328,4.34,0.57,22.61
2011-07-27,1304.8900146484375,38.262847900390625,22.979999542236328,4.34,0.56,22.61
2011-07-28,1300.6700439453125,38.09193801879883,23.739999771118164,4.34,0.52,22.61
2011-07-29,1292.280029296875,37.90546798706055,25.25,4.34,0.38,22.61
2011-08-01,1286.93994140625,37.61801528930664,23.65999984741211,4.34,0.33,20.05
2011-08-02,1254.050048828125,36.4759521484375,24.790000915527344,4.34,0.29,20.05
2011-08-03,1260.3399658203125,36.701271057128906,23.3799991607666,4.34,0.36,20.05
2011-08-04,1200.0699462890625,34.758995056152344,31.65999984741211,4.34,0.24,20.05
2011-08-05,1199.3800048828125,34.626914978027344,32.0,4.34,0.32,20.05
2011-08-08,1119.4599609375,32.08640670776367,48.0,4.34,0.2,20.05
2011-08-09,1172.530029296875,33.71015930175781,35.060001373291016,4.34,0.0,20.05
2011-08-10,1120.760009765625,32.265098571777344,42.9900016784668,4.34,-0.13,20.05
2011-08-11,1172.6400146484375,33.919918060302734,39.0,4.34,0.06,20.05
2011-08-12,1178.81005859375,34.106388092041016,36.36000061035156,4.34,-0.02,20.05
2011-08-15,1204.489990234375,34.93767166137695,31.8700008392334,4.34,0.06,20.05
2011-08-16,1192.760009765625,34.52591323852539,32.849998474121094,4.34,0.05,20.05
2011-08-17,1193.8900146484375,34.463768005371094,31.579999923706055,4.34,0.01,20.05
2011-08-18,1140.6500244140625,32.79340362548828,42.66999816894531,4.34,0.09,20.05
2011-08-19,1123.530029296875,32.249576568603516,43.04999923706055,4.34,0.02,20.05
2011-08-22,1123.8199462890625,32.296173095703125,42.439998626708984,4.34,0.03,20.05
2011-08-23,1162.3499755859375,33.469322204589844,36.27000045776367,4.34,0.13,20.05
2011-08-24,1177.5999755859375,33.974308013916016,35.900001525878906,4.34,0.25,20.05
2011-08-25,1159.27001953125,33.329463958740234,39.7599983215332,4.34,0.13,20.05
2011-08-26,1176.800048828125,33.92768096923828,35.59000015258789,4.34,0.15,20.05
2011-08-29,1210.0799560546875,35.10082244873047,32.279998779296875,4.34,0.22,20.05
2011-08-30,1212.9200439453125,35.24843978881836,32.88999938964844,4.34,0.14,20.05
2011-08-31,1218.8900146484375,35.49705123901367,31.6200008392334,4.34,0.18,20.05
2011-09-01,1204.4200439453125,35.00759506225586,31.81999969482422,4.34,0.07,19.7
2011-09-02,1173.969970703125,33.98986053466797,33.91999816894531,4.34,0.0,19.7
2011-09-06,1165.239990234375,33.76453399658203,37.0,4.34,0.05,19.7
2011-09-07,1198.6199951171875,34.891056060791016,33.380001068115234,4.34,0.09,19.7
2011-09-08,1185.9000244140625,34.42491912841797,34.31999969482422,4.34,0.0,19.7
2011-09-09,1154.22998046875,33.484832763671875,38.52000045776367,4.34,-0.03,19.7
2011-09-12,1162.27001953125,33.694610595703125,38.59000015258789,4.34,0.0,19.7
2011-09-13,1172.8699951171875,34.0986328125,36.90999984741211,4.34,0.07,19.7
2011-09-14,1188.6800537109375,34.626914978027344,34.599998474121094,4.34,0.12,19.7
2011-09-15,1209.1099853515625,35.201820373535156,31.969999313354492,4.34,0.13,19.7
2011-09-16,1216.010009765625,35.349998474121094,30.979999542236328,4.34,0.13,19.7
2011-09-19,1204.0899658203125,34.889888763427734,32.72999954223633,4.34,0.09,19.7
2011-09-20,1202.0899658203125,34.74173355102539,32.86000061035156,4.34,0.04,19.7
2011-09-21,1166.760009765625,33.50956344604492,37.31999969482422,4.34,0.02,19.7
2011-09-22,1129.56005859375,32.3944206237793,41.349998474121094,4.34,0.01,19.7
2011-09-23,1136.4300537109375,32.62056350708008,41.25,4.34,0.1,19.7
2011-09-26,1162.949951171875,33.431583404541016,39.02000045776367,4.34,0.12,19.7
2011-09-27,1175.3800048828125,33.88389587402344,37.709999084472656,4.34,0.12,19.7
2011-09-28,1151.06005859375,32.94809341430664,41.08000183105469,4.34,0.16,19.7
2011-09-29,1160.4000244140625,33.22104263305664,38.84000015258789,4.34,0.17,19.7
2011-09-30,1131.4200439453125,32.285240173339844,42.959999084472656,4.34,0.17,19.7
2011-10-03,1099.22998046875,31.107675552368164,45.45000076293945,4.34,0.07,20.16
2011-10-04,1123.949951171875,32.02009201049805,40.81999969482422,4.34,0.05,20.16
2011-10-05,1144.030029296875,32.745330810546875,37.810001373291016,4.34,0.12,20.16
2011-10-06,1164.969970703125,33.50176239013672,36.27000045776367,4.34,0.13,20.16
2011-10-07,1155.4599609375,33.1274528503418,36.20000076293945,4.34,0.16,20.16
2011-10-10,1194.8900146484375,34.2816047668457,33.02000045776367,4.34,0.16,20.16
2011-10-11,1195.5400390625,34.328407287597656,32.86000061035156,4.34,0.23,20.16
2011-10-12,1207.25,34.694942474365234,31.260000228881836,4.34,0.26,20.16
2011-10-13,1203.6600341796875,34.59355926513672,30.700000762939453,4.34,0.27,20.16
2011-10-14,1224.5799560546875,35.194034576416016,28.239999771118164,4.34,0.28,20.16
2011-10-17,1200.8599853515625,34.39078140258789,33.38999938964844,4.34,0.24,20.16
2011-10-18,1225.3800048828125,35.20962142944336,31.559999465942383,4.34,0.22,20.16
2011-10-19,1209.8800048828125,34.765113830566406,34.439998626708984,4.34,0.23,20.16
2011-10-20,1215.3900146484375,34.928871154785156,34.779998779296875,4.34,0.22,20.16
2011-10-21,1238.25,35.77108383178711,31.31999969482422,4.34,0.23,20.16
2011-10-24,1254.18994140625,36.441776275634766,29.260000228881836,4.34,0.23,20.16
2011-10-25,1229.050048828125,35.61512756347656,32.220001220703125,4.34,0.12,20.16
2011-10-26,1242.0,36.00504684448242,29.860000610351562,4.34,0.15,20.16
2011-10-27,1284.5899658203125,37.46335220336914,25.459999084472656,4.34,0.24,20.16
2011-10-28,1285.0899658203125,37.486751556396484,24.530000686645508,4.34,0.19,20.16
2011-10-31,1253.300048828125,36.504154205322266,29.959999084472656,4.34,0.08,20.16
2011-11-01,1218.280029296875,35.37337875366211,34.77000045776367,4.34,-0.04,20.35
2011-11-02,1237.9000244140625,36.04404067993164,32.7400016784668,4.34,-0.07,20.35
2011-11-03,1261.1500244140625,36.76148986816406,30.5,4.34,0.0,20.35
2011-11-04,1253.22998046875,36.62114715576172,30.15999984741211,4.34,-0.06,20.35
2011-11-07,1261.1199951171875,36.79269790649414,29.850000381469727,4.34,-0.1,20.35
2011-11-08,1275.9200439453125,37.205997467041016,27.479999542236328,4.34,-0.03,20.35
2011-11-09,1229.0999755859375,35.67750930786133,36.15999984741211,4.34,-0.04,20.35
2011-11-10,1239.699951171875,35.99725341796875,32.810001373291016,4.34,-0.04,20.35
2011-11-11,1263.8499755859375,36.79269790649414,30.040000915527344,4.34,-0.04,20.35
2011-11-14,1251.780029296875,36.45735549926758,31.1299991607666,4.34,-0.01,20.35
2011-11-15,1257.81005859375,36.61331558227539,31.219999313354492,4.34,0.04,20.35
2011-11-16,1236.9100341796875,35.98166275024414,33.5099983215332,4.34,0.05,20.35
2011-11-17,1216.1300048828125,35.30320739746094,34.5099983215332,4.34,0.06,20.35
2011-11-18,1215.6500244140625,35.233009338378906,32.0,4.34,0.05,20.35
2011-11-21,1192.97998046875,34.58574676513672,32.90999984741211,4.34,0.07,20.35
2011-11-22,1188.0400390625,34.39078140258789,31.969999313354492,4.34,0.05,20.35
2011-11-23,1161.7900390625,33.57197570800781,33.97999954223633,4.34,-0.01,20.35
2011-11-25,1158.6700439453125,33.50176239013672,34.470001220703125,4.34,0.05,20.35
2011-11-28,1192.550048828125,34.55457305908203,32.130001068115234,4.34,0.02,20.35
2011-11-29,1195.18994140625,34.62474060058594,30.639999389648438,4.34,0.01,20.35
2011-11-30,1246.9599609375,36.18442916870117,27.799999237060547,4.34,0.03,20.35
2011-12-01,1244.5799560546875,36.161014556884766,27.40999984741211,4.34,0.06,20.52
2011-12-02,1244.280029296875,36.12202453613281,27.520000457763672,4.34,0.0,20.52
2011-12-05,1257.0799560546875,36.550933837890625,27.84000015258789,4.34,-0.01,20.52
2011-12-06,1258.469970703125,36.52754211425781,28.1299991607666,4.34,0.01,20.52
2011-12-07,1261.010009765625,36.57432556152344,28.670000076293945,4.34,-0.01,20.52
2011-12-08,1234.3499755859375,35.654136657714844,30.59000015258789,4.34,0.01,20.52
2011-12-09,1255.18994140625,36.324790954589844,26.3799991607666,4.34,0.05,20.52
2011-12-12,1236.469970703125,35.755516052246094,25.670000076293945,4.34,-0.01,20.52
2011-12-13,1225.72998046875,35.21741485595703,25.40999984741211,4.34,-0.05,20.52
2011-12-14,1211.8199462890625,34.81192398071289,26.040000915527344,4.34,-0.04,20.52
2011-12-15,1215.75,34.975669860839844,25.110000610351562,4.34,-0.01,20.52
2011-12-16,1219.6600341796875,35.06651306152344,24.290000915527344,4.34,-0.05,20.52
2011-12-19,1205.3499755859375,34.580997467041016,24.920000076293945,4.34,-0.12,20.52
2011-12-20,1241.300048828125,35.72429656982422,23.219999313354492,4.34,-0.1,20.52
2011-12-21,1243.719970703125,35.8574333190918,21.43000030517578,4.34,-0.07,20.52
2011-12-22,1254.0,36.26463317871094,21.15999984741211,4.34,-0.07,20.52
2011-12-23,1265.3299560546875,36.554378509521484,20.729999542236328,4.34,-0.04,20.52
2011-12-27,1265.4300537109375,36.53871536254883,21.90999984741211,4.34,-0.02,20.52
2011-12-28,1249.6400146484375,36.021873474121094,23.520000457763672,4.34,-0.07,20.52
2011-12-29,1263.02001953125,36.40559005737305,22.649999618530273,4.34,-0.05,20.52
2011-12-30,1257.5999755859375,36.241127014160156,23.399999618530273,4.34,-0.07,20.52
2012-01-03,1277.06005859375,36.797122955322266,22.969999313354492,4.34,-0.04,21.21
2012-01-04,1277.300048828125,36.765785217285156,22.219999313354492,4.34,-0.08,21.21
2012-01-05,1281.06005859375,36.91459274291992,21.479999542236328,4.34,-0.1,21.21
2012-01-06,1277.81005859375,36.86760711669922,20.6299991607666,4.34,-0.11,21.21
2012-01-09,1280.699951171875,36.969417572021484,21.06999969482422,4.34,-0.13,21.21
2012-01-10,1292.0799560546875,37.44707489013672,20.690000534057617,4.34,-0.08,21.21
2012-01-11,1292.47998046875,37.50189208984375,21.049999237060547,4.34,-0.1,21.21
2012-01-12,1295.5,37.65852355957031,20.469999313354492,4.34,-0.1,21.21
2012-01-13,1289.0899658203125,37.431427001953125,20.90999984741211,4.34,-0.14,21.21
2012-01-17,1293.6700439453125,37.50973892211914,22.200000762939453,4.34,-0.17,21.21
2012-01-18,1308.0400390625,38.05788803100586,20.889999389648438,4.34,-0.15,21.21
2012-01-19,1314.5,38.34762954711914,19.8700008392334,4.34,0.0,21.21
2012-01-20,1315.3800048828125,38.3006477355957,18.280000686645508,4.34,0.01,21.21
2012-01-23,1316.0,38.32413864135742,18.670000076293945,4.34,0.02,21.21
2012-01-24,1314.6500244140625,38.38678741455078,18.90999984741211,4.34,-0.01,21.21
2012-01-25,1326.06005859375,38.770503997802734,18.309999465942383,4.34,-0.12,21.21
2012-01-26,1318.4300537109375,38.51207733154297,18.56999969482422,4.34,-0.16,21.21
2012-01-27,1316.3299560546875,38.52772903442383,18.530000686645508,4.34,-0.18,21.21
2012-01-30,1313.010009765625,38.30847930908203,19.399999618530273,4.34,-0.24,21.21
2012-01-31,1312.4100341796875,38.3006477355957,19.440000534057617,4.34,-0.28,21.21
2012-02-01,1324.0899658203125,38.80181884765625,18.549999237060547,4.34,-0.28,21.8
2012-02-02,1325.5400390625,38.85664367675781,17.979999542236328,4.34,-0.3,21.8
2012-02-03,1344.9000244140625,39.498756408691406,17.100000381469727,4.34,-0.21,21.8
2012-02-06,1344.3299560546875,39.436134338378906,17.760000228881836,4.34,-0.26,21.8
2012-02-07,1347.050048828125,39.51443099975586,17.649999618530273,4.34,-0.21,21.8
2012-02-08,1349.9599609375,39.63972091674805,18.15999984741211,4.34,-0.21,21.8
2012-02-09,1351.949951171875,39.686702728271484,18.6299991607666,4.34,-0.17,21.8
2012-02-10,1342.6400146484375,39.38131332397461,20.790000915527344,4.34,-0.24,21.8
2012-02-13,1351.77001953125,39.6162223815918,19.040000915527344,4.34,-0.22,21.8
2012-02-14,1350.5,39.5535888671875,19.540000915527344,4.34,-0.27,21.8
2012-02-15,1343.22998046875,39.436134338378906,21.139999389648438,4.34,-0.26,21.8
2012-02-16,1358.0400390625,39.92947006225586,19.219999313354492,4.34,-0.24,21.8
2012-02-17,1361.22998046875,40.03910827636719,17.780000686645508,4.34,-0.23,21.8
2012-02-21,1362.2099609375,39.921627044677734,18.190000534057617,4.34,-0.22,21.8
2012-02-22,1357.6600341796875,39.74152755737305,18.190000534057617,4.34,-0.27,21.8
2012-02-23,1363.4599609375,39.976444244384766,16.799999237060547,4.34,-0.3,21.8
2012-02-24,1365.739990234375,40.0234375,17.309999465942383,4.34,-0.29,21.8
2012-02-27,1367.5899658203125,40.070411682128906,18.190000534057617,4.34,-0.32,21.8
2012-02-28,1372.1800537109375,40.10956573486328,17.959999084472656,4.34,-0.31,21.8
2012-02-29,1365.6800537109375,39.83549118041992,18.43000030517578,4.34,-0.28,21.8
2012-03-01,1374.0899658203125,40.078243255615234,17.260000228881836,4.34,-0.23,22.05
2012-03-02,1369.6300048828125,39.89030838012695,17.290000915527344,4.34,-0.24,22.05
2012-03-05,1364.3299560546875,39.63972091674805,18.049999237060547,4.34,-0.2,22.05
2012-03-06,1343.3599853515625,38.95061492919922,20.8700008392334,4.34,-0.21,22.05
2012-03-07,1352.6300048828125,39.271671295166016,19.06999969482422,4.34,-0.22,22.05
2012-03-08,1365.9100341796875,39.74152755737305,17.950000762939453,4.34,-0.21,22.05
2012-03-09,1370.8699951171875,40.007755279541016,17.110000610351562,4.34,-0.24,22.05
2012-03-12,1371.0899658203125,39.90597915649414,15.640000343322754,4.34,-0.24,22.05
2012-03-13,1395.949951171875,40.65774154663086,14.800000190734863,4.34,-0.2,22.05
2012-03-14,1394.280029296875,40.55593490600586,15.3100004196167,4.34,-0.07,22.05
2012-03-15,1402.5999755859375,40.88481903076172,15.420000076293945,4.34,-0.08,22.05
2012-03-16,1404.1700439453125,40.93275833129883,14.470000267028809,4.34,-0.09,22.05
2012-03-19,1409.75,41.042762756347656,15.039999961853027,4.34,-0.03,22.05
2012-03-20,1405.52001953125,40.83847427368164,15.579999923706055,4.34,-0.04,22.05
2012-03-21,1402.8900146484375,40.791316986083984,15.130000114440918,4.34,-0.08,22.05
2012-03-22,1392.780029296875,40.43770217895508,15.569999694824219,4.34,-0.08,22.05
2012-03-23,1397.1099853515625,40.60273742675781,14.819999694824219,4.34,-0.11,22.05
2012-03-26,1416.510009765625,41.113494873046875,14.260000228881836,4.34,-0.08,22.05
2012-03-27,1412.52001953125,41.01920700073242,15.59000015258789,4.34,-0.13,22.05
2012-03-28,1405.5400390625,40.68131637573242,15.470000267028809,4.34,-0.11,22.05
2012-03-29,1403.280029296875,40.642024993896484,15.479999542236328,4.34,-0.13,22.05
2012-03-30,1408.469970703125,40.759891510009766,15.5,4.34,-0.09,22.05
2012-04-02,1419.0400390625,41.07421112060547,15.640000343322754,4.34,-0.14,21.78
2012-04-03,1413.3800048828125,40.9249153137207,15.65999984741211,4.34,-0.06,21.78
2012-04-04,1398.9599609375,40.453407287597656,16.440000534057617,4.34,-0.05,21.78
2012-04-05,1398.0799560546875,40.33555221557617,16.700000762939453,4.34,-0.08,21.78
2012-04-09,1382.199951171875,39.80905532836914,18.809999465942383,4.34,-0.17,21.78
2012-04-10,1358.5899658203125,39.07826232910156,20.389999389648438,4.34,-0.24,21.78
2012-04-11,1368.7099609375,39.439720153808594,20.020000457763672,4.34,-0.25,21.78
2012-04-12,1387.5699462890625,40.08407974243164,17.200000762939453,4.34,-0.22,21.78
2012-04-13,1370.260009765625,39.61259460449219,19.549999237060547,4.34,-0.25,21.78
2012-04-16,1369.5699462890625,39.62045669555664,19.549999237060547,4.34,-0.26,21.78
2012-04-17,1390.780029296875,40.17839431762695,18.459999084472656,4.34,-0.26,21.78
2012-04-18,1385.1400146484375,40.01335906982422,18.639999389648438,4.34,-0.26,21.78
2012-04-19,1376.9200439453125,39.84835433959961,18.360000610351562,4.34,-0.21,21.78
2012-04-20,1378.530029296875,39.9190673828125,17.440000534057617,4.34,-0.24,21.78
2012-04-23,1366.93994140625,39.49473190307617,18.969999313354492,4.34,-0.26,21.78
2012-04-24,1371.969970703125,39.64403533935547,18.100000381469727,4.34,-0.25,21.78
2012-04-25,1390.68994140625,40.131229400634766,16.81999969482422,4.34,-0.24,21.78
2012-04-26,1399.97998046875,40.453407287597656,16.239999771118164,4.34,-0.29,21.78
2012-04-27,1403.3599853515625,40.57129669189453,16.31999969482422,4.34,-0.3,21.78
2012-04-30,1397.9100341796875,40.453407287597656,17.149999618530273,4.34,-0.3,21.78
2012-05-01,1405.8199462890625,40.71274185180664,16.600000381469727,4.34,-0.28,20.94
2012-05-02,1402.31005859375,40.60273742675781,16.8799991607666,4.34,-0.28,20.94
2012-05-03,1391.5699462890625,40.19409942626953,17.559999465942383,4.34,-0.27,20.94
2012-05-04,1369.0999755859375,39.557586669921875,19.15999984741211,4.34,-0.3,20.94
2012-05-07,1369.5799560546875,39.518310546875,18.940000534057617,4.34,-0.27,20.94
2012-05-08,1363.719970703125,39.2904167175293,19.049999237060547,4.34,-0.28,20.94
2012-05-09,1354.5799560546875,39.12540817260742,20.079999923706055,4.34,-0.27,20.94
2012-05-10,1357.989990234375,39.14897537231445,18.829999923706055,4.34,-0.25,20.94
2012-05-11,1353.3900146484375,39.10181427001953,19.889999389648438,4.34,-0.28,20.94
2012-05-14,1338.3499755859375,38.63819122314453,21.8700008392334,4.34,-0.33,20.94
2012-05-15,1330.6600341796875,38.363155364990234,21.969999313354492,4.34,-0.36,20.94
2012-05-16,1324.800048828125,38.11170196533203,22.270000457763672,4.34,-0.33,20.94
2012-05-17,1304.8599853515625,37.36518478393555,24.489999771118164,4.34,-0.35,20.94
2012-05-18,1295.219970703125,37.01158142089844,25.100000381469727,4.34,-0.39,20.94
2012-05-21,1315.989990234375,37.75023651123047,22.010000228881836,4.34,-0.41,20.94
2012-05-22,1316.6300048828125,37.820960998535156,22.479999542236328,4.34,-0.38,20.94
2012-05-23,1318.8599853515625,37.946678161621094,22.329999923706055,4.34,-0.41,20.94
2012-05-24,1320.6800537109375,37.98597717285156,21.540000915527344,4.34,-0.37,20.94
2012-05-25,1317.8199462890625,37.98597717285156,21.760000228881836,4.34,-0.38,20.94
2012-05-29,1332.4200439453125,38.44960021972656,21.030000686645508,4.34,-0.37,20.94
2012-05-30,1313.3199462890625,37.75023651123047,24.139999389648438,4.34,-0.45,20.94
2012-05-31,1310.3299560546875,37.624507904052734,24.059999465942383,4.34,-0.5,20.94
2012-06-01,1278.0400390625,36.57938003540039,26.65999984741211,4.34,-0.59,20.55
2012-06-04,1278.1800537109375,36.50080108642578,26.1200008392334,4.34,-0.56,20.55
2012-06-05,1285.5,36.862274169921875,24.68000030517578,4.34,-0.56,20.55
2012-06-06,1315.1300048828125,37.742366790771484,22.15999984741211,4.34,-0.5,20.55
2012-06-07,1314.989990234375,37.703086853027344,21.719999313354492,4.34,-0.49,20.55
2012-06-08,1325.6600341796875,37.993839263916016,21.229999542236328,4.34,-0.5,20.55
2012-06-11,1308.9300537109375,37.41234588623047,23.559999465942383,4.34,-0.53,20.55
2012-06-12,1324.1800537109375,37.852378845214844,22.09000015258789,4.34,-0.48,20.55
2012-06-13,1314.8800048828125,37.51449966430664,24.270000457763672,4.34,-0.51,20.55
2012-06-14,1329.0999755859375,37.891685485839844,21.68000030517578,4.34,-0.47,20.55
2012-06-15,1342.8399658203125,38.327274322509766,21.110000610351562,4.34,-0.54,20.55
2012-06-18,1344.780029296875,38.42986297607422,18.31999969482422,4.34,-0.54,20.55
2012-06-19,1357.97998046875,38.895450592041016,18.3799991607666,4.34,-0.53,20.55
2012-06-20,1355.68994140625,38.84809112548828,17.239999771118164,4.34,-0.51,20.55
2012-06-21,1325.510009765625,37.845909118652344,20.079999923706055,4.34,-0.47,20.55
2012-06-22,1335.02001953125,38.1300048828125,18.110000610351562,4.34,-0.42,20.55
2012-06-25,1313.719970703125,37.45135498046875,20.3799991607666,4.34,-0.47,20.55
2012-06-26,1319.989990234375,37.65652847290039,19.719999313354492,4.34,-0.45,20.55
2012-06-27,1331.8499755859375,38.011627197265625,19.450000762939453,4.34,-0.45,20.55
2012-06-28,1329.0400390625,38.027408599853516,19.709999084472656,4.34,-0.48,20.55
2012-06-29,1362.1600341796875,39.07693099975586,17.079999923706055,4.34,-0.46,20.55
2012-07-02,1365.510009765625,39.17162322998047,16.799999237060547,4.34,-0.5,21.0
2012-07-03,1374.02001953125,39.52671432495117,16.65999984741211,4.34,-0.48,21.0
2012-07-05,1367.5799560546875,39.36101531982422,17.5,4.34,-0.51,21.0
2012-07-06,1354.6800537109375,38.927001953125,17.100000381469727,4.34,-0.53,21.0
2012-07-09,1352.4599609375,38.70606231689453,17.979999542236328,4.34,-0.57,21.0
2012-07-10,1341.469970703125,38.29570770263672,18.719999313354492,4.34,-0.59,21.0
2012-07-11,1341.449951171875,38.3035888671875,17.950000762939453,4.34,-0.57,21.0
2012-07-12,1334.760009765625,38.082645416259766,18.329999923706055,4.34,-0.58,21.0
2012-07-13,1356.780029296875,38.690277099609375,16.739999771118164,4.34,-0.59,21.0
2012-07-16,1353.6400146484375,38.540348052978516,17.110000610351562,4.34,-0.61,21.0
2012-07-17,1363.6700439453125,38.816532135009766,16.479999542236328,4.34,-0.59,21.0
2012-07-18,1372.780029296875,39.155845642089844,16.15999984741211,4.34,-0.6,21.0
2012-07-19,1376.510009765625,39.282108306884766,15.449999809265137,4.34,-0.62,21.0
2012-07-20,1362.6600341796875,38.84809112548828,16.270000457763672,4.34,-0.67,21.0
2012-07-23,1350.52001953125,38.38251495361328,18.6200008392334,4.34,-0.68,21.0
2012-07-24,1338.31005859375,37.96427917480469,20.469999313354492,4.34,-0.68,21.0
2012-07-25,1337.8900146484375,37.98005676269531,19.34000015258789,4.34,-0.67,21.0
2012-07-26,1360.02001953125,38.64291763305664,17.530000686645508,4.34,-0.66,21.0
2012-07-27,1385.969970703125,39.447818756103516,16.700000762939453,4.34,-0.61,21.0
2012-07-30,1385.300048828125,39.408355712890625,18.030000686645508,4.34,-0.64,21.0
2012-07-31,1379.3199462890625,39.124290466308594,18.93000030517578,4.34,-0.69,21.0
2012-08-01,1375.3199462890625,38.982261657714844,18.959999084472656,4.34,-0.67,21.41
2012-08-02,1365.0,38.68238067626953,17.56999969482422,4.34,-0.69,21.41
2012-08-03,1390.989990234375,39.495155334472656,15.640000343322754,4.34,-0.66,21.41
2012-08-06,1394.22998046875,39.6845588684082,15.949999809265137,4.34,-0.68,21.41
2012-08-07,1401.3499755859375,40.0791015625,15.989999771118164,4.34,-0.65,21.41
2012-08-08,1402.219970703125,40.18956756591797,15.319999694824219,4.34,-0.61,21.41
2012-08-09,1402.800048828125,40.25271224975586,15.279999732971191,4.34,-0.58,21.41
2012-08-10,1405.8699951171875,40.30796432495117,14.739999771118164,4.34,-0.6,21.41
2012-08-13,1404.1099853515625,40.260597229003906,13.699999809265137,4.34,-0.58,21.41
2012-08-14,1403.9300537109375,40.18168640136719,14.850000381469727,4.34,-0.53,21.41
2012-08-15,1405.530029296875,40.33162307739258,14.630000114440918,4.34,-0.45,21.41
2012-08-16,1415.510009765625,40.678829193115234,14.289999961853027,4.34,-0.42,21.41
2012-08-17,1418.1600341796875,40.75774002075195,13.449999809265137,4.34,-0.43,21.41
2012-08-20,1418.1300048828125,40.718299865722656,14.020000457763672,4.34,-0.43,21.41
2012-08-21,1413.1700439453125,40.678829193115234,15.020000457763672,4.34,-0.45,21.41
2012-08-22,1413.489990234375,40.62358856201172,15.109999656677246,4.34,-0.55,21.41
2012-08-23,1402.0799560546875,40.25271224975586,15.960000038146973,4.34,-0.62,21.41
2012-08-24,1411.1300048828125,40.465763092041016,15.180000305175781,4.34,-0.6,21.41
2012-08-27,1410.43994140625,40.386863708496094,16.350000381469727,4.34,-0.64,21.41
2012-08-28,1409.300048828125,40.3631706237793,16.489999771118164,4.34,-0.68,21.41
2012-08-29,1410.489990234375,40.45787811279297,17.059999465942383,4.34,-0.64,21.41
2012-08-30,1399.47998046875,40.14223098754883,17.829999923706055,4.34,-0.63,21.41
2012-08-31,1406.5799560546875,40.32372283935547,17.469999313354492,4.34,-0.68,21.41
2012-09-04,1404.93994140625,40.29216384887695,17.979999542236328,4.34,-0.68,21.78
2012-09-05,1403.43994140625,40.25271224975586,17.739999771118164,4.34,-0.69,21.78
2012-09-06,1432.1199951171875,41.120750427246094,15.600000381469727,4.34,-0.63,21.78
2012-09-07,1437.9200439453125,41.40481948852539,14.380000114440918,4.34,-0.68,21.78
2012-09-10,1429.0799560546875,41.19176483154297,16.280000686645508,4.34,-0.68,21.78
2012-09-11,1433.56005859375,41.42060470581055,16.40999984741211,4.34,-0.68,21.78
2012-09-12,1436.56005859375,41.578426361083984,15.800000190734863,4.34,-0.61,21.78
2012-09-13,1459.989990234375,42.18604278564453,14.050000190734863,4.34,-0.72,21.78
2012-09-14,1465.77001953125,42.50958251953125,14.510000228881836,4.34,-0.76,21.78
2012-09-17,1461.18994140625,42.201820373535156,14.59000015258789,4.34,-0.74,21.78
2012-09-18,1459.3199462890625,42.06767272949219,14.180000305175781,4.34,-0.73,21.78
2012-09-19,1461.050048828125,42.1623649597168,13.880000114440918,4.34,-0.75,21.78
2012-09-20,1460.260009765625,42.05189514160156,14.069999694824219,4.34,-0.7,21.78
2012-09-21,1460.1500244140625,42.03446960449219,13.979999542236328,4.34,-0.71,21.78
2012-09-24,1456.8900146484375,41.899784088134766,14.149999618530273,4.34,-0.73,21.78
2012-09-25,1441.5899658203125,41.361080169677734,15.430000305175781,4.34,-0.74,21.78
2012-09-26,1433.3199462890625,41.099666595458984,16.809999465942383,4.34,-0.77,21.78
2012-09-27,1447.1500244140625,41.47199630737305,14.84000015258789,4.34,-0.78,21.78
2012-09-28,1440.6700439453125,41.33732604980469,15.729999542236328,4.34,-0.77,21.78
2012-10-01,1444.489990234375,41.39278030395508,16.31999969482422,4.34,-0.78,21.58
2012-10-02,1445.75,41.47199630737305,15.710000038146973,4.34,-0.83,21.58
2012-10-03,1450.989990234375,41.55914306640625,15.430000305175781,4.34,-0.83,21.58
2012-10-04,1461.4000244140625,41.93147659301758,14.550000190734863,4.34,-0.86,21.58
2012-10-05,1460.9300537109375,41.96316909790039,14.329999923706055,4.34,-0.82,21.58
2012-10-08,1455.8800048828125,41.86809539794922,15.109999656677246,4.34,-0.82,21.58
2012-10-09,1441.47998046875,41.47199630737305,16.3700008392334,4.34,-0.81,21.58
2012-10-10,1432.56005859375,41.18680191040039,16.290000915527344,4.34,-0.8,21.58
2012-10-11,1432.8399658203125,41.361080169677734,15.59000015258789,4.34,-0.77,21.58
2012-10-12,1428.5899658203125,41.163028717041016,16.139999389648438,4.34,-0.78,21.58
2012-10-15,1440.1300048828125,41.46407699584961,15.270000457763672,4.34,-0.78,21.58
2012-10-16,1454.9200439453125,41.947322845458984,15.220000267028809,4.34,-0.71,21.58
2012-10-17,1460.9100341796875,42.17706298828125,15.069999694824219,4.34,-0.65,21.58
2012-10-18,1457.3399658203125,42.19290542602539,15.029999732971191,4.34,-0.66,21.58
2012-10-19,1433.18994140625,41.51951599121094,17.059999465942383,4.34,-0.71,21.58
2012-10-22,1433.8199462890625,41.48784255981445,16.6200008392334,4.34,-0.7,21.58
2012-10-23,1413.1099853515625,40.996665954589844,18.829999923706055,4.34,-0.71,21.58
2012-10-24,1408.75,40.79862976074219,18.329999923706055,4.34,-0.69,21.58
2012-10-25,1412.969970703125,40.95706558227539,18.1200008392334,4.34,-0.63,21.58
2012-10-26,1411.93994140625,40.917449951171875,17.809999465942383,4.34,-0.69,21.58
2012-10-31,1412.1600341796875,40.996665954589844,18.600000381469727,4.34,-0.78,21.58
2012-11-01,1427.5899658203125,41.582908630371094,16.690000534057617,4.34,-0.77,20.9
2012-11-02,1414.199951171875,41.17887496948242,17.59000015258789,4.34,-0.73,20.9
2012-11-05,1417.260009765625,41.32939147949219,18.420000076293945,4.34,-0.75,20.9
2012-11-06,1428.3900146484375,41.693817138671875,17.579999923706055,4.34,-0.72,20.9
2012-11-07,1394.530029296875,40.84614181518555,19.079999923706055,4.34,-0.8,20.9
2012-11-08,1377.510009765625,40.30744934082031,18.489999771118164,4.34,-0.85,20.9
2012-11-09,1379.8499755859375,40.33121871948242,18.610000610351562,4.34,-0.83,20.9
2012-11-12,1380.030029296875,40.3629150390625,16.68000030517578,4.34,-0.83,20.9
2012-11-13,1374.530029296875,40.23615646362305,16.649999618530273,4.34,-0.84,20.9
2012-11-14,1355.489990234375,39.68952941894531,17.920000076293945,4.34,-0.81,20.9
2012-11-15,1353.3299560546875,39.68952941894531,17.989999771118164,4.34,-0.8,20.9
2012-11-16,1359.8800048828125,39.919273376464844,16.40999984741211,4.34,-0.81,20.9
2012-11-19,1386.8900146484375,40.64019012451172,15.239999771118164,4.34,-0.78,20.9
2012-11-20,1387.81005859375,40.6639404296875,15.079999923706055,4.34,-0.74,20.9
2012-11-21,1391.030029296875,40.75901412963867,15.3100004196167,4.34,-0.71,20.9
2012-11-23,1409.1500244140625,41.25018310546875,15.140000343322754,4.34,-0.72,20.9
2012-11-26,1406.2900390625,41.13135528564453,15.5,4.34,-0.73,20.9
2012-11-27,1398.93994140625,40.97290802001953,15.920000076293945,4.34,-0.74,20.9
2012-11-28,1409.9300537109375,41.33732604980469,15.510000228881836,4.34,-0.75,20.9
2012-11-29,1415.949951171875,41.47199630737305,15.0600004196167,4.34,-0.78,20.9
2012-11-30,1416.1800537109375,41.51951599121094,15.869999885559082,4.34,-0.79,20.9
2012-12-03,1409.4599609375,41.34524917602539,16.639999389648438,4.34,-0.81,21.24
2012-12-04,1407.050048828125,41.30564498901367,17.1200008392334,4.34,-0.83,21.24
2012-12-05,1409.280029296875,41.47199630737305,16.459999084472656,4.34,-0.85,21.24
2012-12-06,1413.93994140625,41.590824127197266,16.579999923706055,4.34,-0.87,21.24
2012-12-07,1418.0699462890625,41.79678726196289,15.899999618530273,4.34,-0.86,21.24
2012-12-10,1418.550048828125,41.89186096191406,16.049999237060547,4.34,-0.87,21.24
2012-12-11,1427.8399658203125,42.12952423095703,15.569999694824219,4.34,-0.84,21.24
2012-12-12,1428.47998046875,42.15329360961914,15.949999809265137,4.34,-0.79,21.24
2012-12-13,1419.449951171875,41.939395904541016,16.559999465942383,4.34,-0.73,21.24
2012-12-14,1413.5799560546875,41.860172271728516,17.0,4.34,-0.74,21.24
2012-12-17,1430.3599853515625,42.35927200317383,16.34000015258789,4.34,-0.7,21.24
2012-12-18,1446.7900390625,42.89004898071289,15.569999694824219,4.34,-0.67,21.24
2012-12-19,1435.81005859375,42.68408203125,17.360000610351562,4.34,-0.66,21.24
2012-12-20,1443.68994140625,42.89004898071289,17.670000076293945,4.34,-0.69,21.24
2012-12-21,1430.1500244140625,42.56435012817383,17.84000015258789,4.34,-0.71,21.24
2012-12-24,1426.6600341796875,42.420997619628906,17.84000015258789,4.34,-0.69,21.24
2012-12-26,1419.8299560546875,42.18211364746094,19.479999542236328,4.34,-0.71,21.24
2012-12-27,1418.0999755859375,42.09450912475586,19.469999313354492,4.34,-0.73,21.24
2012-12-28,1402.4300537109375,41.664493560791016,22.719999313354492,4.34,-0.73,21.24
2012-12-31,1426.18994140625,42.46083068847656,18.020000457763672,4.34,-0.67,21.24
2013-01-02,1462.4200439453125,43.480140686035156,14.680000305175781,4.34,-0.62,21.9
2013-01-03,1459.3699951171875,43.45624542236328,14.5600004196167,4.34,-0.54,21.9
2013-01-04,1466.469970703125,43.806636810302734,13.829999923706055,4.34,-0.55,21.9
2013-01-07,1461.8900146484375,43.63941192626953,13.789999961853027,4.34,-0.6,21.9
2013-01-08,1457.1500244140625,43.45624542236328,13.619999885559082,4.34,-0.6,21.9
2013-01-09,1461.02001953125,43.6075553894043,13.8100004196167,4.34,-0.64,21.9
2013-01-10,1472.1199951171875,43.87034225463867,13.489999771118164,4.34,-0.62,21.9
2013-01-11,1472.050048828125,43.88628005981445,13.359999656677246,4.34,-0.63,21.9
2013-01-14,1470.6800537109375,43.91014862060547,13.520000457763672,4.34,-0.66,21.9
2013-01-15,1472.3399658203125,44.093318939208984,13.550000190734863,4.34,-0.66,21.9
2013-01-16,1472.6300048828125,44.02960968017578,13.420000076293945,4.34,-0.65,21.9
2013-01-17,1480.93994140625,44.419803619384766,13.569999694824219,4.34,-0.64,21.9
2013-01-18,1485.97998046875,44.5472297668457,12.460000038146973,4.34,-0.66,21.9
2013-01-22,1492.56005859375,44.87372970581055,12.430000305175781,4.34,-0.68,21.9
2013-01-23,1494.81005859375,44.825950622558594,12.460000038146973,4.34,-0.66,21.9
2013-01-24,1494.8199462890625,45.02503967285156,12.6899995803833,4.34,-0.62,21.9
2013-01-25,1502.9599609375,45.351539611816406,12.890000343322754,4.34,-0.56,21.9
2013-01-28,1500.1800537109375,45.248016357421875,13.569999694824219,4.34,-0.55,21.9
2013-01-29,1507.8399658203125,45.37541580200195,13.3100004196167,4.34,-0.53,21.9
2013-01-30,1501.9599609375,45.240055084228516,14.319999694824219,4.34,-0.54,21.9
2013-01-31,1498.1099853515625,45.2241096496582,14.279999732971191,4.34,-0.57,21.9
2013-02-01,1513.1700439453125,45.63821029663086,12.899999618530273,4.34,-0.55,22.05
2013-02-04,1495.7099609375,45.184303283691406,14.670000076293945,4.34,-0.59,22.05
2013-02-05,1511.2900390625,45.56654357910156,13.720000267028809,4.34,-0.55,22.05
2013-02-06,1512.1199951171875,45.71784973144531,13.40999984741211,4.34,-0.58,22.05
2013-02-07,1509.3900146484375,45.62228775024414,13.5,4.34,-0.58,22.05
2013-02-08,1517.9300537109375,45.845252990722656,13.020000457763672,4.34,-0.57,22.05
2013-02-11,1517.010009765625,45.86119079589844,12.9399995803833,4.34,-0.58,22.05
2013-02-12,1519.4300537109375,46.01248550415039,12.640000343322754,4.34,-0.57,22.05
2013-02-13,1520.3299560546875,46.02045440673828,12.979999542236328,4.34,-0.54,22.05
2013-02-14,1521.3800048828125,46.13193893432617,12.65999984741211,4.34,-0.56,22.05
2013-02-15,1519.7900390625,46.09212112426758,12.460000038146973,4.34,-0.53,22.05
2013-02-19,1530.93994140625,46.4106559753418,12.3100004196167,4.34,-0.52,22.05
2013-02-20,1511.949951171875,45.67005157470703,14.680000305175781,4.34,-0.52,22.05
2013-02-21,1502.4200439453125,45.248016357421875,15.220000267028809,4.34,-0.54,22.05
2013-02-22,1515.5999755859375,45.69396209716797,14.170000076293945,4.34,-0.57,22.05
2013-02-25,1487.8499755859375,44.7861442565918,18.989999771118164,4.34,-0.62,22.05
2013-02-26,1496.93994140625,45.0887336730957,16.8700008392334,4.34,-0.62,22.05
2013-02-27,1515.989990234375,45.71784973144531,14.729999542236328,4.34,-0.61,22.05
2013-02-28,1514.6800537109375,45.66210174560547,15.510000228881836,4.34,-0.64,22.05
2013-03-01,1518.199951171875,45.85323715209961,15.359999656677246,4.34,-0.67,22.42
2013-03-04,1525.199951171875,46.028411865234375,14.010000228881836,4.34,-0.65,22.42
2013-03-05,1539.7900390625,46.51419448852539,13.479999542236328,4.34,-0.65,22.42
2013-03-06,1541.4599609375,46.56195831298828,13.529999732971191,4.34,-0.61,22.42
2013-03-07,1544.260009765625,46.69733428955078,13.0600004196167,4.34,-0.56,22.42
2013-03-08,1551.1800537109375,46.99995040893555,12.59000015258789,4.34,-0.5,22.42
2013-03-11,1556.219970703125,47.143287658691406,11.5600004196167,4.34,-0.5,22.42
2013-03-12,1552.47998046875,47.135337829589844,12.270000457763672,4.34,-0.52,22.42
2013-03-13,1554.52001953125,47.25477600097656,11.829999923706055,4.34,-0.52,22.42
2013-03-14,1563.22998046875,47.52554702758789,11.300000190734863,4.34,-0.53,22.42
2013-03-15,1560.699951171875,47.46321487426758,11.300000190734863,4.34,-0.55,22.42
2013-03-18,1552.0999755859375,47.15157699584961,13.359999656677246,4.34,-0.6,22.42
2013-03-19,1548.3399658203125,46.95981979370117,14.390000343322754,4.34,-0.61,22.42
2013-03-20,1558.7099609375,47.359344482421875,12.670000076293945,4.34,-0.57,22.42
2013-03-21,1545.800048828125,46.93584442138672,13.989999771118164,4.34,-0.57,22.42
2013-03-22,1556.8900146484375,47.17555236816406,13.569999694824219,4.34,-0.6,22.42
2013-03-25,1551.68994140625,47.079681396484375,13.739999771118164,4.34,-0.6,22.42
2013-03-26,1563.77001953125,47.423255920410156,12.770000457763672,4.34,-0.61,22.42
2013-03-27,1562.8499755859375,47.423255920410156,13.149999618530273,4.34,-0.64,22.42
2013-03-28,1569.18994140625,47.65498352050781,12.699999809265137,4.34,-0.64,22.42
2013-04-01,1562.1700439453125,47.40728759765625,13.579999923706055,4.34,-0.65,22.6
2013-04-02,1570.25,47.40728759765625,12.779999732971191,4.34,-0.63,22.6
2013-04-03,1553.68994140625,46.871925354003906,14.210000038146973,4.34,-0.65,22.6
2013-04-04,1559.97998046875,47.11962127685547,13.890000343322754,4.34,-0.7,22.6
2013-04-05,1553.280029296875,46.95183181762695,13.920000076293945,4.34,-0.74,22.6
2013-04-08,1563.0699462890625,47.359344482421875,13.1899995803833,4.34,-0.69,22.6
2013-04-09,1568.6099853515625,47.53512191772461,12.84000015258789,4.34,-0.67,22.6
2013-04-10,1587.72998046875,48.10244369506836,12.359999656677246,4.34,-0.6,22.6
2013-04-11,1593.3699951171875,48.34215545654297,12.239999771118164,4.34,-0.65,22.6
2013-04-12,1588.8499755859375,48.14240646362305,12.0600004196167,4.34,-0.68,22.6
2013-04-15,1552.3599853515625,46.86393737792969,17.270000457763672,4.34,-0.69,22.6
2013-04-16,1574.5699462890625,47.56707763671875,13.960000038146973,4.34,-0.65,22.6
2013-04-17,1552.010009765625,46.784019470214844,16.510000228881836,4.34,-0.64,22.6
2013-04-18,1541.6099853515625,46.56028747558594,17.559999465942383,4.34,-0.55,22.6
2013-04-19,1555.25,46.98378372192383,14.970000267028809,4.34,-0.59,22.6
2013-04-22,1562.5,47.19154357910156,14.390000343322754,4.34,-0.63,22.6
2013-04-23,1578.780029296875,47.6789436340332,13.479999542236328,4.34,-0.64,22.6
2013-04-24,1578.7900390625,47.902679443359375,13.609999656677246,4.34,-0.65,22.6
2013-04-25,1585.1600341796875,48.16637420654297,13.619999885559082,4.34,-0.66,22.6
2013-04-26,1582.239990234375,48.00656509399414,13.609999656677246,4.34,-0.68,22.6
2013-04-29,1593.6099853515625,48.278236389160156,13.710000038146973,4.34,-0.67,22.6
2013-04-30,1597.5699462890625,48.462013244628906,13.520000457763672,4.34,-0.64,22.6
2013-05-01,1582.699951171875,47.96659469604492,14.489999771118164,4.34,-0.64,23.41
2013-05-02,1597.5899658203125,48.462013244628906,13.59000015258789,4.34,-0.62,23.41
2013-05-03,1614.4200439453125,49.03733444213867,12.850000381469727,4.34,-0.53,23.41
2013-05-06,1617.5,49.20512771606445,12.65999984741211,4.34,-0.51,23.41
2013-05-07,1625.9599609375,49.51676559448242,12.829999923706055,4.34,-0.5,23.41
2013-05-08,1632.68994140625,49.756465911865234,12.65999984741211,4.34,-0.48,23.41
2013-05-09,1626.6700439453125,49.61263656616211,13.130000114440918,4.34,-0.5,23.41
2013-05-10,1633.699951171875,49.92427062988281,12.59000015258789,4.34,-0.45,23.41
2013-05-13,1633.77001953125,49.86033630371094,12.550000190734863,4.34,-0.41,23.41
2013-05-14,1650.3399658203125,50.44364547729492,12.770000457763672,4.34,-0.37,23.41
2013-05-15,1658.780029296875,50.771263122558594,12.8100004196167,4.34,-0.36,23.41
2013-05-16,1650.469970703125,50.451629638671875,13.069999694824219,4.34,-0.4,23.41
2013-05-17,1667.469970703125,51.03495407104492,12.449999809265137,4.34,-0.31,23.41
2013-05-20,1666.2900390625,51.05891036987305,13.020000457763672,4.34,-0.31,23.41
2013-05-21,1669.1600341796875,51.106849670410156,13.369999885559082,4.34,-0.34,23.41
2013-05-22,1655.3499755859375,50.47560501098633,13.819999694824219,4.34,-0.24,23.41
2013-05-23,1650.510009765625,50.403690338134766,14.069999694824219,4.34,-0.24,23.41
2013-05-24,1649.5999755859375,50.23589324951172,13.989999771118164,4.34,-0.26,23.41
2013-05-28,1660.06005859375,50.587467193603516,14.479999542236328,4.34,-0.14,23.41
2013-05-29,1648.3599853515625,50.22789764404297,14.829999923706055,4.34,-0.1,23.41
2013-05-30,1654.4100341796875,50.46761703491211,14.529999732971191,4.34,-0.05,23.41
2013-05-31,1630.739990234375,49.76445007324219,16.299999237060547,4.34,-0.05,23.41
2013-06-03,1640.4200439453125,49.88432312011719,16.280000686645508,4.34,-0.07,22.93
2013-06-04,1631.3800048828125,49.652591705322266,16.270000457763672,4.34,-0.05,22.93
2013-06-05,1608.9000244140625,48.925453186035156,17.5,4.34,-0.06,22.93
2013-06-06,1622.56005859375,49.38091278076172,16.6299991607666,4.34,-0.05,22.93
2013-06-07,1643.3800048828125,50.08407974243164,15.140000343322754,4.34,0.03,22.93
2013-06-10,1642.81005859375,50.06011199951172,15.4399995803833,4.34,0.11,22.93
2013-06-11,1626.1300048828125,49.50876998901367,17.06999969482422,4.34,0.13,22.93
2013-06-12,1612.52001953125,49.02134323120117,18.59000015258789,4.34,0.21,22.93
2013-06-13,1636.3599853515625,49.90030288696289,16.40999984741211,4.34,0.15,22.93
2013-06-14,1626.72998046875,49.636600494384766,17.149999618530273,4.34,0.09,22.93
2013-06-17,1639.0400390625,50.052101135253906,16.799999237060547,4.34,0.15,22.93
2013-06-18,1651.81005859375,50.44364547729492,16.610000610351562,4.34,0.14,22.93
2013-06-19,1628.9300537109375,49.70853042602539,16.639999389648438,4.34,0.29,22.93
2013-06-20,1588.18994140625,48.446044921875,20.489999771118164,4.34,0.46,22.93
2013-06-21,1592.4300537109375,48.53428268432617,18.899999618530273,4.34,0.59,22.93
2013-06-24,1573.0899658203125,47.9326171875,20.110000610351562,4.34,0.64,22.93
2013-06-25,1588.030029296875,48.48613357543945,18.469999313354492,4.34,0.64,22.93
2013-06-26,1603.260009765625,48.91933822631836,17.209999084472656,4.34,0.6,22.93
2013-06-27,1613.199951171875,49.38462829589844,16.860000610351562,4.34,0.5,22.93
2013-06-28,1606.280029296875,49.15199661254883,16.860000610351562,4.34,0.53,22.93
2013-07-01,1614.9599609375,49.5851936340332,16.3700008392334,4.34,0.48,23.49
2013-07-02,1614.0799560546875,49.456844329833984,16.440000534057617,4.34,0.44,23.49
2013-07-03,1615.4100341796875,49.416725158691406,16.200000762939453,4.34,0.48,23.49
2013-07-05,1631.8900146484375,49.97827911376953,14.890000343322754,4.34,0.66,23.49
2013-07-08,1640.4599609375,50.202903747558594,14.779999732971191,4.34,0.58,23.49
2013-07-09,1652.3199462890625,50.62807846069336,14.350000381469727,4.34,0.59,23.49
2013-07-10,1652.6199951171875,50.70028305053711,14.210000038146973,4.34,0.64,23.49
2013-07-11,1675.02001953125,51.43830871582031,14.010000228881836,4.34,0.56,23.49
2013-07-12,1680.18994140625,51.566654205322266,13.84000015258789,4.34,0.55,23.49
2013-07-15,1682.5,51.68702697753906,13.789999961853027,4.34,0.47,23.49
2013-07-16,1676.260009765625,51.43030548095703,14.420000076293945,4.34,0.41,23.49
2013-07-17,1680.9100341796875,51.550628662109375,13.779999732971191,4.34,0.38,23.49
2013-07-18,1689.3699951171875,51.92766571044922,13.770000457763672,4.34,0.38,23.49
2013-07-19,1692.0899658203125,52.023948669433594,12.539999961853027,4.34,0.29,23.49
2013-07-22,1695.530029296875,52.13624572753906,12.289999961853027,4.34,0.28,23.49
2013-07-23,1692.3900146484375,52.01591491699219,12.65999984741211,4.34,0.33,23.49
2013-07-24,1685.93994140625,51.64689254760742,13.180000305175781,4.34,0.44,23.49
2013-07-25,1690.25,51.919654846191406,12.970000267028809,4.34,0.44,23.49
2013-07-26,1691.6500244140625,51.90359115600586,12.720000267028809,4.34,0.43,23.49
2013-07-29,1685.3299560546875,51.7191047668457,13.390000343322754,4.34,0.45,23.49
2013-07-30,1685.9599609375,51.82338333129883,13.390000343322754,4.34,0.46,23.49
2013-07-31,1685.72998046875,51.919654846191406,13.449999809265137,4.34,0.38,23.49
2013-08-01,1706.8699951171875,52.6817512512207,12.9399995803833,4.34,0.48,23.36
2013-08-02,1709.6700439453125,52.76197052001953,11.979999542236328,4.34,0.42,23.36
2013-08-05,1707.1400146484375,52.721866607666016,11.84000015258789,4.34,0.42,23.36
2013-08-06,1697.3699951171875,52.39295959472656,12.720000267028809,4.34,0.39,23.36
2013-08-07,1690.9100341796875,52.12824630737305,12.979999542236328,4.34,0.35,23.36
2013-08-08,1697.47998046875,52.43307113647461,12.729999542236328,4.34,0.34,23.36
2013-08-09,1691.4200439453125,52.3688850402832,13.40999984741211,4.34,0.33,23.36
2013-08-12,1689.469970703125,52.328773498535156,12.8100004196167,4.34,0.37,23.36
2013-08-13,1694.1600341796875,52.39295959472656,12.3100004196167,4.34,0.48,23.36
2013-08-14,1685.3900146484375,52.12019729614258,13.039999961853027,4.34,0.5,23.36
2013-08-15,1661.3199462890625,51.32601547241211,14.729999542236328,4.34,0.6,23.36
2013-08-16,1655.8299560546875,51.173583984375,14.369999885559082,4.34,0.68,23.36
2013-08-19,1646.06005859375,50.75642013549805,15.100000381469727,4.34,0.75,23.36
2013-08-20,1652.3499755859375,51.16556930541992,14.90999984741211,4.34,0.67,23.36
2013-08-21,1642.800048828125,50.812583923339844,15.9399995803833,4.34,0.73,23.36
2013-08-22,1656.9599609375,51.3420295715332,14.760000228881836,4.34,0.79,23.36
2013-08-23,1663.5,51.518550872802734,13.979999542236328,4.34,0.69,23.36
2013-08-26,1656.780029296875,51.35007095336914,14.989999771118164,4.34,0.64,23.36
2013-08-27,1630.47998046875,50.38740921020508,16.770000457763672,4.34,0.57,23.36
2013-08-28,1634.9599609375,50.523780822753906,16.489999771118164,4.34,0.63,23.36
2013-08-29,1638.1700439453125,50.66819763183594,16.809999465942383,4.34,0.65,23.36
2013-08-30,1632.969970703125,50.40345001220703,17.010000228881836,4.34,0.68,23.36
2013-09-03,1639.77001953125,50.70028305053711,16.610000610351562,4.34,0.76,23.44
2013-09-04,1653.0799560546875,51.173583984375,15.880000114440918,4.34,0.83,23.44
2013-09-05,1655.0799560546875,51.309967041015625,15.770000457763672,4.34,0.92,23.44
2013-09-06,1655.1700439453125,51.35808563232422,15.850000381469727,4.34,0.87,23.44
2013-09-09,1671.7099609375,51.959754943847656,15.630000114440918,4.34,0.84,23.44
2013-09-10,1683.989990234375,52.409000396728516,14.529999732971191,4.34,0.86,23.44
2013-09-11,1689.1300048828125,52.56141662597656,13.819999694824219,4.34,0.8,23.44
2013-09-12,1683.4200439453125,52.33679962158203,14.289999961853027,4.34,0.81,23.44
2013-09-13,1687.989990234375,52.50527572631836,14.15999984741211,4.34,0.8,23.44
2013-09-16,1697.5999755859375,52.874290466308594,14.380000114440918,4.34,0.76,23.44
2013-09-17,1704.760009765625,53.12297821044922,14.529999732971191,4.34,0.7,23.44
2013-09-18,1725.52001953125,53.77276611328125,13.59000015258789,4.34,0.49,23.44
2013-09-19,1722.3399658203125,53.64442825317383,13.15999984741211,4.34,0.55,23.44
2013-09-20,1709.9100341796875,53.191287994384766,13.119999885559082,4.34,0.52,23.44
2013-09-23,1701.8399658203125,52.91764831542969,14.3100004196167,4.34,0.46,23.44
2013-09-24,1697.4200439453125,52.91764831542969,14.079999923706055,4.34,0.48,23.44
2013-09-25,1692.77001953125,52.78083801269531,14.010000228881836,4.34,0.45,23.44
2013-09-26,1698.6700439453125,52.95789337158203,14.0600004196167,4.34,0.47,23.44
2013-09-27,1691.75,52.635955810546875,15.460000038146973,4.34,0.46,23.44
2013-09-30,1681.550048828125,52.475006103515625,16.600000381469727,4.34,0.45,23.44
2013-10-01,1695.0,52.901573181152344,15.539999961853027,4.34,0.46,23.83
2013-10-02,1693.8699951171875,52.88545608520508,16.600000381469727,4.34,0.43,23.83
2013-10-03,1678.6600341796875,52.410621643066406,17.670000076293945,4.34,0.43,23.83
2013-10-04,1690.5,52.821067810058594,16.739999771118164,4.34,0.46,23.83
2013-10-07,1676.1199951171875,52.35429000854492,19.40999984741211,4.34,0.45,23.83
2013-10-08,1655.449951171875,51.66212844848633,20.34000015258789,4.34,0.48,23.83
2013-10-09,1656.4000244140625,51.6701774597168,19.600000381469727,4.34,0.47,23.83
2013-10-10,1692.56005859375,52.83718490600586,16.479999542236328,4.34,0.5,23.83
2013-10-11,1703.199951171875,53.183250427246094,15.720000267028809,4.34,0.5,23.83
2013-10-14,1710.1400146484375,53.35226821899414,16.06999969482422,4.34,0.5,23.83
2013-10-15,1698.06005859375,52.877410888671875,18.65999984741211,4.34,0.54,23.83
2013-10-16,1721.5400390625,53.62590789794922,14.710000038146973,4.34,0.5,23.83
2013-10-17,1733.1500244140625,54.084659576416016,13.479999542236328,4.34,0.45,23.83
2013-10-18,1744.5,54.334171295166016,13.039999961853027,4.34,0.42,23.83
2013-10-21,1744.6600341796875,54.35831832885742,13.15999984741211,4.34,0.44,23.83
2013-10-22,1754.6700439453125,54.7365837097168,13.329999923706055,4.34,0.37,23.83
2013-10-23,1746.3800048828125,54.43074417114258,13.420000076293945,4.34,0.36,23.83
2013-10-24,1752.0699462890625,54.58366012573242,13.199999809265137,4.34,0.36,23.83
2013-10-25,1759.77001953125,54.8572883605957,13.09000015258789,4.34,0.34,23.83
2013-10-28,1762.1099853515625,54.865352630615234,13.3100004196167,4.34,0.35,23.83
2013-10-29,1771.949951171875,55.22753143310547,13.40999984741211,4.34,0.35,23.83
2013-10-30,1763.31005859375,54.82511901855469,13.649999618530273,4.34,0.37,23.83
2013-10-31,1756.5400390625,54.720481872558594,13.75,4.34,0.4,23.83
2013-11-01,1761.6400146484375,54.88948440551758,13.279999732971191,4.34,0.5,24.64
2013-11-04,1767.9300537109375,55.17922592163086,12.930000305175781,4.34,0.5,24.64
2013-11-05,1762.969970703125,54.9699821472168,13.270000457763672,4.34,0.55,24.64
2013-11-06,1770.489990234375,55.07460403442383,12.670000076293945,4.34,0.48,24.64
2013-11-07,1747.1500244140625,54.29392623901367,13.90999984741211,4.34,0.46,24.64
2013-11-08,1770.6099853515625,54.99412536621094,12.899999618530273,4.34,0.59,24.64
2013-11-11,1771.8900146484375,55.082645416259766,12.529999732971191,4.34,0.59,24.64
2013-11-12,1767.68994140625,54.92168426513672,12.819999694824219,4.34,0.62,24.64
2013-11-13,1782.0,55.452884674072266,12.520000457763672,4.34,0.58,24.64
2013-11-14,1790.6199951171875,55.742618560791016,12.369999885559082,4.34,0.51,24.64
2013-11-15,1798.1800537109375,55.97602844238281,12.1899995803833,4.34,0.53,24.64
2013-11-18,1791.530029296875,55.67018508911133,13.100000381469727,4.34,0.48,24.64
2013-11-19,1787.8699951171875,55.42068099975586,13.390000343322754,4.34,0.53,24.64
2013-11-20,1781.3699951171875,55.267784118652344,13.399999618530273,4.34,0.64,24.64
2013-11-21,1795.8499755859375,55.750648498535156,12.65999984741211,4.34,0.6,24.64
2013-11-22,1804.760009765625,55.97602844238281,12.260000228881836,4.34,0.56,24.64
2013-11-25,1802.47998046875,55.85527420043945,12.789999961853027,4.34,0.56,24.64
2013-11-26,1802.75,55.90357971191406,12.8100004196167,4.34,0.54,24.64
2013-11-27,1807.22998046875,56.02431106567383,12.979999542236328,4.34,0.58,24.64
2013-11-29,1805.81005859375,55.93578338623047,13.699999809265137,4.34,0.6,24.64
2013-12-02,1800.9000244140625,55.81505584716797,14.229999542236328,4.34,0.66,24.86
2013-12-03,1795.1500244140625,55.62188720703125,14.550000190734863,4.34,0.64,24.86
2013-12-04,1792.81005859375,55.533363342285156,14.699999809265137,4.34,0.73,24.86
2013-12-05,1785.030029296875,55.340187072753906,15.079999923706055,4.34,0.76,24.86
2013-12-06,1805.0899658203125,55.96796417236328,13.789999961853027,4.34,0.77,24.86
2013-12-09,1808.3699951171875,56.02431106567383,13.489999771118164,4.34,0.74,24.86
2013-12-10,1802.6199951171875,55.89552307128906,13.90999984741211,4.34,0.69,24.86
2013-12-11,1782.219970703125,55.171180725097656,15.420000076293945,4.34,0.71,24.86
2013-12-12,1775.5,55.058528900146484,15.539999961853027,4.34,0.75,24.86
2013-12-13,1775.3199462890625,55.11485290527344,15.760000228881836,4.34,0.72,24.86
2013-12-16,1786.5400390625,55.51726531982422,16.030000686645508,4.34,0.71,24.86
2013-12-17,1781.0,55.452884674072266,16.209999084472656,4.34,0.67,24.86
2013-12-18,1810.6500244140625,56.2738151550293,13.800000190734863,4.34,0.72,24.86
2013-12-19,1809.5999755859375,56.18527603149414,14.149999618530273,4.34,0.79,24.86
2013-12-20,1818.3199462890625,56.63678741455078,13.789999961853027,4.34,0.73,24.86
2013-12-23,1827.989990234375,56.911407470703125,13.039999961853027,4.34,0.76,24.86
2013-12-24,1833.3199462890625,57.08909225463867,12.479999542236328,4.34,0.8,24.86
2013-12-26,1842.02001953125,57.282955169677734,12.329999923706055,4.34,0.8,24.86
2013-12-27,1841.4000244140625,57.299110412597656,12.460000038146973,4.34,0.8,24.86
2013-12-30,1841.0699462890625,57.404117584228516,13.5600004196167,4.34,0.76,24.86
2013-12-31,1848.3599853515625,57.54950714111328,13.720000267028809,4.34,0.8,24.86
2014-01-02,1831.97998046875,57.02450180053711,14.229999542236328,4.34,0.74,24.86
2014-01-03,1831.3699951171875,56.97602081298828,13.760000228881836,4.34,0.75,24.86
2014-01-06,1826.77001953125,56.798316955566406,13.550000190734863,4.34,0.72,24.86
2014-01-07,1837.8800048828125,57.1375846862793,12.920000076293945,4.34,0.7,24.86
2014-01-08,1837.489990234375,57.22642135620117,12.869999885559082,4.34,0.72,24.86
2014-01-09,1838.1300048828125,57.291038513183594,12.890000343322754,4.34,0.66,24.86
2014-01-10,1842.3699951171875,57.541412353515625,12.140000343322754,4.34,0.59,24.86
2014-01-13,1819.199951171875,56.71755599975586,13.279999732971191,4.34,0.57,24.86
2014-01-14,1838.8800048828125,57.371795654296875,12.279999732971191,4.34,0.62,24.86
2014-01-15,1848.3800048828125,57.58181381225586,12.279999732971191,4.34,0.62,24.86
2014-01-16,1845.8900146484375,57.52528381347656,12.529999732971191,4.34,0.61,24.86
2014-01-17,1838.699951171875,57.33139419555664,12.4399995803833,4.34,0.58,24.86
2014-01-21,1843.800048828125,57.50910949707031,12.869999885559082,4.34,0.59,24.86
2014-01-22,1844.8599853515625,57.64643859863281,12.84000015258789,4.34,0.62,24.86
2014-01-23,1828.4599609375,57.08102798461914,13.770000457763672,4.34,0.66,24.86
2014-01-24,1790.2900390625,55.764461517333984,18.139999389648438,4.34,0.61,24.86
2014-01-27,1781.56005859375,55.49789810180664,17.420000076293945,4.34,0.64,24.86
2014-01-28,1792.5,55.99871063232422,15.800000190734863,4.34,0.62,24.86
2014-01-29,1774.199951171875,55.48981475830078,17.350000381469727,4.34,0.55,24.86
2014-01-30,1794.18994140625,56.11178207397461,17.290000915527344,4.34,0.57,24.86
2014-01-31,1782.5899658203125,55.845218658447266,18.40999984741211,4.34,0.53,24.86
2014-02-03,1741.8900146484375,54.472103118896484,21.440000534057617,4.34,0.47,24.59
2014-02-04,1755.199951171875,54.92443084716797,19.110000610351562,4.34,0.51,24.59
2014-02-05,1751.6400146484375,54.82752990722656,19.950000762939453,4.34,0.56,24.59
2014-02-06,1773.4300537109375,55.619075775146484,17.229999542236328,4.34,0.57,24.59
2014-02-07,1797.02001953125,56.30562210083008,15.289999961853027,4.34,0.53,24.59
2014-02-10,1799.8399658203125,56.40255355834961,15.260000228881836,4.34,0.51,24.59
2014-02-11,1819.75,56.97602081298828,14.510000228881836,4.34,0.56,24.59
2014-02-12,1819.260009765625,57.0487174987793,14.300000190734863,4.34,0.59,24.59
2014-02-13,1829.8299560546875,57.404117584228516,14.140000343322754,4.34,0.56,24.59
2014-02-14,1838.6300048828125,57.694881439208984,13.569999694824219,4.34,0.59,24.59
2014-02-18,1840.760009765625,57.904903411865234,13.869999885559082,4.34,0.57,24.59
2014-02-19,1828.75,57.64643859863281,15.5,4.34,0.6,24.59
2014-02-20,1839.780029296875,58.0583610534668,14.789999961853027,4.34,0.63,24.59
2014-02-21,1836.25,58.090660095214844,14.680000305175781,4.34,0.61,24.59
2014-02-24,1847.6099853515625,58.397613525390625,14.229999542236328,4.34,0.59,24.59
2014-02-25,1845.1199951171875,58.34913635253906,13.670000076293945,4.34,0.55,24.59
2014-02-26,1845.1600341796875,58.42182540893555,14.350000381469727,4.34,0.51,24.59
2014-02-27,1854.2900390625,58.664119720458984,14.039999961853027,4.34,0.49,24.59
2014-02-28,1859.449951171875,58.8256950378418,14.0,4.34,0.49,24.59
2014-03-03,1845.72998046875,58.41373825073242,16.0,4.34,0.44,24.96
2014-03-04,1873.9100341796875,59.28607177734375,14.100000381469727,4.34,0.52,24.96
2014-03-05,1873.81005859375,59.25376510620117,13.890000343322754,4.34,0.52,24.96
2014-03-06,1877.030029296875,59.4072265625,14.210000038146973,4.34,0.53,24.96
2014-03-07,1878.0400390625,59.4072265625,14.109999656677246,4.34,0.57,24.96
2014-03-10,1877.1700439453125,59.26993942260742,14.199999809265137,4.34,0.57,24.96
2014-03-11,1867.6300048828125,58.963008880615234,14.800000190734863,4.34,0.57,24.96
2014-03-12,1868.199951171875,58.98723602294922,14.470000267028809,4.34,0.54,24.96
2014-03-13,1846.3399658203125,58.31682586669922,16.219999313354492,4.34,0.49,24.96
2014-03-14,1841.1300048828125,58.28450012207031,17.81999969482422,4.34,0.48,24.96
2014-03-17,1858.8299560546875,58.76913833618164,15.640000343322754,4.34,0.52,24.96
2014-03-18,1872.25,59.221439361572266,14.520000457763672,4.34,0.5,24.96
2014-03-19,1860.77001953125,58.89837646484375,15.119999885559082,4.34,0.62,24.96
2014-03-20,1872.010009765625,59.148773193359375,14.520000457763672,4.34,0.66,24.96
2014-03-21,1866.52001953125,59.06116485595703,15.0,4.34,0.61,24.96
2014-03-24,1857.43994140625,58.639564514160156,15.09000015258789,4.34,0.59,24.96
2014-03-25,1865.6199951171875,58.834163665771484,14.020000457763672,4.34,0.61,24.96
2014-03-26,1852.56005859375,58.38009262084961,14.930000305175781,4.34,0.57,24.96
2014-03-27,1849.0400390625,58.266571044921875,14.619999885559082,4.34,0.56,24.96
2014-03-28,1857.6199951171875,58.64767837524414,14.40999984741211,4.34,0.6,24.96
2014-03-31,1872.3399658203125,59.18282699584961,13.880000114440918,4.34,0.6,24.96
2014-04-01,1885.52001953125,59.67743682861328,13.100000381469727,4.34,0.63,24.79
2014-04-02,1890.9000244140625,59.912574768066406,13.09000015258789,4.34,0.68,24.79
2014-04-03,1888.77001953125,59.839595794677734,13.369999885559082,4.34,0.66,24.79
2014-04-04,1865.0899658203125,59.15850067138672,13.960000038146973,4.34,0.61,24.79
2014-04-07,1845.0400390625,58.371986389160156,15.569999694824219,4.34,0.59,24.79
2014-04-08,1851.9599609375,58.688209533691406,14.890000343322754,4.34,0.58,24.79
2014-04-09,1872.1800537109375,59.255802154541016,13.819999694824219,4.34,0.57,24.79
2014-04-10,1833.0799560546875,58.015201568603516,15.890000343322754,4.34,0.51,24.79
2014-04-11,1815.68994140625,57.35845184326172,17.030000686645508,4.34,0.5,24.79
2014-04-14,1830.6099853515625,57.869266510009766,16.110000610351562,4.34,0.52,24.79
2014-04-15,1842.97998046875,58.234134674072266,15.609999656677246,4.34,0.5,24.79
2014-04-16,1862.31005859375,58.834163665771484,14.180000305175781,4.34,0.48,24.79
2014-04-17,1864.8499755859375,58.93958282470703,13.359999656677246,4.34,0.52,24.79
2014-04-21,1871.8900146484375,59.09364700317383,13.25,4.34,0.53,24.79
2014-04-22,1879.550048828125,59.3612060546875,13.1899995803833,4.34,0.52,24.79
2014-04-23,1875.3900146484375,59.31256866455078,13.270000457763672,4.34,0.49,24.79
2014-04-24,1878.6099853515625,59.393638610839844,13.319999694824219,4.34,0.49,24.79
2014-04-25,1863.4000244140625,58.85039520263672,14.0600004196167,4.34,0.48,24.79
2014-04-28,1869.4300537109375,58.834163665771484,13.970000267028809,4.34,0.52,24.79
2014-04-29,1878.3299560546875,59.09364700317383,13.710000038146973,4.34,0.53,24.79
2014-04-30,1883.949951171875,59.40986251831055,13.40999984741211,4.34,0.49,24.79
2014-05-01,1883.6800537109375,59.43418884277344,13.25,4.34,0.43,24.94
2014-05-02,1881.1400146484375,59.393638610839844,12.90999984741211,4.34,0.41,24.94
2014-05-05,1884.6600341796875,59.4747200012207,13.289999961853027,4.34,0.45,24.94
2014-05-06,1867.719970703125,58.972007751464844,13.800000190734863,4.34,0.45,24.94
2014-05-07,1878.2099609375,59.32878112792969,13.399999618530273,4.34,0.42,24.94
2014-05-08,1875.6300048828125,59.24767303466797,13.430000305175781,4.34,0.42,24.94
2014-05-09,1878.47998046875,59.336883544921875,12.920000076293945,4.34,0.44,24.94
2014-05-12,1896.6500244140625,59.993656158447266,12.229999542236328,4.34,0.48,24.94
2014-05-13,1897.449951171875,59.969329833984375,12.130000114440918,4.34,0.45,24.94
2014-05-14,1888.530029296875,59.62068557739258,12.170000076293945,4.34,0.37,24.94
2014-05-15,1870.8499755859375,59.1098518371582,13.170000076293945,4.34,0.31,24.94
2014-05-16,1877.8599853515625,59.35310363769531,12.4399995803833,4.34,0.34,24.94
2014-05-19,1885.0799560546875,59.57200622558594,12.420000076293945,4.34,0.37,24.94
2014-05-20,1872.8299560546875,59.0530891418457,12.960000038146973,4.34,0.35,24.94
2014-05-21,1888.030029296875,59.482826232910156,11.90999984741211,4.34,0.36,24.94
2014-05-22,1892.489990234375,59.661224365234375,12.029999732971191,4.34,0.35,24.94
2014-05-23,1900.530029296875,59.969329833984375,11.359999656677246,4.34,0.32,24.94
2014-05-27,1911.9100341796875,60.3179817199707,11.510000228881836,4.34,0.31,24.94
2014-05-28,1909.780029296875,60.25313186645508,11.680000305175781,4.34,0.22,24.94
2014-05-29,1920.030029296875,60.609893798828125,11.569999694824219,4.34,0.22,24.94
2014-05-30,1923.5699462890625,60.690975189208984,11.399999618530273,4.34,0.26,24.94
2014-06-02,1924.969970703125,60.79640197753906,11.579999923706055,4.34,0.32,25.56
2014-06-03,1924.239990234375,60.780155181884766,11.869999885559082,4.34,0.41,25.56
2014-06-04,1927.8800048828125,60.966678619384766,12.079999923706055,4.34,0.44,25.56
2014-06-05,1940.4599609375,61.380191802978516,11.680000305175781,4.34,0.41,25.56
2014-06-06,1949.43994140625,61.704524993896484,10.729999542236328,4.34,0.4,25.56
2014-06-09,1951.27001953125,61.793704986572266,11.149999618530273,4.34,0.41,25.56
2014-06-10,1950.7900390625,61.680198669433594,10.989999771118164,4.34,0.43,25.56
2014-06-11,1943.8900146484375,61.46126937866211,11.600000381469727,4.34,0.43,25.56
2014-06-12,1930.1099853515625,61.10447692871094,12.5600004196167,4.34,0.39,25.56
2014-06-13,1936.1600341796875,61.31532287597656,12.180000305175781,4.34,0.41,25.56
2014-06-16,1937.780029296875,61.420738220214844,12.649999618530273,4.34,0.41,25.56
2014-06-17,1941.989990234375,61.704524993896484,12.0600004196167,4.34,0.43,25.56
2014-06-18,1956.97998046875,62.16669845581055,10.609999656677246,4.34,0.38,25.56
2014-06-19,1959.47998046875,62.255889892578125,10.619999885559082,4.34,0.39,25.56
2014-06-20,1962.8699951171875,62.44305419921875,10.850000381469727,4.34,0.35,25.56
2014-06-23,1962.6099853515625,62.386077880859375,10.979999542236328,4.34,0.35,25.56
2014-06-24,1949.97998046875,61.938507080078125,12.130000114440918,4.34,0.31,25.56
2014-06-25,1959.530029296875,62.23146438598633,11.59000015258789,4.34,0.29,25.56
2014-06-26,1957.219970703125,62.23960494995117,11.630000114440918,4.34,0.26,25.56
2014-06-27,1960.9599609375,62.40236282348633,11.260000228881836,4.34,0.27,25.56
2014-06-30,1960.22998046875,62.426780700683594,11.569999694824219,4.34,0.27,25.56
2014-07-01,1973.3199462890625,62.75229263305664,11.149999618530273,4.34,0.32,25.82
2014-07-02,1974.6199951171875,62.71159744262695,10.819999694824219,4.34,0.38,25.82
2014-07-03,1985.43994140625,63.069671630859375,10.319999694824219,4.34,0.37,25.82
2014-07-07,1977.6500244140625,62.662776947021484,11.329999923706055,4.34,0.36,25.82
2014-07-08,1963.7099609375,62.337249755859375,11.979999542236328,4.34,0.31,25.82
2014-07-09,1972.8299560546875,62.589542388916016,11.649999618530273,4.34,0.28,25.82
2014-07-10,1964.6800537109375,62.29658889770508,12.59000015258789,4.34,0.27,25.82
2014-07-11,1967.5699462890625,62.312843322753906,12.079999923706055,4.34,0.25,25.82
2014-07-14,1977.0999755859375,62.53256607055664,11.819999694824219,4.34,0.28,25.82
2014-07-15,1973.280029296875,62.37794876098633,11.960000038146973,4.34,0.31,25.82
2014-07-16,1981.5699462890625,62.589542388916016,11.0,4.34,0.32,25.82
2014-07-17,1958.1199951171875,61.832706451416016,14.539999961853027,4.34,0.24,25.82
2014-07-18,1978.219970703125,62.434913635253906,12.0600004196167,4.34,0.26,25.82
2014-07-21,1973.6300048828125,62.304710388183594,12.8100004196167,4.34,0.25,25.82
2014-07-22,1983.530029296875,62.58138656616211,12.239999771118164,4.34,0.25,25.82
2014-07-23,1987.010009765625,62.60581588745117,11.520000457763672,4.34,0.25,25.82
2014-07-24,1987.97998046875,62.73601531982422,11.84000015258789,4.34,0.25,25.82
2014-07-25,1978.3399658203125,62.451194763183594,12.6899995803833,4.34,0.2,25.82
2014-07-28,1978.9100341796875,62.459327697753906,12.5600004196167,4.34,0.22,25.82
2014-07-29,1969.949951171875,62.16638946533203,13.279999732971191,4.34,0.2,25.82
2014-07-30,1970.0699462890625,62.15823745727539,13.329999923706055,4.34,0.29,25.82
2014-07-31,1930.6700439453125,60.970096588134766,16.950000762939453,4.34,0.29,25.82
2014-08-01,1925.1500244140625,60.839881896972656,17.030000686645508,4.34,0.25,25.62
2014-08-04,1938.989990234375,61.26304244995117,15.119999885559082,4.34,0.26,25.62
2014-08-05,1920.2099609375,60.70151901245117,16.8700008392334,4.34,0.25,25.62
2014-08-06,1920.239990234375,60.70963668823242,16.3700008392334,4.34,0.24,25.62
2014-08-07,1909.5699462890625,60.36787796020508,16.65999984741211,4.34,0.19,25.62
2014-08-08,1931.5899658203125,61.173519134521484,15.770000457763672,4.34,0.19,25.62
2014-08-11,1936.9200439453125,61.35255813598633,14.229999542236328,4.34,0.19,25.62
2014-08-12,1933.75,61.22233963012695,14.130000114440918,4.34,0.22,25.62
2014-08-13,1946.719970703125,61.62926483154297,12.899999618530273,4.34,0.2,25.62
2014-08-14,1955.1800537109375,61.92222213745117,12.420000076293945,4.34,0.19,25.62
2014-08-15,1955.06005859375,61.89780044555664,13.149999618530273,4.34,0.16,25.62
2014-08-18,1971.739990234375,62.44305419921875,12.319999694824219,4.34,0.21,25.62
2014-08-19,1981.5999755859375,62.77671432495117,12.210000038146973,4.34,0.23,25.62
2014-08-20,1986.510009765625,62.996456146240234,11.779999732971191,4.34,0.26,25.62
2014-08-21,1992.3699951171875,63.10226821899414,11.760000228881836,4.34,0.24,25.62
2014-08-22,1988.4000244140625,62.996456146240234,11.470000267028809,4.34,0.26,25.62
2014-08-25,1997.9200439453125,63.30569076538086,11.699999809265137,4.34,0.24,25.62
2014-08-26,2000.02001953125,63.36263656616211,11.630000114440918,4.34,0.25,25.62
2014-08-27,2000.1199951171875,63.330081939697266,11.779999732971191,4.34,0.23,25.62
2014-08-28,1996.739990234375,63.30569076538086,12.050000190734863,4.34,0.21,25.62
2014-08-29,2003.3699951171875,63.53356170654297,12.09000015258789,4.34,0.23,25.62
2014-09-02,2002.280029296875,63.48471450805664,12.25,4.34,0.27,25.92
2014-09-03,2000.719970703125,63.53356170654297,12.359999656677246,4.34,0.24,25.92
2014-09-04,1997.6500244140625,63.45220184326172,12.640000343322754,4.34,0.28,25.92
2014-09-05,2007.7099609375,63.737030029296875,12.09000015258789,4.34,0.31,25.92
2014-09-08,2001.5400390625,63.54985046386719,12.65999984741211,4.34,0.35,25.92
2014-09-09,1988.43994140625,63.09408187866211,13.5,4.34,0.39,25.92
2014-09-10,1995.68994140625,63.22433090209961,12.880000114440918,4.34,0.44,25.92
2014-09-11,1997.449951171875,63.33827209472656,12.800000190734863,4.34,0.42,25.92
2014-09-12,1985.5400390625,62.88248062133789,13.3100004196167,4.34,0.49,25.92
2014-09-15,1984.1300048828125,62.74417495727539,14.119999885559082,4.34,0.47,25.92
2014-09-16,1998.97998046875,63.17549514770508,12.729999542236328,4.34,0.48,25.92
2014-09-17,2001.5699462890625,63.23242950439453,12.649999618530273,4.34,0.56,25.92
2014-09-18,2011.3599853515625,63.46841812133789,12.029999732971191,4.34,0.61,25.92
2014-09-19,2010.4000244140625,63.328006744384766,12.109999656677246,4.34,0.56,25.92
2014-09-22,1994.2900390625,62.74005126953125,13.6899995803833,4.34,0.58,25.92
2014-09-23,1982.77001953125,62.299072265625,14.930000305175781,4.34,0.52,25.92
2014-09-24,1998.300048828125,62.78904342651367,13.270000457763672,4.34,0.54,25.92
2014-09-25,1965.989990234375,61.85811233520508,15.640000343322754,4.34,0.5,25.92
2014-09-26,1982.8499755859375,62.2908935546875,14.850000381469727,4.34,0.57,25.92
2014-09-29,1977.800048828125,62.17660140991211,15.979999542236328,4.34,0.55,25.92
2014-09-30,1972.2900390625,61.89076614379883,16.309999465942383,4.34,0.55,25.92
2014-10-01,1946.1600341796875,61.065982818603516,16.709999084472656,4.34,0.46,25.16
2014-10-02,1946.1700439453125,61.131324768066406,16.15999984741211,4.34,0.49,25.16
2014-10-03,1967.9000244140625,61.735595703125,14.550000190734863,4.34,0.52,25.16
2014-10-06,1964.8199462890625,61.63760757446289,15.460000038146973,4.34,0.5,25.16
2014-10-07,1935.0999755859375,60.641361236572266,17.200000762939453,4.34,0.44,25.16
2014-10-08,1968.8900146484375,61.65394973754883,15.109999656677246,4.34,0.39,25.16
2014-10-09,1928.2099609375,60.28202438354492,18.760000228881836,4.34,0.37,25.16
2014-10-10,1906.1300048828125,59.54709243774414,21.239999771118164,4.34,0.35,25.16
2014-10-13,1874.739990234375,58.53449249267578,24.639999389648438,4.34,0.35,25.16
2014-10-14,1877.699951171875,58.852970123291016,22.790000915527344,4.34,0.29,25.16
2014-10-15,1862.489990234375,58.62434005737305,25.270000457763672,4.34,0.29,25.16
2014-10-16,1862.760009765625,58.81214141845703,25.200000762939453,4.34,0.28,25.16
2014-10-17,1886.760009765625,59.465431213378906,21.989999771118164,4.34,0.3,25.16
2014-10-20,1904.010009765625,60.094234466552734,18.56999969482422,4.34,0.29,25.16
2014-10-21,1941.280029296875,61.3436393737793,16.079999923706055,4.34,0.33,25.16
2014-10-22,1927.1099853515625,60.82914352416992,17.8700008392334,4.34,0.34,25.16
2014-10-23,1950.8199462890625,61.55593490600586,16.530000686645508,4.34,0.38,25.16
2014-10-24,1964.5799560546875,61.99688720703125,16.110000610351562,4.34,0.39,25.16
2014-10-27,1961.6300048828125,61.89076614379883,16.040000915527344,4.34,0.38,25.16
2014-10-28,1985.050048828125,62.674705505371094,14.390000343322754,4.34,0.39,25.16
2014-10-29,1982.300048828125,62.544036865234375,15.149999618530273,4.34,0.42,25.16
2014-10-30,1994.6500244140625,62.99321365356445,14.520000457763672,4.34,0.42,25.16
2014-10-31,2018.050048828125,63.760807037353516,14.029999732971191,4.34,0.43,25.16
2014-11-03,2017.81005859375,63.777137756347656,14.729999542236328,4.34,0.43,26.61
2014-11-04,2012.0999755859375,63.458656311035156,14.890000343322754,4.34,0.43,26.61
2014-11-05,2023.5699462890625,63.94861602783203,14.170000076293945,4.34,0.43,26.61
2014-11-06,2031.2099609375,64.23441314697266,13.670000076293945,4.34,0.45,26.61
2014-11-07,2031.9200439453125,64.31608581542969,13.119999885559082,4.34,0.38,26.61
2014-11-10,2038.260009765625,64.47940826416016,12.670000076293945,4.34,0.44,26.61
2014-11-11,2039.6800537109375,64.49573516845703,12.920000076293945,4.34,0.44,26.61
2014-11-12,2038.25,64.50390625,13.020000457763672,4.34,0.46,26.61
2014-11-13,2039.3299560546875,64.38138580322266,13.789999961853027,4.34,0.47,26.61
2014-11-14,2039.8199462890625,64.4140853881836,13.3100004196167,4.34,0.43,26.61
2014-11-17,2041.3199462890625,64.50390625,13.989999771118164,4.34,0.48,26.61
2014-11-18,2051.800048828125,64.9122085571289,13.859999656677246,4.34,0.48,26.61
2014-11-19,2048.719970703125,64.77339172363281,13.960000038146973,4.34,0.53,26.61
2014-11-20,2052.75,65.00202941894531,13.579999923706055,4.34,0.49,26.61
2014-11-21,2063.5,65.39400482177734,12.899999618530273,4.34,0.45,26.61
2014-11-24,2069.409912109375,65.6226806640625,12.619999885559082,4.34,0.44,26.61
2014-11-25,2067.030029296875,65.57366180419922,12.25,4.34,0.42,26.61
2014-11-26,2072.830078125,65.614501953125,12.069999694824219,4.34,0.42,26.61
2014-11-28,2067.56005859375,65.45936584472656,13.329999923706055,4.34,0.39,26.61
2014-12-01,2053.43994140625,64.94488525390625,14.15999984741211,4.34,0.43,26.79
2014-12-02,2066.550048828125,65.29601287841797,12.850000381469727,4.34,0.51,26.79
2014-12-03,2074.330078125,65.68800354003906,12.5,4.34,0.5,26.79
2014-12-04,2071.919921875,65.5491714477539,12.380000114440918,4.34,0.48,26.79
2014-12-05,2075.3701171875,65.67167663574219,11.890000343322754,4.34,0.56,26.79
2014-12-08,2060.31005859375,65.18168640136719,14.210000038146973,4.34,0.55,26.79
2014-12-09,2059.820068359375,65.24703216552734,15.350000381469727,4.34,0.49,26.79
2014-12-10,2026.1400146484375,64.1772689819336,18.530000686645508,4.34,0.47,26.79
2014-12-11,2035.3299560546875,64.50390625,20.079999923706055,4.34,0.49,26.79
2014-12-12,2002.3299560546875,63.499481201171875,21.079999923706055,4.34,0.46,26.79
2014-12-15,1989.6300048828125,63.180999755859375,20.420000076293945,4.34,0.5,26.79
2014-12-16,1972.739990234375,62.78904342651367,23.56999969482422,4.34,0.42,26.79
2014-12-17,2012.8900146484375,64.07926940917969,19.440000534057617,4.34,0.49,26.79
2014-12-18,2061.22998046875,65.49200439453125,16.809999465942383,4.34,0.57,26.79
2014-12-19,2070.64990234375,65.79950714111328,16.489999771118164,4.34,0.49,26.79
2014-12-22,2078.5400390625,66.07013702392578,15.25,4.34,0.47,26.79
2014-12-23,2082.169921875,66.29154968261719,14.800000190734863,4.34,0.56,26.79
2014-12-24,2081.8798828125,66.29972839355469,14.369999885559082,4.34,0.59,26.79
2014-12-26,2088.77001953125,66.4637451171875,14.5,4.34,0.58,26.79
2014-12-29,2090.570068359375,66.6441650390625,15.0600004196167,4.34,0.57,26.79
2014-12-30,2080.35009765625,66.25054168701172,15.920000076293945,4.34,0.56,26.79
2014-12-31,2058.89990234375,65.64370727539062,19.200000762939453,4.34,0.49,26.79
2015-01-02,2058.199951171875,65.62732696533203,17.790000915527344,4.34,0.41,26.49
2015-01-05,2020.5799560546875,64.32342529296875,19.920000076293945,4.34,0.4,26.49
2015-01-06,2002.6099853515625,63.626441955566406,21.1200008392334,4.34,0.41,26.49
2015-01-07,2025.9000244140625,64.3890380859375,19.309999465942383,4.34,0.39,26.49
2015-01-08,2062.139892578125,65.5207290649414,17.010000228881836,4.34,0.41,26.49
2015-01-09,2044.81005859375,64.98767852783203,17.549999237060547,4.34,0.36,26.49
2015-01-12,2028.260009765625,64.33987426757812,19.600000381469727,4.34,0.35,26.49
2015-01-13,2023.030029296875,64.17586517333984,20.559999465942383,4.34,0.37,26.49
2015-01-14,2011.27001953125,63.83962631225586,21.479999542236328,4.34,0.29,26.49
2015-01-15,1992.6700439453125,63.24919891357422,22.389999389648438,4.34,0.19,26.49
2015-01-16,2019.4200439453125,64.1184310913086,20.950000762939453,4.34,0.23,26.49
2015-01-20,2022.550048828125,64.1512680053711,19.889999389648438,4.34,0.23,26.49
2015-01-21,2032.1199951171875,64.59407043457031,18.850000381469727,4.34,0.26,26.49
2015-01-22,2063.14990234375,65.49609375,16.399999618530273,4.34,0.29,26.49
2015-01-23,2051.820068359375,65.14350128173828,16.65999984741211,4.34,0.21,26.49
2015-01-26,2057.090087890625,65.46330261230469,15.520000457763672,4.34,0.22,26.49
2015-01-27,2029.550048828125,64.93848419189453,17.219999313354492,4.34,0.17,26.49
2015-01-28,2002.1600341796875,63.94625473022461,20.440000534057617,4.34,0.12,26.49
2015-01-29,2021.25,64.53665161132812,18.760000228881836,4.34,0.15,26.49
2015-01-30,1994.989990234375,63.72484588623047,20.969999313354492,4.34,0.03,26.49
2015-02-02,2020.8499755859375,64.41366577148438,19.43000030517578,4.34,0.03,27.0
2015-02-03,2050.030029296875,65.73392486572266,17.329999923706055,4.34,0.09,27.0
2015-02-04,2041.510009765625,65.36490631103516,18.329999923706055,4.34,0.1,27.0
2015-02-05,2062.52001953125,66.1357192993164,16.850000381469727,4.34,0.13,27.0
2015-02-06,2055.469970703125,65.8569107055664,17.290000915527344,4.34,0.24,27.0
2015-02-09,2046.739990234375,65.62732696533203,18.549999237060547,4.34,0.25,27.0
2015-02-10,2068.590087890625,66.26692962646484,17.229999542236328,4.34,0.31,27.0
2015-02-11,2068.530029296875,66.20133972167969,16.959999084472656,4.34,0.32,27.0
2015-02-12,2088.47998046875,66.90658569335938,15.34000015258789,4.34,0.33,27.0
2015-02-13,2096.989990234375,67.16898345947266,14.6899995803833,4.34,0.34,27.0
2015-02-17,2100.340087890625,67.34117889404297,15.800000190734863,4.34,0.43,27.0
2015-02-18,2099.679931640625,67.40676879882812,15.449999809265137,4.34,0.36,27.0
2015-02-19,2097.449951171875,67.37399291992188,15.289999961853027,4.34,0.37,27.0
2015-02-20,2110.300048828125,67.74300384521484,14.300000190734863,4.34,0.38,27.0
2015-02-23,2109.659912109375,67.66098022460938,14.5600004196167,4.34,0.34,27.0
2015-02-24,2115.47998046875,67.78401184082031,13.6899995803833,4.34,0.27,27.0
2015-02-25,2113.860107421875,67.77580261230469,13.84000015258789,4.34,0.24,27.0
2015-02-26,2110.739990234375,67.49699401855469,13.90999984741211,4.34,0.24,27.0
2015-02-27,2104.5,67.37399291992188,13.34000015258789,4.34,0.17,27.0
2015-03-02,2117.389892578125,67.70198822021484,13.039999961853027,4.34,0.25,26.73
2015-03-03,2107.780029296875,67.44776916503906,13.859999656677246,4.34,0.26,26.73
2015-03-04,2098.530029296875,67.12798309326172,14.229999542236328,4.34,0.25,26.73
2015-03-05,2101.0400390625,67.25099182128906,14.039999961853027,4.34,0.27,26.73
2015-03-06,2071.260009765625,66.2423324584961,15.199999809265137,4.34,0.41,26.73
2015-03-09,2079.429931640625,66.40632629394531,15.0600004196167,4.34,0.44,26.73
2015-03-10,2044.1600341796875,65.39773559570312,16.690000534057617,4.34,0.41,26.73
2015-03-11,2040.239990234375,65.39773559570312,16.8700008392334,4.34,0.39,26.73
2015-03-12,2065.949951171875,66.23414611816406,15.420000076293945,4.34,0.39,26.73
2015-03-13,2053.39990234375,65.77494812011719,16.0,4.34,0.44,26.73
2015-03-16,2081.18994140625,66.67697143554688,15.609999656677246,4.34,0.45,26.73
2015-03-17,2074.280029296875,66.43096923828125,15.65999984741211,4.34,0.42,26.73
2015-03-18,2099.5,67.37399291992188,13.970000267028809,4.34,0.23,26.73
2015-03-19,2089.27001953125,66.98039245605469,14.069999694824219,4.34,0.19,26.73
2015-03-20,2108.10009765625,67.6357192993164,13.020000457763672,4.34,0.17,26.73
2015-03-23,2104.419921875,67.59455871582031,13.40999984741211,4.34,0.17,26.73
2015-03-24,2091.5,67.19112396240234,13.619999885559082,4.34,0.11,26.73
2015-03-25,2061.050048828125,66.29373168945312,15.4399995803833,4.34,0.12,26.73
2015-03-26,2056.14990234375,66.1208267211914,15.800000190734863,4.34,0.21,26.73
2015-03-27,2061.02001953125,66.40897369384766,15.069999694824219,4.34,0.19,26.73
2015-03-30,2086.239990234375,67.19112396240234,14.510000228881836,4.34,0.23,26.73
2015-03-31,2067.889892578125,66.7300796508789,15.289999961853027,4.34,0.18,26.73
2015-04-01,2059.68994140625,66.55719757080078,15.109999656677246,4.34,0.07,26.79
2015-04-02,2066.9599609375,66.85356140136719,14.670000076293945,4.34,0.11,26.79
2015-04-06,2080.6201171875,67.37226104736328,14.739999771118164,4.34,0.07,26.79
2015-04-07,2076.330078125,67.12525177001953,14.779999732971191,4.34,0.04,26.79
2015-04-08,2081.89990234375,67.3475570678711,13.979999542236328,4.34,0.08,26.79
2015-04-09,2091.179931640625,67.61102294921875,13.09000015258789,4.34,0.13,26.79
2015-04-10,2102.06005859375,67.79215240478516,12.579999923706055,4.34,0.14,26.79
2015-04-13,2092.429931640625,67.45458984375,13.9399995803833,4.34,0.14,26.79
2015-04-14,2095.840087890625,67.6357192993164,13.670000076293945,4.34,0.1,26.79
2015-04-15,2106.6298828125,68.05563354492188,12.84000015258789,4.34,0.07,26.79
2015-04-16,2104.989990234375,67.92389678955078,12.600000381469727,4.34,0.05,26.79
2015-04-17,2081.179931640625,67.15821838378906,13.890000343322754,4.34,-0.02,26.79
2015-04-20,2100.39990234375,67.6851577758789,13.300000190734863,4.34,0.01,26.79
2015-04-21,2097.2900390625,67.60279083251953,13.25,4.34,0.06,26.79
2015-04-22,2107.9599609375,67.83332824707031,12.710000038146973,4.34,0.12,26.79
2015-04-23,2112.929931640625,68.04741668701172,12.479999542236328,4.34,0.07,26.79
2015-04-24,2117.68994140625,67.96505737304688,12.289999961853027,4.34,0.04,26.79
2015-04-27,2108.919921875,67.59455871582031,13.119999885559082,4.34,0.03,26.79
2015-04-28,2114.760009765625,67.78392028808594,12.40999984741211,4.34,0.11,26.79
2015-04-29,2106.85009765625,67.5040054321289,13.390000343322754,4.34,0.14,26.79
2015-04-30,2085.510009765625,67.00174713134766,14.550000190734863,4.34,0.11,26.79
2015-05-01,2108.2900390625,67.6851577758789,12.699999809265137,4.34,0.18,26.81
2015-05-04,2114.489990234375,67.92389678955078,12.850000381469727,4.34,0.24,26.81
2015-05-05,2089.4599609375,67.09235382080078,14.3100004196167,4.34,0.25,26.81
2015-05-06,2080.14990234375,66.86180877685547,15.149999618530273,4.34,0.34,26.81
2015-05-07,2088.0,67.01824951171875,15.130000114440918,4.34,0.3,26.81
2015-05-08,2116.10009765625,67.84156799316406,12.859999656677246,4.34,0.28,26.81
2015-05-11,2105.330078125,67.56985473632812,13.850000381469727,4.34,0.4,26.81
2015-05-12,2099.1201171875,67.37226104736328,13.859999656677246,4.34,0.4,26.81
2015-05-13,2098.47998046875,67.37226104736328,13.760000228881836,4.34,0.41,26.81
2015-05-14,2121.10009765625,67.92389678955078,12.739999771118164,4.34,0.36,26.81
2015-05-15,2122.72998046875,68.07206726074219,12.380000114440918,4.34,0.31,26.81
2015-05-18,2129.199951171875,68.32732391357422,12.729999542236328,4.34,0.37,26.81
2015-05-19,2127.830078125,68.17912292480469,12.850000381469727,4.34,0.42,26.81
2015-05-20,2125.85009765625,68.17912292480469,12.880000114440918,4.34,0.38,26.81
2015-05-21,2130.820068359375,68.36024475097656,12.109999656677246,4.34,0.35,26.81
2015-05-22,2126.06005859375,68.24497985839844,12.130000114440918,4.34,0.34,26.81
2015-05-26,2104.199951171875,67.46283721923828,14.0600004196167,4.34,0.32,26.81
2015-05-27,2123.47998046875,68.01443481445312,13.270000457763672,4.34,0.34,26.81
2015-05-28,2120.7900390625,67.89095306396484,13.3100004196167,4.34,0.33,26.81
2015-05-29,2107.389892578125,67.48753356933594,13.84000015258789,4.34,0.32,26.81
2015-06-01,2111.72998046875,67.59455871582031,13.970000267028809,4.34,0.39,26.5
2015-06-02,2109.60009765625,67.60279083251953,14.239999771118164,4.34,0.44,26.5
2015-06-03,2114.070068359375,67.72631072998047,13.65999984741211,4.34,0.55,26.5
2015-06-04,2095.840087890625,67.11703491210938,14.710000038146973,4.34,0.5,26.5
2015-06-05,2092.830078125,67.10881042480469,14.210000038146973,4.34,0.55,26.5
2015-06-08,2079.280029296875,66.68067169189453,15.289999961853027,4.34,0.54,26.5
2015-06-09,2080.14990234375,66.63951873779297,14.470000267028809,4.34,0.56,26.5
2015-06-10,2105.199951171875,67.39698028564453,13.220000267028809,4.34,0.63,26.5
2015-06-11,2108.860107421875,67.53692626953125,12.850000381469727,4.34,0.56,26.5
2015-06-12,2094.110107421875,67.11703491210938,13.779999732971191,4.34,0.55,26.5
2015-06-15,2084.429931640625,66.8041763305664,15.390000343322754,4.34,0.51,26.5
2015-06-16,2096.2900390625,67.15821838378906,14.8100004196167,4.34,0.44,26.5
2015-06-17,2100.43994140625,67.31462860107422,14.5,4.34,0.42,26.5
2015-06-18,2121.239990234375,67.92389678955078,13.1899995803833,4.34,0.46,26.5
2015-06-19,2109.989990234375,67.59162139892578,13.960000038146973,4.34,0.4,26.5
2015-06-22,2122.85009765625,67.99662017822266,12.739999771118164,4.34,0.47,26.5
2015-06-23,2124.199951171875,67.94703674316406,12.109999656677246,4.34,0.5,26.5
2015-06-24,2108.580078125,67.42633056640625,13.260000228881836,4.34,0.48,26.5
2015-06-25,2102.31005859375,67.16184997558594,14.010000228881836,4.34,0.49,26.5
2015-06-26,2101.489990234375,67.2362289428711,14.020000457763672,4.34,0.57,26.5
2015-06-29,2057.639892578125,65.78985595703125,18.850000381469727,4.34,0.46,26.5
2015-06-30,2063.110107421875,65.95516204833984,18.229999542236328,4.34,0.48,26.5
2015-07-01,2077.419921875,66.36839294433594,16.09000015258789,4.34,0.54,26.38
2015-07-02,2076.780029296875,66.34359741210938,16.790000915527344,4.34,0.49,26.38
2015-07-06,2068.760009765625,66.04608917236328,17.010000228881836,4.34,0.43,26.38
2015-07-07,2081.340087890625,66.5915756225586,16.09000015258789,4.34,0.4,26.38
2015-07-08,2046.6800537109375,65.4096450805664,19.65999984741211,4.34,0.39,26.38
2015-07-09,2051.31005859375,65.56673431396484,19.969999313354492,4.34,0.47,26.38
2015-07-10,2076.6201171875,66.27748107910156,16.829999923706055,4.34,0.55,26.38
2015-07-13,2099.60009765625,66.94696807861328,13.899999618530273,4.34,0.58,26.38
2015-07-14,2108.949951171875,67.14531707763672,13.369999885559082,4.34,0.56,26.38
2015-07-15,2107.39990234375,66.91392517089844,13.229999542236328,4.34,0.52,26.38
2015-07-16,2124.2900390625,67.3271484375,12.109999656677246,4.34,0.52,26.38
2015-07-17,2126.639892578125,66.98829650878906,11.949999809265137,4.34,0.51,26.38
2015-07-20,2128.280029296875,66.85604858398438,12.25,4.34,0.56,26.38
2015-07-21,2119.2099609375,66.60809326171875,12.220000267028809,4.34,0.53,26.38
2015-07-22,2114.14990234375,66.62464141845703,12.119999885559082,4.34,0.53,26.38
2015-07-23,2102.14990234375,66.31055450439453,12.640000343322754,4.34,0.49,26.38
2015-07-24,2079.64990234375,65.574951171875,13.739999771118164,4.34,0.51,26.38
2015-07-27,2067.639892578125,65.17823028564453,15.600000381469727,4.34,0.5,26.38
2015-07-28,2093.25,65.9964828491211,13.4399995803833,4.34,0.51,26.38
2015-07-29,2108.570068359375,66.55025482177734,12.5,4.34,0.52,26.38
2015-07-30,2108.6298828125,66.58329010009766,12.130000114440918,4.34,0.51,26.38
2015-07-31,2103.840087890625,66.5915756225586,12.119999885559082,4.34,0.46,26.38
2015-08-03,2098.0400390625,66.33533477783203,12.5600004196167,4.34,0.46,25.69
2015-08-04,2093.320068359375,66.26097106933594,13.0,4.34,0.52,25.69
2015-08-05,2099.840087890625,66.49237823486328,12.510000228881836,4.34,0.58,25.69
2015-08-06,2083.56005859375,66.04608917236328,13.770000457763672,4.34,0.56,25.69
2015-08-07,2077.570068359375,65.93037414550781,13.390000343322754,4.34,0.52,25.69
2015-08-10,2104.179931640625,66.86430358886719,12.229999542236328,4.34,0.55,25.69
2015-08-11,2084.070068359375,66.31055450439453,13.710000038146973,4.34,0.49,25.69
2015-08-12,2086.050048828125,66.42626190185547,13.609999656677246,4.34,0.52,25.69
2015-08-13,2083.389892578125,66.31884002685547,13.489999771118164,4.34,0.57,25.69
2015-08-14,2091.5400390625,66.58329010009766,12.829999923706055,4.34,0.58,25.69
2015-08-17,2102.43994140625,66.9221420288086,13.020000457763672,4.34,0.58,25.69
2015-08-18,2096.919921875,66.78166198730469,13.789999961853027,4.34,0.62,25.69
2015-08-19,2079.610107421875,66.26923370361328,15.25,4.34,0.55,25.69
2015-08-20,2035.72998046875,64.89723205566406,19.139999389648438,4.34,0.53,25.69
2015-08-21,1970.8900146484375,63.128501892089844,28.030000686645508,4.34,0.52,25.69
2015-08-24,1893.2099609375,60.60765075683594,40.7400016784668,4.34,0.52,25.69
2015-08-25,1867.6099853515625,59.73155975341797,36.02000045776367,4.34,0.59,25.69
2015-08-26,1940.510009765625,61.69039535522461,30.31999969482422,4.34,0.65,25.69
2015-08-27,1987.6600341796875,63.27727127075195,26.100000381469727,4.34,0.6,25.69
2015-08-28,1988.8699951171875,63.41779327392578,26.049999237060547,4.34,0.58,25.69
2015-08-31,1972.1800537109375,62.95494842529297,28.43000030517578,4.34,0.58,25.69
2015-09-01,1913.8499755859375,61.16141891479492,31.399999618530273,4.34,0.6,24.5
2015-09-02,1948.8599853515625,62.136695861816406,26.09000015258789,4.34,0.64,24.5
2015-09-03,1951.1300048828125,62.40117645263672,25.610000610351562,4.34,0.64,24.5
2015-09-04,1921.219970703125,61.450687408447266,27.799999237060547,4.34,0.62,24.5
2015-09-08,1969.4100341796875,63.00455093383789,24.899999618530273,4.34,0.67,24.5
2015-09-09,1942.0400390625,62.202816009521484,26.229999542236328,4.34,0.65,24.5
2015-09-10,1952.2900390625,62.42597579956055,24.3700008392334,4.34,0.64,24.5
2015-09-11,1961.050048828125,62.66568374633789,23.200000762939453,4.34,0.61,24.5
2015-09-14,1953.030029296875,62.40117645263672,24.25,4.34,0.62,24.5
2015-09-15,1978.0899658203125,63.14502716064453,22.540000915527344,4.34,0.72,24.5
2015-09-16,1995.31005859375,63.789703369140625,21.350000381469727,4.34,0.73,24.5
2015-09-17,1990.199951171875,63.67402648925781,21.139999389648438,4.34,0.63,24.5
2015-09-18,1958.030029296875,62.55519104003906,22.280000686645508,4.34,0.58,24.5
2015-09-21,1966.969970703125,62.82078170776367,20.139999389648438,4.34,0.66,24.5
2015-09-22,1942.739990234375,61.874610900878906,22.440000534057617,4.34,0.63,24.5
2015-09-23,1938.760009765625,61.61731719970703,22.1299991607666,4.34,0.64,24.5
2015-09-24,1932.239990234375,61.384952545166016,23.469999313354492,4.34,0.64,24.5
2015-09-25,1931.3399658203125,61.426448822021484,23.6200008392334,4.34,0.71,24.5
2015-09-28,1881.77001953125,59.7249870300293,27.6299991607666,4.34,0.71,24.5
2015-09-29,1884.0899658203125,59.774784088134766,26.829999923706055,4.34,0.66,24.5
2015-09-30,1920.030029296875,61.05295181274414,24.5,4.34,0.65,24.5
2015-10-01,1923.8199462890625,60.92014694213867,22.549999237060547,4.34,0.59,25.49
2015-10-02,1951.3599853515625,61.93272399902344,20.940000534057617,4.34,0.51,25.49
2015-10-05,1987.050048828125,63.202571868896484,19.540000915527344,4.34,0.56,25.49
2015-10-06,1979.9200439453125,63.01997375488281,19.399999618530273,4.34,0.53,25.49
2015-10-07,1995.8299560546875,63.667354583740234,18.399999618530273,4.34,0.53,25.49
2015-10-08,2013.4300537109375,64.43092346191406,17.420000076293945,4.34,0.54,25.49
2015-10-09,2014.8900146484375,64.41435241699219,17.079999923706055,4.34,0.58,25.49
2015-10-12,2017.4599609375,64.31474304199219,16.170000076293945,4.34,0.58,25.49
2015-10-13,2003.68994140625,63.79183578491211,17.670000076293945,4.34,0.54,25.49
2015-10-14,1994.239990234375,63.56776809692383,18.030000686645508,4.34,0.5,25.49
2015-10-15,2023.8599853515625,64.39772033691406,16.049999237060547,4.34,0.54,25.49
2015-10-16,2033.1099853515625,64.48902893066406,15.050000190734863,4.34,0.56,25.49
2015-10-19,2033.6600341796875,64.39772033691406,14.979999542236328,4.34,0.59,25.49
2015-10-20,2030.77001953125,64.48902893066406,15.75,4.34,0.6,25.49
2015-10-21,2018.93994140625,63.98275375366211,16.700000762939453,4.34,0.59,25.49
2015-10-22,2052.510009765625,64.97040557861328,14.449999809265137,4.34,0.57,25.49
2015-10-23,2075.14990234375,65.22771453857422,14.460000038146973,4.34,0.58,25.49
2015-10-26,2071.179931640625,64.98701477050781,15.289999961853027,4.34,0.59,25.49
2015-10-27,2065.889892578125,64.6716537475586,15.430000305175781,4.34,0.57,25.49
2015-10-28,2090.35009765625,65.43521881103516,14.329999923706055,4.34,0.63,25.49
2015-10-29,2089.409912109375,65.35221862792969,14.609999656677246,4.34,0.67,25.49
2015-10-30,2079.360107421875,65.31900787353516,15.069999694824219,4.34,0.63,25.49
2015-11-02,2104.050048828125,66.17389678955078,14.149999618530273,4.34,0.65,26.23
2015-11-03,2109.7900390625,66.28180694580078,14.539999961853027,4.34,0.65,26.23
2015-11-04,2102.31005859375,66.05767059326172,15.510000228881836,4.34,0.68,26.23
2015-11-05,2099.929931640625,65.95809936523438,15.050000190734863,4.34,0.71,26.23
2015-11-06,2099.199951171875,65.8419189453125,14.329999923706055,4.34,0.75,26.23
2015-11-09,2078.580078125,65.21111297607422,16.520000457763672,4.34,0.76,26.23
2015-11-10,2081.719970703125,65.42689514160156,15.289999961853027,4.34,0.77,26.23
2015-11-11,2075.0,65.03681182861328,16.059999465942383,4.34,0.77,26.23
2015-11-12,2045.969970703125,64.04915618896484,18.3700008392334,4.34,0.78,26.23
2015-11-13,2023.0400390625,63.360267639160156,20.079999923706055,4.34,0.76,26.23
2015-11-16,2053.18994140625,64.34794616699219,18.15999984741211,4.34,0.76,26.23
2015-11-17,2050.43994140625,64.20684051513672,18.84000015258789,4.34,0.72,26.23
2015-11-18,2083.580078125,65.22771453857422,16.850000381469727,4.34,0.71,26.23
2015-11-19,2081.239990234375,65.16131591796875,16.989999771118164,4.34,0.68,26.23
2015-11-20,2089.169921875,65.39372253417969,15.470000267028809,4.34,0.66,26.23
2015-11-23,2086.590087890625,65.39372253417969,15.619999885559082,4.34,0.64,26.23
2015-11-24,2089.139892578125,65.60951232910156,15.930000305175781,4.34,0.62,26.23
2015-11-25,2088.8701171875,65.65099334716797,15.1899995803833,4.34,0.62,26.23
2015-11-27,2090.110107421875,65.63442993164062,15.119999885559082,4.34,0.62,26.23
2015-11-30,2080.409912109375,65.51820373535156,16.1299991607666,4.34,0.62,26.23
2015-12-01,2102.6298828125,66.12407684326172,14.670000076293945,4.34,0.58,25.97
2015-12-02,2079.510009765625,65.25263214111328,15.90999984741211,4.34,0.62,25.97
2015-12-03,2049.6201171875,64.32302856445312,18.110000610351562,4.34,0.72,25.97
2015-12-04,2091.68994140625,65.34391784667969,14.8100004196167,4.34,0.68,25.97
2015-12-07,2077.070068359375,64.82102966308594,15.84000015258789,4.34,0.67,25.97
2015-12-08,2063.590087890625,64.3645248413086,17.600000381469727,4.34,0.68,25.97
2015-12-09,2047.6199951171875,63.91634750366211,19.610000610351562,4.34,0.69,25.97
2015-12-10,2052.22998046875,64.0076675415039,19.34000015258789,4.34,0.73,25.97
2015-12-11,2012.3699951171875,62.762699127197266,24.389999389648438,4.34,0.67,25.97
2015-12-14,2021.93994140625,62.85398864746094,22.729999542236328,4.34,0.78,25.97
2015-12-15,2043.4100341796875,63.5096435546875,20.950000762939453,4.34,0.8,25.97
2015-12-16,2073.070068359375,64.42265319824219,17.860000610351562,4.34,0.84,25.97
2015-12-17,2041.8900146484375,63.335391998291016,18.940000534057617,4.34,0.77,25.97
2015-12-18,2005.550048828125,62.3658447265625,20.700000762939453,4.34,0.73,25.97
2015-12-21,2021.1500244140625,62.85768127441406,18.700000762939453,4.34,0.75,25.97
2015-12-22,2038.969970703125,63.54963684082031,16.600000381469727,4.34,0.78,25.97
2015-12-23,2064.2900390625,64.6500244140625,15.569999694824219,4.34,0.76,25.97
2015-12-24,2060.989990234375,64.53334045410156,15.739999771118164,4.34,0.73,25.97
2015-12-28,2056.5,64.23323822021484,16.90999984741211,4.34,0.74,25.97
2015-12-29,2078.360107421875,64.9084701538086,16.079999923706055,4.34,0.79,25.97
2015-12-30,2063.360107421875,64.3832778930664,17.290000915527344,4.34,0.77,25.97
2015-12-31,2043.93994140625,63.89141082763672,18.209999084472656,4.34,0.73,25.97
2016-01-04,2012.6600341796875,63.182823181152344,20.700000762939453,4.34,0.69,24.21
2016-01-05,2016.7099609375,63.3328857421875,19.34000015258789,4.34,0.69,24.21
2016-01-06,1990.260009765625,62.174110412597656,20.59000015258789,4.34,0.65,24.21
2016-01-07,1943.0899658203125,60.76521301269531,24.989999771118164,4.34,0.66,24.21
2016-01-08,1922.030029296875,60.02324676513672,27.010000228881836,4.34,0.65,24.21
2016-01-11,1923.6700439453125,59.831504821777344,24.299999237060547,4.34,0.72,24.21
2016-01-12,1938.6800537109375,60.11496353149414,22.469999313354492,4.34,0.69,24.21
2016-01-13,1890.280029296875,58.60603713989258,25.219999313354492,4.34,0.65,24.21
2016-01-14,1921.8399658203125,59.40635299682617,23.950000762939453,4.34,0.67,24.21
2016-01-15,1880.3299560546875,58.2725944519043,27.020000457763672,4.34,0.67,24.21
2016-01-19,1881.3299560546875,58.09752655029297,26.049999237060547,4.34,0.68,24.21
2016-01-20,1859.3299560546875,57.48060607910156,27.59000015258789,4.34,0.69,24.21
2016-01-21,1868.989990234375,58.00581359863281,26.690000534057617,4.34,0.74,24.21
2016-01-22,1906.9000244140625,59.14791488647461,22.34000015258789,4.34,0.72,24.21
2016-01-25,1877.0799560546875,58.0224723815918,24.149999618530273,4.34,0.69,24.21
2016-01-26,1903.6300048828125,59.089561462402344,22.5,4.34,0.65,24.21
2016-01-27,1882.949951171875,58.63937759399414,23.110000610351562,4.34,0.62,24.21
2016-01-28,1893.3599853515625,58.68107604980469,22.420000076293945,4.34,0.58,24.21
2016-01-29,1940.239990234375,60.340057373046875,20.200000762939453,4.34,0.53,24.21
2016-02-01,1939.3800048828125,60.31501770019531,19.979999542236328,4.34,0.57,24.0
2016-02-02,1903.030029296875,59.06455993652344,21.979999542236328,4.34,0.51,24.0
2016-02-03,1912.530029296875,59.6397705078125,21.649999618530273,4.34,0.5,24.0
2016-02-04,1915.449951171875,59.9815788269043,21.84000015258789,4.34,0.51,24.0
2016-02-05,1880.050048828125,58.96452713012695,23.3799991607666,4.34,0.53,24.0
2016-02-08,1853.43994140625,57.722354888916016,26.0,4.34,0.52,24.0
2016-02-09,1852.2099609375,57.547298431396484,26.540000915527344,4.34,0.53,24.0
2016-02-10,1851.8599853515625,57.58065414428711,26.290000915527344,4.34,0.5,24.0
2016-02-11,1829.0799560546875,56.763668060302734,28.139999389648438,4.34,0.45,24.0
2016-02-12,1864.780029296875,57.997467041015625,25.399999618530273,4.34,0.49,24.0
2016-02-16,1895.5799560546875,59.15625762939453,24.110000610351562,4.34,0.53,24.0
2016-02-17,1926.8199462890625,60.24833297729492,22.309999465942383,4.34,0.53,24.0
2016-02-18,1917.8299560546875,60.123287200927734,21.639999389648438,4.34,0.51,24.0
2016-02-19,1917.780029296875,59.93989562988281,20.530000686645508,4.34,0.5,24.0
2016-02-22,1945.5,60.990299224853516,19.3799991607666,4.34,0.46,24.0
2016-02-23,1921.27001953125,60.26500701904297,20.979999542236328,4.34,0.42,24.0
2016-02-24,1929.800048828125,60.62348937988281,20.719999313354492,4.34,0.39,24.0
2016-02-25,1951.699951171875,61.29874801635742,19.110000610351562,4.34,0.32,24.0
2016-02-26,1948.050048828125,61.40714645385742,19.809999465942383,4.34,0.35,24.0
2016-02-29,1932.22998046875,60.940284729003906,20.549999237060547,4.34,0.32,24.0
2016-03-01,1978.3499755859375,62.349159240722656,17.700000762939453,4.34,0.35,25.37
2016-03-02,1986.449951171875,62.799339294433594,17.09000015258789,4.34,0.33,25.37
2016-03-03,1993.4000244140625,63.37455749511719,16.700000762939453,4.34,0.3,25.37
2016-03-04,1999.989990234375,63.69969177246094,16.860000610351562,4.34,0.37,25.37
2016-03-07,2001.760009765625,64.00813293457031,17.350000381469727,4.34,0.43,25.37
2016-03-08,1979.260009765625,62.95772171020508,18.670000076293945,4.34,0.37,25.37
2016-03-09,1989.260009765625,63.29117965698242,18.34000015258789,4.34,0.39,25.37
2016-03-10,1989.5699462890625,63.38288879394531,18.049999237060547,4.34,0.45,25.37
2016-03-11,2022.18994140625,64.57502746582031,16.5,4.34,0.44,25.37
2016-03-14,2019.6400146484375,64.48330688476562,16.920000076293945,4.34,0.45,25.37
2016-03-15,2015.9300537109375,64.11650085449219,16.84000015258789,4.34,0.47,25.37
2016-03-16,2027.219970703125,64.72506713867188,14.989999771118164,4.34,0.36,25.37
2016-03-17,2040.5899658203125,65.32530975341797,14.4399995803833,4.34,0.34,25.37
2016-03-18,2049.580078125,65.62865447998047,14.020000457763672,4.34,0.27,25.37
2016-03-21,2051.60009765625,65.64540100097656,13.789999961853027,4.34,0.28,25.37
2016-03-22,2049.800048828125,65.59514617919922,14.170000076293945,4.34,0.31,25.37
2016-03-23,2036.7099609375,64.9247817993164,14.9399995803833,4.34,0.3,25.37
2016-03-24,2035.93994140625,64.849365234375,14.739999771118164,4.34,0.34,25.37
2016-03-28,2037.050048828125,64.9415283203125,15.239999771118164,4.34,0.33,25.37
2016-03-29,2055.010009765625,65.6034927368164,13.819999694824219,4.34,0.2,25.37
2016-03-30,2063.949951171875,65.80461120605469,13.5600004196167,4.34,0.18,25.37
2016-03-31,2059.739990234375,65.80461120605469,13.949999809265137,4.34,0.16,25.37
2016-04-01,2072.780029296875,66.06437683105469,13.100000381469727,4.34,0.17,25.92
2016-04-04,2066.1298828125,65.63703155517578,14.119999885559082,4.34,0.14,25.92
2016-04-05,2045.1700439453125,64.89964294433594,15.420000076293945,4.34,0.14,25.92
2016-04-06,2066.659912109375,65.58674621582031,14.09000015258789,4.34,0.17,25.92
2016-04-07,2041.9100341796875,64.76558685302734,16.15999984741211,4.34,0.12,25.92
2016-04-08,2047.5999755859375,65.05045318603516,15.359999656677246,4.34,0.14,25.92
2016-04-11,2041.989990234375,64.97504425048828,16.260000228881836,4.34,0.17,25.92
2016-04-12,2061.719970703125,65.6789321899414,14.850000381469727,4.34,0.22,25.92
2016-04-13,2082.419921875,66.50848388671875,13.84000015258789,4.34,0.21,25.92
2016-04-14,2082.780029296875,66.37445831298828,13.720000267028809,4.34,0.24,25.92
2016-04-15,2080.72998046875,66.3576889038086,13.619999885559082,4.34,0.2,25.92
2016-04-18,2094.340087890625,66.83531951904297,13.350000381469727,4.34,0.21,25.92
2016-04-19,2100.800048828125,67.12859344482422,13.239999771118164,4.34,0.19,25.92
2016-04-20,2102.39990234375,67.25428009033203,13.279999732971191,4.34,0.23,25.92
2016-04-21,2091.47998046875,66.80178833007812,13.949999809265137,4.34,0.24,25.92
2016-04-22,2091.580078125,67.22077178955078,13.220000267028809,4.34,0.25,25.92
2016-04-25,2087.7900390625,66.93585968017578,14.079999923706055,4.34,0.26,25.92
2016-04-26,2091.699951171875,67.4051284790039,13.960000038146973,4.34,0.27,25.92
2016-04-27,2095.14990234375,67.84086608886719,13.770000457763672,4.34,0.19,25.92
2016-04-28,2075.81005859375,67.03643798828125,15.220000267028809,4.34,0.12,25.92
2016-04-29,2065.300048828125,66.62581634521484,15.699999809265137,4.34,0.12,25.92
2016-05-02,2081.429931640625,67.01966094970703,14.680000305175781,4.34,0.2,25.69
2016-05-03,2063.3701171875,66.26549530029297,15.600000381469727,4.34,0.17,25.69
2016-05-04,2051.1201171875,65.83816528320312,16.049999237060547,4.34,0.16,25.69
2016-05-05,2050.6298828125,65.8214111328125,15.90999984741211,4.34,0.13,25.69
2016-05-06,2057.139892578125,66.03087615966797,14.720000267028809,4.34,0.18,25.69
2016-05-09,2058.68994140625,66.00574493408203,14.569999694824219,4.34,0.18,25.69
2016-05-10,2084.389892578125,66.81851959228516,13.630000114440918,4.34,0.15,25.69
2016-05-11,2064.4599609375,66.1481704711914,14.6899995803833,4.34,0.14,25.69
2016-05-12,2064.110107421875,66.13140869140625,14.40999984741211,4.34,0.15,25.69
2016-05-13,2046.6099853515625,65.49456787109375,15.039999961853027,4.34,0.13,25.69
2016-05-16,2066.659912109375,66.1649398803711,14.680000305175781,4.34,0.15,25.69
2016-05-17,2047.2099609375,65.71244049072266,15.569999694824219,4.34,0.15,25.69
2016-05-18,2047.6300048828125,65.55322265625,15.949999809265137,4.34,0.26,25.69
2016-05-19,2040.0400390625,65.3604965209961,16.329999923706055,4.34,0.29,25.69
2016-05-20,2052.320068359375,65.84651184082031,15.199999809265137,4.34,0.29,25.69
2016-05-23,2048.0400390625,65.80461120605469,15.819999694824219,4.34,0.3,25.69
2016-05-24,2076.06005859375,66.65096282958984,14.420000076293945,4.34,0.31,25.69
2016-05-25,2090.5400390625,67.17050170898438,13.899999618530273,4.34,0.29,25.69
2016-05-26,2090.10009765625,67.12022399902344,13.430000305175781,4.34,0.25,25.69
2016-05-27,2099.06005859375,67.50567626953125,13.119999885559082,4.34,0.27,25.69
2016-05-31,2096.949951171875,67.53082275390625,14.1899995803833,4.34,0.3,25.69
2016-06-01,2099.330078125,67.67327117919922,14.199999809265137,4.34,0.31,25.84
2016-06-02,2105.260009765625,67.96654510498047,13.630000114440918,4.34,0.27,25.84
2016-06-03,2099.1298828125,67.7319107055664,13.470000267028809,4.34,0.19,25.84
2016-06-06,2109.409912109375,68.19278717041016,13.649999618530273,4.34,0.19,25.84
2016-06-07,2112.1298828125,68.44420623779297,14.050000190734863,4.34,0.15,25.84
2016-06-08,2119.1201171875,68.6369400024414,14.079999923706055,4.34,0.12,25.84
2016-06-09,2115.47998046875,68.4609375,14.640000343322754,4.34,0.12,25.84
2016-06-10,2096.070068359375,67.54756927490234,17.030000686645508,4.34,0.12,25.84
2016-06-13,2079.06005859375,66.94425964355469,20.969999313354492,4.34,0.15,25.84
2016-06-14,2075.320068359375,66.73474884033203,20.5,4.34,0.17,25.84
2016-06-15,2071.5,66.74313354492188,20.139999389648438,4.34,0.13,25.84
2016-06-16,2077.989990234375,66.81851959228516,19.3700008392334,4.34,0.15,25.84
2016-06-17,2071.219970703125,66.93363952636719,19.40999984741211,4.34,0.2,25.84
2016-06-20,2083.25,67.48797607421875,18.3700008392334,4.34,0.24,25.84
2016-06-21,2088.89990234375,67.52997589111328,18.479999542236328,4.34,0.28,25.84
2016-06-22,2085.449951171875,67.46276092529297,21.170000076293945,4.34,0.25,25.84
2016-06-23,2113.320068359375,68.44549560546875,17.25,4.34,0.24,25.84
2016-06-24,2037.4100341796875,65.61493682861328,25.760000228881836,4.34,0.15,25.84
2016-06-27,2000.5400390625,63.95187759399414,23.850000381469727,4.34,0.12,25.84
2016-06-28,2036.0899658203125,65.20336151123047,18.75,4.34,0.09,25.84
2016-06-29,2070.77001953125,66.4548568725586,16.639999389648438,4.34,0.1,25.84
2016-06-30,2098.860107421875,67.48797607421875,15.630000114440918,4.34,0.09,25.84
2016-07-01,2102.949951171875,67.69792938232422,14.770000457763672,4.34,0.03,26.69
2016-07-05,2088.550048828125,66.88323211669922,15.579999923706055,4.34,-0.03,26.69
2016-07-06,2099.72998046875,67.28640747070312,14.960000038146973,4.34,-0.05,26.69
2016-07-07,2097.89990234375,67.27799987792969,14.760000228881836,4.34,-0.03,26.69
2016-07-08,2129.89990234375,68.53785705566406,13.199999809265137,4.34,-0.06,26.69
2016-07-11,2137.159912109375,68.806640625,13.539999961853027,4.34,0.01,26.69
2016-07-12,2152.139892578125,69.62137603759766,13.550000190734863,4.34,0.07,26.69
2016-07-13,2152.429931640625,69.5793685913086,13.039999961853027,4.34,0.03,26.69
2016-07-14,2163.75,69.87337493896484,12.819999694824219,4.34,0.08,26.69
2016-07-15,2161.739990234375,69.83135986328125,12.670000076293945,4.34,0.11,26.69
2016-07-18,2166.889892578125,69.95735168457031,12.4399995803833,4.34,0.1,26.69
2016-07-19,2163.780029296875,69.77255249023438,11.970000267028809,4.34,0.12,26.69
2016-07-20,2173.02001953125,70.11693572998047,11.770000457763672,4.34,0.13,26.69
2016-07-21,2165.169921875,69.85655975341797,12.739999771118164,4.34,0.05,26.69
2016-07-22,2175.030029296875,70.30171203613281,12.020000457763672,4.34,0.06,26.69
2016-07-25,2168.47998046875,70.14213562011719,12.869999885559082,4.34,0.08,26.69
2016-07-26,2169.179931640625,70.452880859375,13.050000190734863,4.34,0.07,26.69
2016-07-27,2166.580078125,70.0833511352539,12.829999923706055,4.34,0.03,26.69
2016-07-28,2170.06005859375,70.21770477294922,12.720000267028809,4.34,0.0,26.69
2016-07-29,2173.60009765625,70.28492736816406,11.869999885559082,4.34,-0.03,26.69
2016-08-01,2170.840087890625,70.02455139160156,12.4399995803833,4.34,0.05,26.95
2016-08-02,2157.030029296875,69.31060028076172,13.369999885559082,4.34,0.11,26.95
2016-08-03,2163.7900390625,69.7053451538086,12.859999656677246,4.34,0.09,26.95
2016-08-04,2164.25,69.74735260009766,12.420000076293945,4.34,0.04,26.95
2016-08-05,2182.8701171875,70.326904296875,11.390000343322754,4.34,0.09,26.95
2016-08-08,2180.889892578125,70.37732696533203,11.5,4.34,0.08,26.95
2016-08-09,2181.739990234375,70.26811981201172,11.65999984741211,4.34,0.06,26.95
2016-08-10,2175.489990234375,70.0833511352539,12.050000190734863,4.34,0.06,26.95
2016-08-11,2185.7900390625,70.60408782958984,11.680000305175781,4.34,0.1,26.95
2016-08-12,2184.050048828125,70.53691864013672,11.550000190734863,4.34,0.07,26.95
2016-08-15,2190.14990234375,70.87285614013672,11.8100004196167,4.34,0.1,26.95
2016-08-16,2178.14990234375,70.4697036743164,12.640000343322754,4.34,0.13,26.95
2016-08-17,2182.219970703125,70.52009582519531,12.1899995803833,4.34,0.09,26.95
2016-08-18,2187.02001953125,70.89805603027344,11.430000305175781,4.34,0.06,26.95
2016-08-19,2183.8701171875,70.92326354980469,11.34000015258789,4.34,0.1,26.95
2016-08-22,2182.639892578125,70.83927154541016,12.270000457763672,4.34,0.08,26.95
2016-08-23,2186.89990234375,71.15003967285156,12.380000114440918,4.34,0.07,26.95
2016-08-24,2175.43994140625,70.65447998046875,13.449999809265137,4.34,0.08,26.95
2016-08-25,2172.469970703125,70.64608001708984,13.630000114440918,4.34,0.09,26.95
2016-08-26,2169.0400390625,70.42768096923828,13.649999618530273,4.34,0.15,26.95
2016-08-29,2180.3798828125,70.82247924804688,12.9399995803833,4.34,0.11,26.95
2016-08-30,2176.1201171875,70.71327209472656,13.119999885559082,4.34,0.11,26.95
2016-08-31,2170.949951171875,70.39408874511719,13.420000076293945,4.34,0.11,26.95
2016-09-01,2170.860107421875,70.37732696533203,13.479999542236328,4.34,0.12,26.73
2016-09-02,2179.97998046875,70.73007202148438,11.979999542236328,4.34,0.13,26.73
2016-09-06,2186.47998046875,70.84767150878906,12.020000457763672,4.34,0.06,26.73
2016-09-07,2186.159912109375,71.04924774169922,11.9399995803833,4.34,0.03,26.73
2016-09-08,2181.300048828125,70.931640625,12.510000228881836,4.34,0.09,26.73
2016-09-09,2127.81005859375,69.01663970947266,17.5,4.34,0.17,26.73
2016-09-12,2159.0400390625,69.9909439086914,15.15999984741211,4.34,0.17,26.73
2016-09-13,2127.02001953125,68.81507110595703,17.850000381469727,4.34,0.24,26.73
2016-09-14,2125.77001953125,68.7142562866211,18.139999389648438,4.34,0.21,26.73
2016-09-15,2147.260009765625,69.40299224853516,16.299999237060547,4.34,0.22,26.73
2016-09-16,2139.159912109375,69.09954071044922,15.369999885559082,4.34,0.19,26.73
2016-09-19,2139.1201171875,69.25970458984375,15.529999732971191,4.34,0.2,26.73
2016-09-20,2139.760009765625,69.09111022949219,15.920000076293945,4.34,0.2,26.73
2016-09-21,2163.1201171875,70.02680969238281,13.300000190734863,4.34,0.15,26.73
2016-09-22,2177.179931640625,70.57475280761719,12.020000457763672,4.34,0.08,26.73
2016-09-23,2164.68994140625,70.22068786621094,12.289999961853027,4.34,0.05,26.73
2016-09-26,2146.10009765625,69.68118286132812,14.5,4.34,0.05,26.73
2016-09-27,2159.929931640625,69.99308776855469,13.100000381469727,4.34,0.04,26.73
2016-09-28,2171.3701171875,70.48200988769531,12.390000343322754,4.34,0.01,26.73
2016-09-29,2151.1298828125,69.89192962646484,14.020000457763672,4.34,0.02,26.73
2016-09-30,2168.27001953125,70.46514892578125,13.289999961853027,4.34,0.0,26.73
2016-10-03,2161.199951171875,70.17011260986328,13.569999694824219,4.34,0.0,26.53
2016-10-04,2150.489990234375,69.74019622802734,13.630000114440918,4.34,0.07,26.53
2016-10-05,2159.72998046875,70.15326690673828,12.989999771118164,4.34,0.1,26.53
2016-10-06,2160.77001953125,70.18698120117188,12.84000015258789,4.34,0.11,26.53
2016-10-07,2153.739990234375,69.80760955810547,13.479999542236328,4.34,0.1,26.53
2016-10-10,2163.659912109375,70.11954498291016,13.380000114440918,4.34,0.1,26.53
2016-10-11,2136.72998046875,69.0742416381836,15.359999656677246,4.34,0.13,26.53
2016-10-12,2139.179931640625,69.1669692993164,15.90999984741211,4.34,0.15,26.53
2016-10-13,2132.550048828125,68.91405487060547,16.690000534057617,4.34,0.12,26.53
2016-10-14,2132.97998046875,68.86347198486328,16.1200008392334,4.34,0.13,26.53
2016-10-17,2126.5,68.6274642944336,16.209999084472656,4.34,0.09,26.53
2016-10-18,2139.60009765625,69.09954071044922,15.279999732971191,4.34,0.09,26.53
2016-10-19,2144.2900390625,69.43673706054688,14.40999984741211,4.34,0.08,26.53
2016-10-20,2141.340087890625,69.30183410644531,13.75,4.34,0.08,26.53
2016-10-21,2141.159912109375,69.25970458984375,13.34000015258789,4.34,0.07,26.53
2016-10-24,2151.330078125,69.47887420654297,13.020000457763672,4.34,0.11,26.53
2016-10-25,2143.159912109375,69.0826644897461,13.460000038146973,4.34,0.07,26.53
2016-10-26,2139.429931640625,69.04898071289062,14.239999771118164,4.34,0.08,26.53
2016-10-27,2133.0400390625,68.64429473876953,15.359999656677246,4.34,0.13,26.53
2016-10-28,2126.409912109375,68.63587951660156,16.190000534057617,4.34,0.13,26.53
2016-10-31,2126.14990234375,68.7454833984375,17.059999465942383,4.34,0.11,26.53
2016-11-01,2111.719970703125,68.1806640625,18.559999465942383,4.34,0.11,26.85
2016-11-02,2097.93994140625,67.69172668457031,19.31999969482422,4.34,0.11,26.85
2016-11-03,2088.659912109375,67.47254943847656,22.079999923706055,4.34,0.14,26.85
2016-11-04,2085.179931640625,67.48099517822266,22.510000228881836,4.34,0.11,26.85
2016-11-07,2131.52001953125,68.93933868408203,18.709999084472656,4.34,0.12,26.85
2016-11-08,2139.56005859375,69.20066833496094,18.739999771118164,4.34,0.15,26.85
2016-11-09,2163.260009765625,70.01837158203125,14.380000114440918,4.34,0.25,26.85
2016-11-10,2167.47998046875,70.53260040283203,14.739999771118164,4.34,0.27,26.85
2016-11-11,2164.449951171875,70.53260040283203,14.170000076293945,4.34,0.27,26.85
2016-11-14,2164.199951171875,71.12271118164062,14.479999542236328,4.34,0.4,26.85
2016-11-15,2180.389892578125,71.64533996582031,13.369999885559082,4.34,0.41,26.85
2016-11-16,2176.93994140625,71.33343505859375,13.720000267028809,4.34,0.39,26.85
2016-11-17,2187.1201171875,71.7127685546875,13.350000381469727,4.34,0.42,26.85
2016-11-18,2181.89990234375,71.54418182373047,12.850000381469727,4.34,0.44,26.85
2016-11-21,2198.179931640625,72.10899353027344,12.420000076293945,4.34,0.42,26.85
2016-11-22,2202.93994140625,72.32816314697266,12.40999984741211,4.34,0.41,26.85
2016-11-23,2204.719970703125,72.50518798828125,12.430000305175781,4.34,0.44,26.85
2016-11-25,2213.35009765625,72.76651000976562,12.34000015258789,4.34,0.47,26.85
2016-11-28,2201.719970703125,72.27755737304688,13.149999618530273,4.34,0.47,26.85
2016-11-29,2204.659912109375,72.32816314697266,12.899999618530273,4.34,0.44,26.85
2016-11-30,2198.81005859375,72.34501647949219,13.329999923706055,4.34,0.43,26.85
2016-12-01,2191.080078125,72.12583923339844,14.069999694824219,4.34,0.48,27.87
2016-12-02,2191.949951171875,72.14270782470703,14.119999885559082,4.34,0.49,27.87
2016-12-05,2204.7099609375,72.68219757080078,12.140000343322754,4.34,0.45,27.87
2016-12-06,2212.22998046875,73.0531234741211,11.789999961853027,4.34,0.44,27.87
2016-12-07,2241.35009765625,74.09844207763672,12.220000267028809,4.34,0.42,27.87
2016-12-08,2246.18994140625,74.40190887451172,12.640000343322754,4.34,0.45,27.87
2016-12-09,2259.530029296875,74.6126480102539,11.75,4.34,0.51,27.87
2016-12-12,2256.9599609375,74.22489929199219,12.640000343322754,4.34,0.51,27.87
2016-12-13,2271.719970703125,74.53679656982422,12.720000267028809,4.34,0.53,27.87
2016-12-14,2253.280029296875,73.76124572753906,13.1899995803833,4.34,0.6,27.87
2016-12-15,2262.030029296875,74.02256774902344,12.789999961853027,4.34,0.7,27.87
2016-12-16,2258.070068359375,73.81735229492188,12.199999809265137,4.34,0.74,27.87
2016-12-19,2262.530029296875,73.92713165283203,11.710000038146973,4.34,0.68,27.87
2016-12-20,2270.760009765625,74.1720199584961,11.449999809265137,4.34,0.67,27.87
2016-12-21,2265.179931640625,74.00313568115234,11.270000457763672,4.34,0.64,27.87
2016-12-22,2260.9599609375,73.70760345458984,11.430000305175781,4.34,0.6,27.87
2016-12-23,2263.7900390625,73.85958099365234,11.4399995803833,4.34,0.58,27.87
2016-12-27,2268.8798828125,74.10445404052734,11.989999771118164,4.34,0.58,27.87
2016-12-28,2249.919921875,73.34451293945312,12.949999809265137,4.34,0.56,27.87
2016-12-29,2249.260009765625,73.36984252929688,13.369999885559082,4.34,0.55,27.87
2016-12-30,2238.830078125,73.15874481201172,14.039999961853027,4.34,0.5,27.87
2017-01-03,2257.830078125,73.74136352539062,12.850000381469727,4.34,0.47,28.06
2017-01-04,2270.75,74.45911407470703,11.850000381469727,4.34,0.47,28.06
2017-01-05,2269.0,74.2564697265625,11.670000076293945,4.34,0.42,28.06
2017-01-06,2276.97998046875,74.45911407470703,11.319999694824219,4.34,0.46,28.06
2017-01-09,2268.89990234375,74.05380249023438,11.5600004196167,4.34,0.43,28.06
2017-01-10,2268.89990234375,74.1213607788086,11.489999771118164,4.34,0.43,28.06
2017-01-11,2275.320068359375,74.31558227539062,11.260000228881836,4.34,0.39,28.06
2017-01-12,2270.43994140625,74.19734191894531,11.539999961853027,4.34,0.38,28.06
2017-01-13,2274.639892578125,74.34938049316406,11.229999542236328,4.34,0.41,28.06
2017-01-17,2267.889892578125,74.15513610839844,11.869999885559082,4.34,0.36,28.06
2017-01-18,2271.889892578125,74.37469482421875,12.479999542236328,4.34,0.42,28.06
2017-01-19,2263.68994140625,74.00313568115234,12.779999732971191,4.34,0.43,28.06
2017-01-20,2271.31005859375,74.28179168701172,11.539999961853027,4.34,0.44,28.06
2017-01-23,2265.199951171875,74.06226348876953,11.770000457763672,4.34,0.39,28.06
2017-01-24,2280.070068359375,74.79685974121094,11.069999694824219,4.34,0.41,28.06
2017-01-25,2298.3701171875,75.36260223388672,10.8100004196167,4.34,0.45,28.06
2017-01-26,2296.679931640625,75.15997314453125,10.630000114440918,4.34,0.43,28.06
2017-01-27,2294.68994140625,74.9319839477539,10.579999923706055,4.34,0.41,28.06
2017-01-30,2280.89990234375,74.50979614257812,11.880000114440918,4.34,0.42,28.06
2017-01-31,2278.8701171875,74.62798309326172,11.989999771118164,4.34,0.4,28.06
2017-02-01,2279.550048828125,74.4422378540039,11.8100004196167,4.34,0.43,28.66
2017-02-02,2280.85009765625,74.60267639160156,11.930000305175781,4.34,0.43,28.66
2017-02-03,2297.419921875,75.11772155761719,10.970000267028809,4.34,0.44,28.66
2017-02-06,2292.56005859375,74.91507720947266,11.369999885559082,4.34,0.4,28.66
2017-02-07,2293.080078125,74.83905792236328,11.289999961853027,4.34,0.4,28.66
2017-02-08,2294.669921875,74.99951934814453,11.449999809265137,4.34,0.38,28.66
2017-02-09,2307.8701171875,75.46395874023438,10.880000114440918,4.34,0.41,28.66
2017-02-10,2316.10009765625,75.88613891601562,10.850000381469727,4.34,0.4,28.66
2017-02-13,2328.25,76.22390747070312,11.069999694824219,4.34,0.43,28.66
2017-02-14,2337.580078125,76.42656707763672,10.739999771118164,4.34,0.46,28.66
2017-02-15,2349.25,76.79808044433594,11.970000267028809,4.34,0.45,28.66
2017-02-16,2347.219970703125,76.60387420654297,11.760000228881836,4.34,0.43,28.66
2017-02-17,2351.159912109375,76.75588989257812,11.489999771118164,4.34,0.41,28.66
2017-02-21,2365.3798828125,77.29630279541016,11.569999694824219,4.34,0.4,28.66
2017-02-22,2362.820068359375,77.11054992675781,11.739999771118164,4.34,0.38,28.66
2017-02-23,2363.81005859375,76.9754409790039,11.710000038146973,4.34,0.35,28.66
2017-02-24,2367.340087890625,77.18651580810547,11.470000267028809,4.34,0.31,28.66
2017-02-27,2369.75,77.36383819580078,12.09000015258789,4.34,0.35,28.66
2017-02-28,2363.639892578125,76.96697235107422,12.920000076293945,4.34,0.34,28.66
2017-03-01,2395.9599609375,77.9127197265625,12.539999961853027,4.34,0.43,29.09
2017-03-02,2381.919921875,77.40605163574219,11.8100004196167,4.34,0.48,29.09
2017-03-03,2383.1201171875,77.39762115478516,10.960000038146973,4.34,0.45,29.09
2017-03-06,2375.31005859375,77.0514144897461,11.239999771118164,4.34,0.48,29.09
2017-03-07,2368.389892578125,76.7052001953125,11.449999809265137,4.34,0.49,29.09
2017-03-08,2362.97998046875,76.52789306640625,11.859999656677246,4.34,0.56,29.09
2017-03-09,2364.8701171875,76.46034240722656,12.300000190734863,4.34,0.6,29.09
2017-03-10,2372.60009765625,76.76432800292969,11.65999984741211,4.34,0.57,29.09
2017-03-13,2373.469970703125,76.91631317138672,11.350000381469727,4.34,0.61,29.09
2017-03-14,2365.449951171875,76.55323791503906,12.300000190734863,4.34,0.61,29.09
2017-03-15,2385.260009765625,77.3891830444336,11.630000114440918,4.34,0.5,29.09
2017-03-16,2381.3798828125,77.21186065673828,11.210000038146973,4.34,0.51,29.09
2017-03-17,2378.25,77.18640899658203,11.279999732971191,4.34,0.49,29.09
2017-03-20,2373.469970703125,76.96602630615234,11.34000015258789,4.34,0.47,29.09
2017-03-21,2344.02001953125,75.95733642578125,12.470000267028809,4.34,0.45,29.09
2017-03-22,2348.449951171875,76.09295654296875,12.8100004196167,4.34,0.43,29.09
2017-03-23,2345.9599609375,76.12687683105469,13.119999885559082,4.34,0.46,29.09
2017-03-24,2343.97998046875,76.12687683105469,12.960000038146973,4.34,0.42,29.09
2017-03-27,2341.590087890625,75.99122619628906,12.5,4.34,0.41,29.09
2017-03-28,2358.570068359375,76.61849975585938,11.529999732971191,4.34,0.45,29.09
2017-03-29,2361.1298828125,76.88126373291016,11.420000076293945,4.34,0.41,29.09
2017-03-30,2368.06005859375,77.03385925292969,11.539999961853027,4.34,0.46,29.09
2017-03-31,2362.719970703125,76.98299407958984,12.369999885559082,4.34,0.43,29.09
2017-04-03,2358.840087890625,76.6778335571289,12.380000114440918,4.34,0.39,28.9
2017-04-04,2360.159912109375,76.5845947265625,11.789999961853027,4.34,0.4,28.9
2017-04-05,2352.949951171875,76.3726806640625,12.890000343322754,4.34,0.37,28.9
2017-04-06,2357.489990234375,76.77957153320312,12.390000343322754,4.34,0.39,28.9
2017-04-07,2355.5400390625,76.71173858642578,12.869999885559082,4.34,0.44,28.9
2017-04-10,2357.159912109375,76.8897476196289,14.050000190734863,4.34,0.44,28.9
2017-04-11,2353.780029296875,76.9151611328125,15.069999694824219,4.34,0.41,28.9
2017-04-12,2344.929931640625,76.44051361083984,15.770000457763672,4.34,0.38,28.9
2017-04-13,2328.949951171875,75.90647888183594,15.960000038146973,4.34,0.32,28.9
2017-04-17,2349.010009765625,76.52525329589844,14.65999984741211,4.34,0.38,28.9
2017-04-18,2342.18994140625,76.30487823486328,14.420000076293945,4.34,0.33,28.9
2017-04-19,2338.169921875,76.33030700683594,14.930000305175781,4.34,0.36,28.9
2017-04-20,2355.840087890625,76.95757293701172,14.149999618530273,4.34,0.39,28.9
2017-04-21,2348.68994140625,76.71173858642578,14.630000114440918,4.34,0.4,28.9
2017-04-24,2374.14990234375,77.46615600585938,10.84000015258789,4.34,0.41,28.9
2017-04-25,2388.610107421875,77.87300109863281,10.760000228881836,4.34,0.44,28.9
2017-04-26,2387.449951171875,77.88996124267578,10.850000381469727,4.34,0.42,28.9
2017-04-27,2388.77001953125,77.85606384277344,10.359999656677246,4.34,0.39,28.9
2017-04-28,2384.199951171875,77.49158477783203,10.819999694824219,4.34,0.37,28.9
2017-05-01,2388.330078125,77.45763397216797,10.109999656677246,4.34,0.41,29.31
2017-05-02,2391.169921875,77.52547454833984,10.59000015258789,4.34,0.41,29.31
2017-05-03,2388.1298828125,77.27965545654297,10.680000305175781,4.34,0.46,29.31
2017-05-04,2389.52001953125,77.34748077392578,10.460000038146973,4.34,0.5,29.31
2017-05-05,2399.2900390625,77.85606384277344,10.569999694824219,4.34,0.5,29.31
2017-05-08,2399.3798828125,77.67807006835938,9.770000457763672,4.34,0.53,29.31
2017-05-09,2396.919921875,77.62718200683594,9.960000038146973,4.34,0.56,29.31
2017-05-10,2399.6298828125,77.92388153076172,10.210000038146973,4.34,0.56,29.31
2017-05-11,2394.43994140625,77.60176086425781,10.600000381469727,4.34,0.51,29.31
2017-05-12,2390.89990234375,77.25424194335938,10.399999618530273,4.34,0.49,29.31
2017-05-15,2402.320068359375,77.72045135498047,10.420000076293945,4.34,0.52,29.31
2017-05-16,2400.669921875,77.51701354980469,10.649999618530273,4.34,0.51,29.31
2017-05-17,2357.030029296875,76.32181549072266,15.59000015258789,4.34,0.44,29.31
2017-05-18,2365.719970703125,76.49134063720703,14.65999984741211,4.34,0.43,29.31
2017-05-19,2381.72998046875,77.11015319824219,12.039999961853027,4.34,0.41,29.31
2017-05-22,2394.02001953125,77.508544921875,10.930000305175781,4.34,0.43,29.31
2017-05-23,2398.419921875,77.52547454833984,10.720000267028809,4.34,0.46,29.31
2017-05-24,2404.389892578125,77.69501495361328,10.020000457763672,4.34,0.45,29.31
2017-05-25,2415.070068359375,78.0086441040039,9.989999771118164,4.34,0.45,29.31
2017-05-26,2415.820068359375,77.99168395996094,9.8100004196167,4.34,0.44,29.31
2017-05-30,2412.909912109375,77.84758758544922,10.380000114440918,4.34,0.4,29.31
2017-05-31,2411.800048828125,77.92388153076172,10.40999984741211,4.34,0.4,29.31
2017-06-01,2430.06005859375,78.72913360595703,9.890000343322754,4.34,0.4,29.75
2017-06-02,2439.070068359375,78.83932495117188,9.75,4.34,0.36,29.75
2017-06-05,2436.10009765625,78.6697998046875,10.069999694824219,4.34,0.39,29.75
2017-06-06,2429.330078125,78.35616302490234,10.449999809265137,4.34,0.37,29.75
2017-06-07,2433.139892578125,78.43245697021484,10.390000343322754,4.34,0.4,29.75
2017-06-08,2433.7900390625,78.4917984008789,10.15999984741211,4.34,0.41,29.75
2017-06-09,2431.77001953125,78.72913360595703,10.699999809265137,4.34,0.43,29.75
2017-06-12,2429.389892578125,78.83087921142578,11.460000038146973,4.34,0.46,29.75
2017-06-13,2440.35009765625,79.33094787597656,10.420000076293945,4.34,0.46,29.75
2017-06-14,2437.919921875,79.15294647216797,10.640000343322754,4.34,0.44,29.75
2017-06-15,2432.4599609375,78.98341369628906,10.899999618530273,4.34,0.49,29.75
2017-06-16,2433.14990234375,79.00130462646484,10.380000114440918,4.34,0.49,29.75
2017-06-19,2453.4599609375,79.4946060180664,10.369999885559082,4.34,0.52,29.75
2017-06-20,2437.030029296875,78.84819030761719,10.859999656677246,4.34,0.5,29.75
2017-06-21,2435.610107421875,78.62702941894531,10.75,4.34,0.5,29.75
2017-06-22,2434.5,78.65255737304688,10.479999542236328,4.34,0.46,29.75
2017-06-23,2438.300048828125,78.8311996459961,10.020000457763672,4.34,0.45,29.75
2017-06-26,2439.070068359375,79.06085968017578,9.899999618530273,4.34,0.43,29.75
2017-06-27,2419.3798828125,78.5334701538086,11.0600004196167,4.34,0.5,29.75
2017-06-28,2440.68994140625,79.14591217041016,10.029999732971191,4.34,0.49,29.75
2017-06-29,2419.699951171875,78.5844955444336,11.4399995803833,4.34,0.55,29.75
2017-06-30,2423.409912109375,78.8311996459961,11.180000305175781,4.34,0.58,29.75
2017-07-03,2429.010009765625,79.16291046142578,11.220000267028809,4.34,0.6,30.0
2017-07-05,2432.5400390625,79.04383850097656,11.069999694824219,4.34,0.58,30.0
2017-07-06,2409.75,78.17625427246094,12.539999961853027,4.34,0.61,30.0
2017-07-07,2425.179931640625,78.67807006835938,11.1899995803833,4.34,0.66,30.0
2017-07-10,2427.429931640625,78.695068359375,11.109999656677246,4.34,0.66,30.0
2017-07-11,2425.530029296875,78.62702941894531,10.890000343322754,4.34,0.62,30.0
2017-07-12,2443.25,79.17142486572266,10.300000190734863,4.34,0.57,30.0
2017-07-13,2447.830078125,79.40106201171875,9.899999618530273,4.34,0.58,30.0
2017-07-14,2459.27001953125,79.74980926513672,9.510000228881836,4.34,0.57,30.0
2017-07-17,2459.139892578125,79.8433609008789,9.819999694824219,4.34,0.54,30.0
2017-07-18,2460.610107421875,79.67323303222656,9.890000343322754,4.34,0.51,30.0
2017-07-19,2473.830078125,80.24311828613281,9.789999961853027,4.34,0.51,30.0
2017-07-20,2473.449951171875,80.20059204101562,9.579999923706055,4.34,0.5,30.0
2017-07-21,2472.5400390625,80.21759796142578,9.359999656677246,4.34,0.48,30.0
2017-07-24,2469.909912109375,80.15807342529297,9.430000305175781,4.34,0.48,30.0
2017-07-25,2477.1298828125,80.47277069091797,9.430000305175781,4.34,0.52,30.0
2017-07-26,2477.830078125,80.3111801147461,9.600000381469727,4.34,0.49,30.0
2017-07-27,2475.419921875,80.22612762451172,10.109999656677246,4.34,0.49,30.0
2017-07-28,2472.10009765625,80.12403106689453,10.289999961853027,4.34,0.47,30.0
2017-07-31,2470.300048828125,80.09002685546875,10.260000228881836,4.34,0.48,30.0
2017-08-01,2476.35009765625,80.17510986328125,10.09000015258789,4.34,0.47,29.91
2017-08-02,2477.570068359375,79.91989135742188,10.279999732971191,4.34,0.48,29.91
2017-08-03,2472.159912109375,79.71578216552734,10.4399995803833,4.34,0.46,29.91
2017-08-04,2476.830078125,79.83487701416016,10.029999732971191,4.34,0.47,29.91
2017-08-07,2480.909912109375,79.91989135742188,9.930000305175781,4.34,0.46,29.91
2017-08-08,2474.919921875,79.72425842285156,10.960000038146973,4.34,0.46,29.91
2017-08-09,2474.02001953125,79.61369323730469,11.109999656677246,4.34,0.42,29.91
2017-08-10,2438.2099609375,78.47393798828125,16.040000915527344,4.34,0.4,29.91
2017-08-11,2441.320068359375,78.4909439086914,15.510000228881836,4.34,0.4,29.91
2017-08-14,2465.840087890625,79.23092651367188,12.329999923706055,4.34,0.45,29.91
2017-08-15,2464.610107421875,79.08635711669922,12.039999961853027,4.34,0.49,29.91
2017-08-16,2468.110107421875,79.29049682617188,11.739999771118164,4.34,0.45,29.91
2017-08-17,2430.010009765625,78.07415008544922,15.550000190734863,4.34,0.42,29.91
2017-08-18,2425.550048828125,77.89552307128906,14.260000228881836,4.34,0.43,29.91
2017-08-21,2428.3701171875,77.96358489990234,13.1899995803833,4.34,0.43,29.91
2017-08-22,2452.510009765625,78.70355224609375,11.350000381469727,4.34,0.45,29.91
2017-08-23,2444.0400390625,78.47393798828125,12.25,4.34,0.42,29.91
2017-08-24,2438.969970703125,78.37186431884766,12.229999542236328,4.34,0.44,29.91
2017-08-25,2443.050048828125,78.6440658569336,11.279999732971191,4.34,0.42,29.91
2017-08-28,2444.239990234375,78.55049133300781,11.319999694824219,4.34,0.41,29.91
2017-08-29,2446.300048828125,78.47393798828125,11.699999809265137,4.34,0.39,29.91
2017-08-30,2457.590087890625,78.84819030761719,11.220000267028809,4.34,0.39,29.91
2017-08-31,2471.64990234375,79.29049682617188,10.59000015258789,4.34,0.36,29.91
2017-09-01,2476.550048828125,79.61369323730469,10.130000114440918,4.34,0.37,30.17
2017-09-05,2457.85009765625,79.06935119628906,12.229999542236328,4.34,0.3,30.17
2017-09-06,2465.5400390625,79.35002899169922,11.630000114440918,4.34,0.32,30.17
2017-09-07,2465.10009765625,79.31602478027344,11.550000190734863,4.34,0.26,30.17
2017-09-08,2461.429931640625,79.38404846191406,12.119999885559082,4.34,0.25,30.17
2017-09-11,2488.110107421875,80.18359375,10.729999542236328,4.34,0.31,30.17
2017-09-12,2496.47998046875,80.498291015625,10.579999923706055,4.34,0.33,30.17
2017-09-13,2498.3701171875,80.5068130493164,10.5,4.34,0.35,30.17
2017-09-14,2495.6201171875,80.498291015625,10.4399995803833,4.34,0.35,30.17
2017-09-15,2500.22998046875,80.61791229248047,10.170000076293945,4.34,0.35,30.17
2017-09-18,2503.8701171875,80.7460708618164,10.149999618530273,4.34,0.36,30.17
2017-09-19,2506.64990234375,80.63497924804688,10.180000305175781,4.34,0.37,30.17
2017-09-20,2508.239990234375,80.77168273925781,9.779999732971191,4.34,0.43,30.17
2017-09-21,2500.60009765625,80.60081481933594,9.670000076293945,4.34,0.44,30.17
2017-09-22,2502.219970703125,80.77168273925781,9.59000015258789,4.34,0.42,30.17
2017-09-25,2496.659912109375,80.86566162109375,10.210000038146973,4.34,0.38,30.17
2017-09-26,2496.840087890625,80.95960235595703,10.170000076293945,4.34,0.4,30.17
2017-09-27,2507.0400390625,81.28423309326172,9.869999885559082,4.34,0.44,30.17
2017-09-28,2510.06005859375,81.33548736572266,9.550000190734863,4.34,0.44,30.17
2017-09-29,2519.360107421875,81.61739349365234,9.510000228881836,4.34,0.49,30.17
2017-10-02,2529.1201171875,81.96764373779297,9.449999809265137,4.34,0.51,30.92
2017-10-03,2534.580078125,82.10433197021484,9.510000228881836,4.34,0.49,30.92
2017-10-04,2537.739990234375,82.27518463134766,9.630000114440918,4.34,0.48,30.92
2017-10-05,2552.070068359375,82.59979248046875,9.1899995803833,4.34,0.49,30.92
2017-10-06,2549.330078125,82.428955078125,9.649999618530273,4.34,0.5,30.92
2017-10-09,2544.72998046875,82.13851165771484,10.329999923706055,4.34,0.5,30.92
2017-10-10,2550.639892578125,82.3435287475586,10.079999923706055,4.34,0.47,30.92
2017-10-11,2555.239990234375,82.36062622070312,9.850000381469727,4.34,0.46,30.92
2017-10-12,2550.929931640625,82.38626861572266,9.90999984741211,4.34,0.44,30.92
2017-10-13,2553.169921875,82.47166442871094,9.609999656677246,4.34,0.43,30.92
2017-10-16,2557.639892578125,82.49732208251953,9.90999984741211,4.34,0.46,30.92
2017-10-17,2559.360107421875,82.48876953125,10.3100004196167,4.34,0.48,30.92
2017-10-18,2561.260009765625,82.55709838867188,10.069999694824219,4.34,0.5,30.92
2017-10-19,2562.10009765625,82.65960693359375,10.050000190734863,4.34,0.49,30.92
2017-10-20,2575.2099609375,83.21489715576172,9.970000267028809,4.34,0.52,30.92
2017-10-23,2564.97998046875,82.93297576904297,11.069999694824219,4.34,0.52,30.92
2017-10-24,2569.1298828125,83.01839447021484,11.15999984741211,4.34,0.55,30.92
2017-10-25,2557.14990234375,82.46316528320312,11.229999542236328,4.34,0.56,30.92
2017-10-26,2560.39990234375,82.62543487548828,11.300000190734863,4.34,0.57,30.92
2017-10-27,2581.070068359375,82.75357818603516,9.800000190734863,4.34,0.54,30.92
2017-10-30,2572.830078125,82.3520736694336,10.5,4.34,0.5,30.92
2017-10-31,2575.260009765625,82.50586700439453,10.180000305175781,4.34,0.5,30.92
2017-11-01,2579.360107421875,82.53144836425781,10.199999809265137,4.34,0.49,31.3
2017-11-02,2579.85009765625,82.51437377929688,9.930000305175781,4.34,0.48,31.3
2017-11-03,2587.840087890625,82.63397979736328,9.140000343322754,4.34,0.48,31.3
2017-11-06,2591.1298828125,82.9756851196289,9.399999618530273,4.34,0.46,31.3
2017-11-07,2590.639892578125,82.84757232666016,9.890000343322754,4.34,0.44,31.3
2017-11-08,2594.3798828125,82.95008087158203,9.779999732971191,4.34,0.45,31.3
2017-11-09,2584.6201171875,82.72795867919922,10.5,4.34,0.46,31.3
2017-11-10,2582.300048828125,82.77922821044922,11.289999961853027,4.34,0.52,31.3
2017-11-13,2584.840087890625,82.90735626220703,11.5,4.34,0.52,31.3
2017-11-14,2578.8701171875,82.86463165283203,11.59000015258789,4.34,0.51,31.3
2017-11-15,2564.6201171875,82.41185760498047,13.130000114440918,4.34,0.48,31.3
2017-11-16,2585.639892578125,83.12092590332031,11.760000228881836,4.34,0.53,31.3
2017-11-17,2578.85009765625,83.2661361694336,11.430000305175781,4.34,0.49,31.3
2017-11-20,2582.139892578125,83.3943099975586,10.649999618530273,4.34,0.52,31.3
2017-11-21,2599.030029296875,83.70182800292969,9.729999542236328,4.34,0.52,31.3
2017-11-22,2597.080078125,83.66767120361328,9.880000114440918,4.34,0.48,31.3
2017-11-24,2602.419921875,83.71038055419922,9.670000076293945,4.34,0.5,31.3
2017-11-27,2601.419921875,83.62493896484375,9.869999885559082,4.34,0.49,31.3
2017-11-28,2627.0400390625,84.59025573730469,10.029999732971191,4.34,0.5,31.3
2017-11-29,2626.070068359375,84.98323822021484,10.699999809265137,4.34,0.53,31.3
2017-11-30,2647.580078125,85.64104461669922,11.279999732971191,4.34,0.56,31.3
2017-12-01,2642.219970703125,85.47017669677734,11.430000305175781,4.34,0.51,32.09
2017-12-04,2639.43994140625,85.64958190917969,11.680000305175781,4.34,0.5,32.09
2017-12-05,2629.570068359375,85.10283660888672,11.329999923706055,4.34,0.5,32.09
2017-12-06,2629.27001953125,84.9490966796875,11.020000457763672,4.34,0.47,32.09
2017-12-07,2636.97998046875,85.3335189819336,10.15999984741211,4.34,0.5,32.09
2017-12-08,2651.5,85.8631591796875,9.579999923706055,4.34,0.5,32.09
2017-12-11,2659.989990234375,85.94004821777344,9.34000015258789,4.34,0.51,32.09
2017-12-12,2664.110107421875,85.94857025146484,9.920000076293945,4.34,0.51,32.09
2017-12-13,2662.85009765625,85.8716812133789,10.180000305175781,4.34,0.48,32.09
2017-12-14,2652.010009765625,85.3505859375,10.489999771118164,4.34,0.48,32.09
2017-12-15,2675.81005859375,86.11266326904297,9.420000076293945,4.34,0.47,32.09
2017-12-18,2690.159912109375,86.76490783691406,9.529999732971191,4.34,0.5,32.09
2017-12-19,2681.469970703125,86.47310638427734,10.029999732971191,4.34,0.55,32.09
2017-12-20,2679.25,86.48169708251953,9.720000267028809,4.34,0.57,32.09
2017-12-21,2684.570068359375,86.6533432006836,9.619999885559082,4.34,0.55,32.09
2017-12-22,2683.340087890625,86.73917388916016,9.899999618530273,4.34,0.54,32.09
2017-12-26,2680.5,86.8421401977539,10.25,4.34,0.53,32.09
2017-12-27,2682.6201171875,86.8421401977539,10.470000267028809,4.34,0.48,32.09
2017-12-28,2687.5400390625,87.05672454833984,10.180000305175781,4.34,0.47,32.09
2017-12-29,2673.610107421875,86.70484924316406,11.039999961853027,4.34,0.44,32.09
2018-01-02,2695.81005859375,87.3484878540039,9.770000457763672,4.34,0.46,33.31
2018-01-03,2713.06005859375,87.7947769165039,9.149999618530273,4.34,0.46,33.31
2018-01-04,2723.989990234375,88.0951156616211,9.220000267028809,4.34,0.45,33.31
2018-01-05,2743.14990234375,88.51564025878906,9.220000267028809,4.34,0.46,33.31
2018-01-08,2747.7099609375,88.80745697021484,9.520000457763672,4.34,0.47,33.31
2018-01-09,2751.2900390625,88.85035705566406,10.079999923706055,4.34,0.52,33.31
2018-01-10,2748.22998046875,88.58434295654297,9.819999694824219,4.34,0.52,33.31
2018-01-11,2767.56005859375,89.43392944335938,9.880000114440918,4.34,0.54,33.31
2018-01-12,2786.239990234375,90.00894927978516,10.15999984741211,4.34,0.54,33.31
2018-01-16,2776.419921875,89.39959716796875,11.65999984741211,4.34,0.51,33.31
2018-01-17,2802.56005859375,90.14625549316406,11.90999984741211,4.34,0.53,33.31
2018-01-18,2798.030029296875,89.89737701416016,12.220000267028809,4.34,0.57,33.31
2018-01-19,2810.300048828125,90.48954010009766,11.270000457763672,4.34,0.58,33.31
2018-01-22,2832.969970703125,91.13319396972656,11.029999732971191,4.34,0.6,33.31
2018-01-23,2839.1298828125,91.38207244873047,11.100000381469727,4.34,0.57,33.31
2018-01-24,2837.5400390625,91.42497253417969,11.470000267028809,4.34,0.58,33.31
2018-01-25,2839.25,91.3477554321289,11.579999923706055,4.34,0.56,33.31
2018-01-26,2872.8701171875,92.1973648071289,11.079999923706055,4.34,0.57,33.31
2018-01-29,2853.530029296875,91.53657531738281,13.84000015258789,4.34,0.61,33.31
2018-01-30,2822.429931640625,90.52386474609375,14.789999961853027,4.34,0.63,33.31
2018-01-31,2823.81005859375,90.5066909790039,13.539999961853027,4.34,0.61,33.31
2018-02-01,2821.97998046875,90.29217529296875,13.470000267028809,4.34,0.67,32.04
2018-02-02,2762.1298828125,88.43842315673828,17.309999465942383,4.34,0.7,32.04
2018-02-05,2648.93994140625,85.1600570678711,37.31999969482422,4.34,0.67,32.04
2018-02-06,2695.139892578125,86.32721710205078,29.979999542236328,4.34,0.69,32.04
2018-02-07,2681.659912109375,86.09552764892578,27.729999542236328,4.34,0.74,32.04
2018-02-08,2581.0,83.06602478027344,33.459999084472656,4.34,0.76,32.04
2018-02-09,2619.550048828125,84.20745086669922,29.059999465942383,4.34,0.78,32.04
2018-02-12,2656.0,85.24586486816406,25.610000610351562,4.34,0.79,32.04
2018-02-13,2662.93994140625,85.45184326171875,24.969999313354492,4.34,0.78,32.04
2018-02-14,2698.6298828125,86.74774169921875,19.260000228881836,4.34,0.82,32.04
2018-02-15,2731.199951171875,87.64885711669922,19.1299991607666,4.34,0.79,32.04
2018-02-16,2732.219970703125,87.69175720214844,19.459999084472656,4.34,0.78,32.04
2018-02-20,2716.260009765625,87.13394927978516,20.600000381469727,4.34,0.78,32.04
2018-02-21,2701.330078125,86.61043548583984,20.020000457763672,4.34,0.82,32.04
2018-02-22,2703.9599609375,86.6533432006836,18.719999313354492,4.34,0.81,32.04
2018-02-23,2747.300048828125,87.97498321533203,16.489999771118164,4.34,0.76,32.04
2018-02-26,2779.60009765625,88.63578033447266,15.800000190734863,4.34,0.73,32.04
2018-02-27,2744.280029296875,87.4858169555664,18.59000015258789,4.34,0.77,32.04
2018-02-28,2713.830078125,86.5331802368164,19.850000381469727,4.34,0.75,32.04
2018-03-01,2677.669921875,85.60631561279297,22.469999313354492,4.34,0.71,31.81
2018-03-02,2691.25,86.17276000976562,19.59000015258789,4.34,0.74,31.81
2018-03-05,2720.93994140625,87.21118927001953,18.729999542236328,4.34,0.75,31.81
2018-03-06,2728.1201171875,87.5973892211914,18.360000610351562,4.34,0.76,31.81
2018-03-07,2726.800048828125,87.5201187133789,17.760000228881836,4.34,0.76,31.81
2018-03-08,2738.969970703125,87.82052612304688,16.540000915527344,4.34,0.75,31.81
2018-03-09,2786.570068359375,89.18505096435547,14.640000343322754,4.34,0.78,31.81
2018-03-12,2783.02001953125,89.06490325927734,15.779999732971191,4.34,0.77,31.81
2018-03-13,2765.31005859375,88.68729400634766,16.350000381469727,4.34,0.75,31.81
2018-03-14,2749.47998046875,88.15519714355469,17.229999542236328,4.34,0.74,31.81
2018-03-15,2747.330078125,87.92350006103516,16.59000015258789,4.34,0.74,31.81
2018-03-16,2752.010009765625,88.28459930419922,15.800000190734863,4.34,0.77,31.81
2018-03-19,2712.919921875,87.29348754882812,19.020000457763672,4.34,0.77,31.81
2018-03-20,2716.93994140625,87.38829040527344,18.200000762939453,4.34,0.81,31.81
2018-03-21,2711.929931640625,87.41417694091797,17.860000610351562,4.34,0.8,31.81
2018-03-22,2643.68994140625,85.47505950927734,23.34000015258789,4.34,0.75,31.81
2018-03-23,2588.260009765625,83.84625244140625,24.8700008392334,4.34,0.75,31.81
2018-03-26,2658.550048828125,85.77669525146484,21.030000686645508,4.34,0.77,31.81
2018-03-27,2612.6201171875,84.75975036621094,22.5,4.34,0.71,31.81
2018-03-28,2605.0,84.65631866455078,22.8700008392334,4.34,0.72,31.81
2018-03-29,2640.8701171875,85.73360443115234,19.969999313354492,4.34,0.69,31.81
2018-04-02,2581.8798828125,83.85485076904297,23.6200008392334,4.34,0.68,30.97
2018-04-03,2614.449951171875,84.86319732666016,21.100000381469727,4.34,0.71,30.97
2018-04-04,2644.68994140625,85.85428619384766,20.059999465942383,4.34,0.71,30.97
2018-04-05,2662.840087890625,86.40583038330078,18.940000534057617,4.34,0.75,30.97
2018-04-06,2604.469970703125,84.57878875732422,21.489999771118164,4.34,0.7,30.97
2018-04-09,2613.159912109375,84.75114440917969,21.770000457763672,4.34,0.71,30.97
2018-04-10,2656.8701171875,85.95767211914062,20.469999313354492,4.34,0.72,30.97
2018-04-11,2642.18994140625,85.65606689453125,20.239999771118164,4.34,0.68,30.97
2018-04-12,2663.989990234375,86.06107330322266,18.489999771118164,4.34,0.7,30.97
2018-04-13,2656.300048828125,85.88011169433594,17.40999984741211,4.34,0.69,30.97
2018-04-16,2677.840087890625,86.70746612548828,16.559999465942383,4.34,0.71,30.97
2018-04-17,2706.389892578125,87.41417694091797,15.25,4.34,0.68,30.97
2018-04-18,2708.639892578125,87.64683532714844,15.600000381469727,4.34,0.71,30.97
2018-04-19,2693.1298828125,87.03495025634766,15.960000038146973,4.34,0.75,30.97
2018-04-20,2670.139892578125,86.42308044433594,16.8799991607666,4.34,0.79,30.97
2018-04-23,2670.2900390625,86.53511047363281,16.34000015258789,4.34,0.8,30.97
2018-04-24,2634.56005859375,85.70775604248047,18.020000457763672,4.34,0.83,30.97
2018-04-25,2639.39990234375,85.94905853271484,17.84000015258789,4.34,0.86,30.97
2018-04-26,2666.93994140625,86.61268615722656,16.239999771118164,4.34,0.82,30.97
2018-04-27,2669.909912109375,86.84535217285156,15.40999984741211,4.34,0.79,30.97
2018-04-30,2648.050048828125,86.0524673461914,15.930000305175781,4.34,0.78,30.97
2018-05-01,2654.800048828125,86.08699035644531,15.489999771118164,4.34,0.81,31.24
2018-05-02,2635.669921875,85.37165069580078,15.970000267028809,4.34,0.8,31.24
2018-05-03,2629.72998046875,85.0872573852539,15.899999618530273,4.34,0.78,31.24
2018-05-04,2663.419921875,86.0352554321289,14.770000457763672,4.34,0.79,31.24
2018-05-07,2672.6298828125,86.18175506591797,14.75,4.34,0.78,31.24
2018-05-08,2671.919921875,86.12141418457031,14.710000038146973,4.34,0.81,31.24
2018-05-09,2697.7900390625,86.81948852539062,13.420000076293945,4.34,0.82,31.24
2018-05-10,2723.070068359375,87.5779037475586,13.229999542236328,4.34,0.8,31.24
2018-05-11,2727.719970703125,87.6640853881836,12.649999618530273,4.34,0.82,31.24
2018-05-14,2730.1298828125,87.69856262207031,12.930000305175781,4.34,0.85,31.24
2018-05-15,2711.449951171875,87.25904083251953,14.630000114440918,4.34,0.9,31.24
2018-05-16,2722.4599609375,87.74162292480469,13.420000076293945,4.34,0.92,31.24
2018-05-17,2720.1298828125,87.85370635986328,13.430000305175781,4.34,0.95,31.24
2018-05-18,2712.969970703125,87.6727066040039,13.420000076293945,4.34,0.91,31.24
2018-05-21,2733.010009765625,88.24150848388672,13.079999923706055,4.34,0.9,31.24
2018-05-22,2724.43994140625,87.90540313720703,13.220000267028809,4.34,0.91,31.24
2018-05-23,2733.2900390625,88.06914520263672,12.579999923706055,4.34,0.87,31.24
2018-05-24,2727.760009765625,88.05188751220703,12.529999732971191,4.34,0.86,31.24
2018-05-25,2721.330078125,87.8623046875,13.220000267028809,4.34,0.84,31.24
2018-05-29,2689.860107421875,86.93153381347656,17.020000457763672,4.34,0.73,31.24
2018-05-30,2724.010009765625,88.08639526367188,14.9399995803833,4.34,0.78,31.24
2018-05-31,2705.27001953125,87.30213928222656,15.430000305175781,4.34,0.76,31.24
2018-06-01,2734.6201171875,88.04328918457031,13.460000038146973,4.34,0.8,31.63
2018-06-04,2746.8701171875,88.34491729736328,12.739999771118164,4.34,0.82,31.63
2018-06-05,2748.800048828125,88.5086669921875,12.399999618530273,4.34,0.79,31.63
2018-06-06,2772.35009765625,89.1808853149414,11.640000343322754,4.34,0.83,31.63
2018-06-07,2770.3701171875,89.22396087646484,12.130000114440918,4.34,0.8,31.63
2018-06-08,2779.030029296875,89.64628601074219,12.180000305175781,4.34,0.82,31.63
2018-06-11,2782.0,89.83586120605469,12.350000381469727,4.34,0.83,31.63
2018-06-12,2786.85009765625,90.09439849853516,12.34000015258789,4.34,0.83,31.63
2018-06-13,2775.6298828125,89.64628601074219,12.9399995803833,4.34,0.86,31.63
2018-06-14,2782.489990234375,89.87898254394531,12.119999885559082,4.34,0.82,31.63
2018-06-15,2779.659912109375,89.88069915771484,11.979999542236328,4.34,0.81,31.63
2018-06-18,2773.75,89.71630096435547,12.3100004196167,4.34,0.8,31.63
2018-06-19,2762.590087890625,89.35294342041016,13.350000381469727,4.34,0.77,31.63
2018-06-20,2767.320068359375,89.60383605957031,12.789999961853027,4.34,0.81,31.63
2018-06-21,2749.760009765625,89.08474731445312,14.640000343322754,4.34,0.79,31.63
2018-06-22,2754.8798828125,89.3183364868164,13.770000457763672,4.34,0.78,31.63
2018-06-25,2717.070068359375,88.34071350097656,17.329999923706055,4.34,0.77,31.63
2018-06-26,2723.06005859375,88.4272232055664,15.920000076293945,4.34,0.76,31.63
2018-06-27,2699.6298828125,87.63994598388672,17.90999984741211,4.34,0.72,31.63
2018-06-28,2716.31005859375,87.99464416503906,16.850000381469727,4.34,0.74,31.63
2018-06-29,2718.3701171875,88.1503677368164,16.09000015258789,4.34,0.74,31.63
2018-07-02,2726.7099609375,88.11579895019531,15.600000381469727,4.34,0.73,31.89
2018-07-03,2713.219970703125,88.07249450683594,16.139999389648438,4.34,0.71,31.89
2018-07-05,2736.610107421875,88.73003387451172,14.970000267028809,4.34,0.71,31.89
2018-07-06,2759.820068359375,89.40483856201172,13.369999885559082,4.34,0.7,31.89
2018-07-09,2784.169921875,90.08831787109375,12.6899995803833,4.34,0.73,31.89
2018-07-10,2793.840087890625,90.3218994140625,12.640000343322754,4.34,0.74,31.89
2018-07-11,2774.02001953125,89.61248779296875,13.630000114440918,4.34,0.74,31.89
2018-07-12,2798.2900390625,90.11425018310547,12.579999923706055,4.34,0.75,31.89
2018-07-13,2801.31005859375,90.20079803466797,12.180000305175781,4.34,0.72,31.89
2018-07-16,2798.429931640625,89.93257904052734,12.829999923706055,4.34,0.75,31.89
2018-07-17,2809.550048828125,90.21809387207031,12.0600004196167,4.34,0.77,31.89
2018-07-18,2815.6201171875,90.42572021484375,12.100000381469727,4.34,0.79,31.89
2018-07-19,2804.489990234375,90.40841674804688,12.869999885559082,4.34,0.75,31.89
2018-07-20,2801.830078125,90.11425018310547,12.859999656677246,4.34,0.78,31.89
2018-07-23,2806.97998046875,90.12293243408203,12.619999885559082,4.34,0.85,31.89
2018-07-24,2820.39990234375,90.07965850830078,12.40999984741211,4.34,0.84,31.89
2018-07-25,2846.070068359375,90.87562561035156,12.289999961853027,4.34,0.81,31.89
2018-07-26,2837.43994140625,91.19573211669922,12.140000343322754,4.34,0.87,31.89
2018-07-27,2818.820068359375,90.65935516357422,13.029999732971191,4.34,0.84,31.89
2018-07-30,2802.60009765625,90.27001953125,14.260000228881836,4.34,0.85,31.89
2018-07-31,2816.2900390625,90.88426208496094,12.829999923706055,4.34,0.84,31.89
2018-08-01,2813.360107421875,90.29597473144531,13.149999618530273,4.34,0.87,32.39
2018-08-02,2827.219970703125,90.65935516357422,12.1899995803833,4.34,0.86,32.39
2018-08-03,2840.35009765625,91.11786651611328,11.640000343322754,4.34,0.83,32.39
2018-08-06,2850.39990234375,91.33414459228516,11.270000457763672,4.34,0.83,32.39
2018-08-07,2858.449951171875,91.51582336425781,10.930000305175781,4.34,0.85,32.39
2018-08-08,2857.699951171875,91.35143280029297,10.850000381469727,4.34,0.85,32.39
2018-08-09,2853.580078125,91.24760437011719,11.270000457763672,4.34,0.82,32.39
2018-08-10,2833.280029296875,90.63336181640625,13.15999984741211,4.34,0.78,32.39
2018-08-13,2821.929931640625,90.16618347167969,14.779999732971191,4.34,0.78,32.39
2018-08-14,2839.9599609375,90.92752075195312,13.3100004196167,4.34,0.8,32.39
2018-08-15,2818.3701171875,90.3218994140625,14.640000343322754,4.34,0.78,32.39
2018-08-16,2840.68994140625,91.03998565673828,13.449999809265137,4.34,0.79,32.39
2018-08-17,2850.1298828125,91.52448272705078,12.640000343322754,4.34,0.79,32.39
2018-08-20,2857.050048828125,91.95704650878906,12.489999771118164,4.34,0.75,32.39
2018-08-21,2862.9599609375,92.19062805175781,12.859999656677246,4.34,0.77,32.39
2018-08-22,2861.820068359375,91.99165344238281,12.25,4.34,0.74,32.39
2018-08-23,2856.97998046875,91.76673126220703,12.40999984741211,4.34,0.73,32.39
2018-08-24,2874.68994140625,92.2598876953125,11.989999771118164,4.34,0.73,32.39
2018-08-27,2896.739990234375,92.7789535522461,12.15999984741211,4.34,0.74,32.39
2018-08-28,2897.52001953125,92.8654556274414,12.5,4.34,0.77,32.39
2018-08-29,2914.0400390625,93.22880554199219,12.25,4.34,0.77,32.39
2018-08-30,2901.1298828125,92.63188171386719,13.529999732971191,4.34,0.76,32.39
2018-08-31,2901.52001953125,92.66647338867188,12.859999656677246,4.34,0.78,32.39
2018-09-04,2896.719970703125,92.5799331665039,13.15999984741211,4.34,0.8,32.62
2018-09-05,2888.60009765625,92.62320709228516,13.90999984741211,4.34,0.81,32.62
2018-09-06,2878.050048828125,92.4501953125,14.649999618530273,4.34,0.8,32.62
2018-09-07,2871.679931640625,92.1214370727539,14.880000114440918,4.34,0.84,32.62
2018-09-10,2877.1298828125,92.46747589111328,14.15999984741211,4.34,0.84,32.62
2018-09-11,2887.889892578125,92.53671264648438,13.220000267028809,4.34,0.86,32.62
2018-09-12,2888.919921875,92.70106506347656,13.140000343322754,4.34,0.85,32.62
2018-09-13,2904.179931640625,93.09040069580078,12.369999885559082,4.34,0.87,32.62
2018-09-14,2904.97998046875,93.21151733398438,12.069999694824219,4.34,0.89,32.62
2018-09-17,2888.800048828125,92.90006256103516,13.680000305175781,4.34,0.89,32.62
2018-09-18,2904.31005859375,93.3326416015625,12.789999961853027,4.34,0.92,32.62
2018-09-19,2907.949951171875,93.2894058227539,11.75,4.34,0.93,32.62
2018-09-20,2930.75,93.8777084350586,11.800000190734863,4.34,0.92,32.62
2018-09-21,2929.669921875,93.9382553100586,11.680000305175781,4.34,0.92,32.62
2018-09-24,2919.3701171875,93.2742919921875,12.199999809265137,4.34,0.92,32.62
2018-09-25,2915.56005859375,93.02228546142578,12.420000076293945,4.34,0.94,32.62
2018-09-26,2905.969970703125,92.66596221923828,12.890000343322754,4.34,0.92,32.62
2018-09-27,2914.0,92.67469787597656,12.40999984741211,4.34,0.91,32.62
2018-09-28,2913.97998046875,92.82240295410156,12.119999885559082,4.34,0.91,32.62
2018-10-01,2924.590087890625,92.82240295410156,12.0,4.34,0.95,31.04
2018-10-02,2923.429931640625,92.69204711914062,12.050000190734863,4.34,0.93,31.04
2018-10-03,2925.510009765625,92.70073699951172,11.609999656677246,4.34,0.99,31.04
2018-10-04,2901.610107421875,92.05762481689453,14.220000267028809,4.34,1.03,31.04
2018-10-05,2885.570068359375,91.60575866699219,14.819999694824219,4.34,1.07,31.04
2018-10-08,2884.429931640625,91.71870422363281,15.6899995803833,4.34,1.07,31.04
2018-10-09,2880.340087890625,91.28421020507812,15.949999809265137,4.34,1.04,31.04
2018-10-10,2785.679931640625,88.66838073730469,22.959999084472656,4.34,1.06,31.04
2018-10-11,2728.3701171875,86.70433807373047,24.979999542236328,4.34,1.02,31.04
2018-10-12,2767.1298828125,87.46041870117188,21.309999465942383,4.34,1.03,31.04
2018-10-15,2750.7900390625,87.4256362915039,21.299999237060547,4.34,1.03,31.04
2018-10-16,2809.919921875,89.18109893798828,17.6200008392334,4.34,1.03,31.04
2018-10-17,2809.2099609375,88.99861907958984,17.399999618530273,4.34,1.06,31.04
2018-10-18,2768.780029296875,87.86016845703125,20.059999465942383,4.34,1.07,31.04
2018-10-19,2767.780029296875,87.59947204589844,19.889999389648438,4.34,1.09,31.04
2018-10-22,2755.8798828125,87.01719665527344,19.639999389648438,4.34,1.09,31.04
2018-10-23,2740.68994140625,86.46101379394531,20.709999084472656,4.34,1.08,31.04
2018-10-24,2656.10009765625,84.16674041748047,25.229999542236328,4.34,1.03,31.04
2018-10-25,2705.570068359375,85.27044677734375,24.219999313354492,4.34,1.09,31.04
2018-10-26,2658.68994140625,83.9407730102539,24.15999984741211,4.34,1.02,31.04
2018-10-29,2641.25,83.97554779052734,24.700000762939453,4.34,1.02,31.04
2018-10-30,2682.6298828125,85.60066223144531,23.350000381469727,4.34,1.07,31.04
2018-10-31,2711.739990234375,86.09602355957031,21.229999542236328,4.34,1.1,31.04
2018-11-01,2740.3701171875,87.3474349975586,19.34000015258789,4.34,1.12,30.2
2018-11-02,2723.06005859375,87.03457641601562,19.510000228881836,4.34,1.16,30.2
2018-11-05,2738.31005859375,87.68637084960938,19.959999084472656,4.34,1.14,30.2
2018-11-06,2755.449951171875,88.29468536376953,19.90999984741211,4.34,1.15,30.2
2018-11-07,2813.889892578125,89.65038299560547,16.360000610351562,4.34,1.15,30.2
2018-11-08,2806.830078125,89.58087158203125,16.719999313354492,4.34,1.17,30.2
2018-11-09,2781.010009765625,88.79005432128906,17.360000610351562,4.34,1.15,30.2
2018-11-12,2726.219970703125,87.43433380126953,20.450000762939453,4.34,1.15,30.2
2018-11-13,2722.179931640625,87.39955139160156,20.020000457763672,4.34,1.12,30.2
2018-11-14,2701.580078125,86.8433837890625,21.25,4.34,1.12,30.2
2018-11-15,2730.199951171875,87.58206939697266,19.979999542236328,4.34,1.11,30.2
2018-11-16,2736.27001953125,87.86016845703125,18.139999389648438,4.34,1.06,30.2
2018-11-19,2690.72998046875,86.71304321289062,20.100000381469727,4.34,1.07,30.2
2018-11-20,2641.889892578125,85.19219970703125,22.479999542236328,4.34,1.09,30.2
2018-11-21,2649.929931640625,85.72230529785156,20.799999237060547,4.34,1.09,30.2
2018-11-23,2632.56005859375,85.4703140258789,21.520000457763672,4.34,1.09,30.2
2018-11-26,2673.449951171875,86.62613677978516,18.899999618530273,4.34,1.11,30.2
2018-11-27,2682.169921875,86.66957092285156,19.020000457763672,4.34,1.15,30.2
2018-11-28,2743.7900390625,88.25122833251953,18.489999771118164,4.34,1.12,30.2
2018-11-29,2737.800048828125,87.99053192138672,18.790000915527344,4.34,1.05,30.2
2018-11-30,2760.169921875,88.34680938720703,18.06999969482422,4.34,1.04,30.2
2018-12-03,2790.3701171875,89.41575622558594,16.440000534057617,4.34,1.02,28.29
2018-12-04,2700.06005859375,86.73040771484375,20.739999771118164,4.34,0.97,28.29
2018-12-06,2695.949951171875,86.46969604492188,21.190000534057617,4.34,0.97,28.29
2018-12-07,2633.080078125,84.59255981445312,23.229999542236328,4.34,0.96,28.29
2018-12-10,2637.719970703125,84.43616485595703,22.639999389648438,4.34,0.99,28.29
2018-12-11,2636.780029296875,84.37530517578125,21.760000228881836,4.34,1.06,28.29
2018-12-12,2651.070068359375,84.8011474609375,21.459999084472656,4.34,1.08,28.29
2018-12-13,2650.5400390625,84.40137481689453,20.649999618530273,4.34,1.08,28.29
2018-12-14,2599.949951171875,83.20207977294922,21.6299991607666,4.34,1.07,28.29
2018-12-17,2545.93994140625,81.40316772460938,24.520000457763672,4.34,1.05,28.29
2018-12-18,2546.159912109375,81.29019927978516,25.579999923706055,4.34,1.01,28.29
2018-12-19,2506.9599609375,80.01271057128906,25.579999923706055,4.34,0.97,28.29
2018-12-20,2467.419921875,78.75260162353516,28.3799991607666,4.34,1.03,28.29
2018-12-21,2416.6201171875,77.35345458984375,30.110000610351562,4.34,1.02,28.29
2018-12-24,2351.10009765625,75.35309600830078,36.06999969482422,4.34,0.99,28.29
2018-12-26,2467.699951171875,78.76277160644531,30.40999984741211,4.34,1.04,28.29
2018-12-27,2488.830078125,79.4709243774414,29.959999084472656,4.34,1.03,28.29
2018-12-28,2485.739990234375,79.26985931396484,28.34000015258789,4.34,0.99,28.29
2018-12-31,2506.85009765625,79.9080581665039,25.420000076293945,4.34,0.98,28.29
2019-01-02,2510.030029296875,79.9517822265625,23.219999313354492,4.34,0.96,28.38
2019-01-03,2447.889892578125,78.40432739257812,25.450000762939453,4.34,0.88,28.38
2019-01-04,2531.93994140625,81.00962829589844,21.3799991607666,4.34,0.91,28.38
2019-01-07,2549.68994140625,81.85765838623047,21.399999618530273,4.34,0.92,28.38
2019-01-08,2574.409912109375,82.74067687988281,20.469999313354492,4.34,0.91,28.38
2019-01-09,2584.9599609375,83.3264389038086,19.979999542236328,4.34,0.91,28.38
2019-01-10,2596.639892578125,83.83350372314453,19.5,4.34,0.93,28.38
2019-01-11,2596.260009765625,83.89471435546875,18.190000534057617,4.34,0.88,28.38
2019-01-14,2582.610107421875,83.44010162353516,19.06999969482422,4.34,0.9,28.38
2019-01-15,2610.300048828125,84.07833099365234,18.600000381469727,4.34,0.91,28.38
2019-01-16,2616.10009765625,84.28813934326172,19.040000915527344,4.34,0.91,28.38
2019-01-17,2635.9599609375,85.0749740600586,18.059999465942383,4.34,0.96,28.38
2019-01-18,2670.7099609375,86.36886596679688,17.799999237060547,4.34,0.96,28.38
2019-01-22,2632.89990234375,85.21485900878906,20.799999237060547,4.34,0.95,28.38
2019-01-23,2638.699951171875,85.1449203491211,19.520000457763672,4.34,0.96,28.38
2019-01-24,2642.330078125,85.5383529663086,18.889999389648438,4.34,0.95,28.38
2019-01-25,2664.760009765625,86.44757843017578,17.420000076293945,4.34,0.97,28.38
2019-01-28,2643.85009765625,86.1065902709961,18.8700008392334,4.34,0.97,28.38
2019-01-29,2640.0,86.25525665283203,19.1299991607666,4.34,0.94,28.38
2019-01-30,2681.050048828125,87.17321014404297,17.65999984741211,4.34,0.86,28.38
2019-01-31,2704.10009765625,87.7502212524414,16.56999969482422,4.34,0.78,28.38
2019-02-01,2706.530029296875,87.96878051757812,16.139999389648438,4.34,0.82,29.54
2019-02-04,2724.8701171875,88.44966888427734,15.729999542236328,4.34,0.86,29.54
2019-02-05,2737.699951171875,88.79061126708984,15.569999694824219,4.34,0.84,29.54
2019-02-06,2731.610107421875,88.71195220947266,15.380000114440918,4.34,0.84,29.54
2019-02-07,2706.050048828125,88.07371520996094,16.3700008392334,4.34,0.81,29.54
2019-02-08,2707.8798828125,88.23983764648438,15.720000267028809,4.34,0.81,29.54
2019-02-11,2709.800048828125,88.48461151123047,15.970000267028809,4.34,0.83,29.54
2019-02-12,2744.72998046875,89.57743835449219,15.430000305175781,4.34,0.85,29.54
2019-02-13,2753.030029296875,89.97088623046875,15.649999618530273,4.34,0.85,29.54
2019-02-14,2745.72998046875,89.76103210449219,16.219999313354492,4.34,0.81,29.54
2019-02-15,2775.60009765625,90.7664566040039,14.90999984741211,4.34,0.8,29.54
2019-02-19,2779.760009765625,90.93257141113281,14.880000114440918,4.34,0.78,29.54
2019-02-20,2784.699951171875,91.25606536865234,14.020000457763672,4.34,0.76,29.54
2019-02-21,2774.8798828125,90.90635681152344,14.460000038146973,4.34,0.78,29.54
2019-02-22,2792.669921875,91.3871841430664,13.510000228881836,4.34,0.74,29.54
2019-02-25,2796.110107421875,91.40467834472656,14.850000381469727,4.34,0.75,29.54
2019-02-26,2793.89990234375,91.15988159179688,15.170000076293945,4.34,0.72,29.54
2019-02-27,2792.3798828125,91.18612670898438,14.699999809265137,4.34,0.76,29.54
2019-02-28,2784.489990234375,90.967529296875,14.779999732971191,4.34,0.78,29.54
2019-03-01,2803.68994140625,91.57953643798828,13.569999694824219,4.34,0.8,29.58
2019-03-04,2792.81005859375,91.14238739013672,14.630000114440918,4.34,0.78,29.58
2019-03-05,2789.64990234375,90.86262512207031,14.739999771118164,4.34,0.79,29.58
2019-03-06,2771.449951171875,90.06706237792969,15.739999771118164,4.34,0.78,29.58
2019-03-07,2748.929931640625,89.36763000488281,16.59000015258789,4.34,0.74,29.58
2019-03-08,2743.070068359375,89.0878677368164,16.049999237060547,4.34,0.72,29.58
2019-03-11,2783.300048828125,90.24191284179688,14.329999923706055,4.34,0.73,29.58
2019-03-12,2791.52001953125,90.53916931152344,13.770000457763672,4.34,0.71,29.58
2019-03-13,2810.919921875,91.08121490478516,13.40999984741211,4.34,0.69,29.58
2019-03-14,2808.47998046875,90.9500503540039,13.5,4.34,0.69,29.58
2019-03-15,2822.47998046875,91.28228759765625,12.880000114440918,4.34,0.65,29.58
2019-03-18,2832.93994140625,91.71175384521484,13.100000381469727,4.34,0.64,29.58
2019-03-19,2832.570068359375,91.55365753173828,13.5600004196167,4.34,0.66,29.58
2019-03-20,2824.22998046875,90.91252899169922,13.90999984741211,4.34,0.58,29.58
2019-03-21,2854.8798828125,92.08064270019531,13.630000114440918,4.34,0.58,29.58
2019-03-22,2800.7099609375,90.19232177734375,16.479999542236328,4.34,0.54,29.58
2019-03-25,2798.360107421875,90.21866607666016,16.329999923706055,4.34,0.55,29.58
2019-03-26,2818.4599609375,90.97400665283203,14.680000305175781,4.34,0.55,29.58
2019-03-27,2805.3701171875,90.67537689208984,15.149999618530273,4.34,0.55,29.58
2019-03-28,2815.43994140625,91.18476867675781,14.430000305175781,4.34,0.56,29.58
2019-03-29,2834.39990234375,91.72933197021484,13.710000038146973,4.34,0.53,29.58
2019-04-01,2867.18994140625,92.89746856689453,13.399999618530273,4.34,0.59,30.13
2019-04-02,2867.239990234375,92.82720184326172,13.359999656677246,4.34,0.58,30.13
2019-04-03,2873.39990234375,93.08190155029297,13.739999771118164,4.34,0.61,30.13
2019-04-04,2879.389892578125,93.38931274414062,13.579999923706055,4.34,0.61,30.13
2019-04-05,2892.739990234375,93.9953384399414,12.819999694824219,4.34,0.6,30.13
2019-04-08,2895.77001953125,94.05683135986328,13.180000305175781,4.34,0.61,30.13
2019-04-09,2878.199951171875,93.31903839111328,14.279999732971191,4.34,0.6,30.13
2019-04-10,2888.2099609375,93.77576446533203,13.300000190734863,4.34,0.54,30.13
2019-04-11,2888.320068359375,93.89873504638672,13.020000457763672,4.34,0.57,30.13
2019-04-12,2907.409912109375,94.6540298461914,12.010000228881836,4.34,0.61,30.13
2019-04-15,2905.580078125,94.39058685302734,12.319999694824219,4.34,0.61,30.13
2019-04-16,2907.06005859375,94.42570495605469,12.180000305175781,4.34,0.64,30.13
2019-04-17,2900.449951171875,93.87236022949219,12.600000381469727,4.34,0.65,30.13
2019-04-18,2905.030029296875,94.0919418334961,12.09000015258789,4.34,0.62,30.13
2019-04-22,2907.969970703125,93.85482788085938,12.420000076293945,4.34,0.64,30.13
2019-04-23,2933.679931640625,94.72431945800781,12.279999732971191,4.34,0.62,30.13
2019-04-24,2927.25,94.69796752929688,13.140000343322754,4.34,0.57,30.13
2019-04-25,2926.169921875,94.14466857910156,13.25,4.34,0.56,30.13
2019-04-26,2939.8798828125,94.71553802490234,12.729999542236328,4.34,0.54,30.13
2019-04-29,2943.030029296875,94.7067642211914,13.109999656677246,4.34,0.58,30.13
2019-04-30,2945.830078125,95.02295684814453,13.119999885559082,4.34,0.56,30.13
2019-05-01,2923.72998046875,94.06561279296875,14.800000190734863,4.34,0.59,29.24
2019-05-02,2917.52001953125,94.07437896728516,14.420000076293945,4.34,0.66,29.24
2019-05-03,2945.639892578125,94.91752624511719,12.869999885559082,4.34,0.63,29.24
2019-05-06,2932.469970703125,94.46961975097656,15.4399995803833,4.34,0.6,29.24
2019-05-07,2884.050048828125,92.95016479492188,19.31999969482422,4.34,0.58,29.24
2019-05-08,2879.419921875,92.80086517333984,19.399999618530273,4.34,0.62,29.24
2019-05-09,2870.719970703125,92.68667602539062,19.100000381469727,4.34,0.6,29.24
2019-05-10,2881.39990234375,93.09068298339844,16.040000915527344,4.34,0.59,29.24
2019-05-13,2811.8701171875,90.77198791503906,20.549999237060547,4.34,0.55,29.24
2019-05-14,2834.409912109375,91.66789245605469,18.059999465942383,4.34,0.56,29.24
2019-05-15,2850.9599609375,91.95768737792969,16.440000534057617,4.34,0.54,29.24
2019-05-16,2876.320068359375,92.58130645751953,15.289999961853027,4.34,0.56,29.24
2019-05-17,2859.530029296875,91.96647644042969,15.960000038146973,4.34,0.58,29.24
2019-05-20,2840.22998046875,91.38679504394531,16.309999465942383,4.34,0.6,29.24
2019-05-21,2864.360107421875,92.37049102783203,14.949999809265137,4.34,0.6,29.24
2019-05-22,2856.27001953125,91.90498352050781,14.75,4.34,0.6,29.24
2019-05-23,2822.239990234375,90.7544174194336,16.920000076293945,4.34,0.58,29.24
2019-05-24,2826.06005859375,90.92129516601562,15.850000381469727,4.34,0.56,29.24
2019-05-28,2802.389892578125,89.9288330078125,17.5,4.34,0.53,29.24
2019-05-29,2783.02001953125,89.31400299072266,17.899999618530273,4.34,0.5,29.24
2019-05-30,2788.860107421875,89.45455932617188,17.299999237060547,4.34,0.48,29.24
2019-05-31,2752.06005859375,88.43572998046875,18.709999084472656,4.34,0.4,29.24
2019-06-03,2744.449951171875,88.94511413574219,18.860000610351562,4.34,0.34,29.28
2019-06-04,2803.27001953125,90.93887329101562,16.969999313354492,4.34,0.38,29.28
2019-06-05,2826.14990234375,91.65906524658203,16.09000015258789,4.34,0.37,29.28
2019-06-06,2843.489990234375,92.11578369140625,15.930000305175781,4.34,0.39,29.28
2019-06-07,2873.340087890625,92.71302032470703,16.299999237060547,4.34,0.35,29.28
2019-06-10,2886.72998046875,93.00285339355469,15.9399995803833,4.34,0.42,29.28
2019-06-11,2885.719970703125,92.90625762939453,15.989999771118164,4.34,0.43,29.28
2019-06-12,2879.840087890625,92.79205322265625,15.90999984741211,4.34,0.42,29.28
2019-06-13,2891.639892578125,93.33662414550781,15.819999694824219,4.34,0.42,29.28
2019-06-14,2886.97998046875,93.08190155029297,15.279999732971191,4.34,0.46,29.28
2019-06-17,2889.669921875,92.9325942993164,15.350000381469727,4.34,0.48,29.28
2019-06-18,2917.75,93.84603881835938,15.149999618530273,4.34,0.42,29.28
2019-06-19,2926.4599609375,94.18855285644531,14.329999923706055,4.34,0.36,29.28
2019-06-20,2954.179931640625,95.01416015625,14.75,4.34,0.27,29.28
2019-06-21,2950.4599609375,94.7945785522461,15.399999618530273,4.34,0.34,29.28
2019-06-24,2945.35009765625,94.38872528076172,15.260000228881836,4.34,0.31,29.28
2019-06-25,2917.3798828125,93.81524658203125,16.280000686645508,4.34,0.33,29.28
2019-06-26,2913.780029296875,93.65641784667969,16.209999084472656,4.34,0.35,29.28
2019-06-27,2924.919921875,94.24756622314453,15.819999694824219,4.34,0.33,29.28
2019-06-28,2941.760009765625,95.11222839355469,15.079999923706055,4.34,0.31,29.28
2019-07-01,2964.330078125,95.79158020019531,14.0600004196167,4.34,0.34,29.99
2019-07-02,2973.010009765625,95.68571472167969,12.930000305175781,4.34,0.33,29.99
2019-07-03,2995.820068359375,96.55919647216797,12.569999694824219,4.34,0.31,29.99
2019-07-05,2990.409912109375,96.4356689453125,13.279999732971191,4.34,0.35,29.99
2019-07-08,2975.949951171875,95.90629577636719,13.960000038146973,4.34,0.35,29.99
2019-07-09,2979.6298828125,95.87100219726562,14.09000015258789,4.34,0.36,29.99
2019-07-10,2993.070068359375,95.97686004638672,13.029999732971191,4.34,0.33,29.99
2019-07-11,2999.909912109375,96.17098236083984,12.930000305175781,4.34,0.36,29.99
2019-07-12,3013.77001953125,96.8238754272461,12.390000343322754,4.34,0.35,29.99
2019-07-15,3014.300048828125,96.74446105957031,12.680000305175781,4.34,0.32,29.99
2019-07-16,3004.0400390625,96.55039978027344,12.859999656677246,4.34,0.33,29.99
2019-07-17,2984.419921875,95.7474594116211,13.970000267028809,4.34,0.31,29.99
2019-07-18,2995.110107421875,96.1180419921875,13.529999732971191,4.34,0.25,29.99
2019-07-19,2976.610107421875,95.71219635009766,14.449999809265137,4.34,0.25,29.99
2019-07-22,2985.030029296875,95.73865509033203,13.529999732971191,4.34,0.26,29.99
2019-07-23,3005.469970703125,96.5680160522461,12.609999656677246,4.34,0.27,29.99
2019-07-24,3019.56005859375,97.21208953857422,12.069999694824219,4.34,0.26,29.99
2019-07-25,3003.669921875,96.58566284179688,12.739999771118164,4.34,0.28,29.99
2019-07-26,3025.860107421875,97.07093811035156,12.15999984741211,4.34,0.3,29.99
2019-07-29,3020.969970703125,96.7885971069336,12.829999923706055,4.34,0.29,29.99
2019-07-30,3013.179931640625,96.87682342529297,13.9399995803833,4.34,0.28,29.99
2019-07-31,2980.3798828125,95.91510772705078,16.1200008392334,4.34,0.26,29.99
2019-08-01,2953.56005859375,94.68870544433594,17.8700008392334,4.34,0.2,28.71
2019-08-02,2932.050048828125,93.929931640625,17.610000610351562,4.34,0.2,28.71
2019-08-05,2844.739990234375,91.265380859375,24.59000015258789,4.34,0.15,28.71
2019-08-06,2881.77001953125,92.28002166748047,20.170000076293945,4.34,0.11,28.71
2019-08-07,2883.97998046875,92.40353393554688,19.489999771118164,4.34,0.09,28.71
2019-08-08,2938.090087890625,94.07111358642578,16.90999984741211,4.34,0.07,28.71
2019-08-09,2918.64990234375,93.2064437866211,17.969999313354492,4.34,0.08,28.71
2019-08-12,2882.699951171875,92.01535034179688,21.09000015258789,4.34,0.04,28.71
2019-08-13,2926.320068359375,93.2064437866211,17.520000457763672,4.34,0.05,28.71
2019-08-14,2840.60009765625,90.3477783203125,22.100000381469727,4.34,0.02,28.71
2019-08-15,2847.60009765625,90.3742446899414,21.18000030517578,4.34,-0.02,28.71
2019-08-16,2888.679931640625,91.83888244628906,18.469999313354492,4.34,0.01,28.71
2019-08-19,2923.64990234375,92.89765167236328,16.8799991607666,4.34,0.04,28.71
2019-08-20,2900.510009765625,92.14767456054688,17.5,4.34,0.02,28.71
2019-08-21,2924.429931640625,92.89765167236328,15.800000190734863,4.34,0.05,28.71
2019-08-22,2922.949951171875,92.95939636230469,16.68000030517578,4.34,0.07,28.71
2019-08-23,2847.110107421875,90.44483184814453,19.8700008392334,4.34,-0.02,28.71
2019-08-26,2878.3798828125,91.2388916015625,19.31999969482422,4.34,0.0,28.71
2019-08-27,2869.159912109375,90.72718048095703,20.309999465942383,4.34,-0.06,28.71
2019-08-28,2887.93994140625,91.5124282836914,19.350000381469727,4.34,-0.08,28.71
2019-08-29,2924.580078125,92.74764251708984,17.8799991607666,4.34,-0.09,28.71
2019-08-30,2926.4599609375,92.78295135498047,18.979999542236328,4.34,-0.05,28.71
2019-09-03,2906.27001953125,92.26239776611328,19.65999984741211,4.34,-0.03,29.23
2019-09-04,2937.780029296875,93.35643005371094,17.329999923706055,4.34,-0.04,29.23
2019-09-05,2976.0,94.72401428222656,16.270000457763672,4.34,0.01,29.23
2019-09-06,2978.7099609375,94.95341491699219,15.0,4.34,0.01,29.23
2019-09-09,2978.429931640625,95.47395324707031,15.270000457763672,4.34,0.06,29.23
2019-09-10,2979.389892578125,95.91510772705078,15.199999809265137,4.34,0.12,29.23
2019-09-11,3000.929931640625,96.64740753173828,14.609999656677246,4.34,0.15,29.23
2019-09-12,3009.570068359375,96.76213073730469,14.220000267028809,4.34,0.16,29.23
2019-09-13,3007.389892578125,96.77976989746094,13.739999771118164,4.34,0.23,29.23
2019-09-16,2997.9599609375,96.85034942626953,14.670000076293945,4.34,0.17,29.23
2019-09-17,3005.699951171875,96.86798858642578,14.4399995803833,4.34,0.15,29.23
2019-09-18,3006.72998046875,96.76213073730469,13.949999809265137,4.34,0.21,29.23
2019-09-19,3006.7900390625,96.49745178222656,14.050000190734863,4.34,0.18,29.23
2019-09-20,2992.070068359375,96.06511688232422,15.319999694824219,4.34,0.13,29.23
2019-09-23,2991.780029296875,96.17150115966797,14.90999984741211,4.34,0.11,29.23
2019-09-24,2966.60009765625,95.39131927490234,17.049999237060547,4.34,0.06,29.23
2019-09-25,2984.8701171875,95.93212127685547,15.960000038146973,4.34,0.13,29.23
2019-09-26,2977.6201171875,95.70162200927734,16.06999969482422,4.34,0.13,29.23
2019-09-27,2961.7900390625,95.3647232055664,17.219999313354492,4.34,0.16,29.23
2019-09-30,2976.739990234375,95.81687927246094,16.239999771118164,4.34,0.15,29.23
2019-10-01,2940.25,94.3274917602539,18.559999465942383,4.34,0.13,28.84
2019-10-02,2887.610107421875,92.5455551147461,20.559999465942383,4.34,0.1,28.84
2019-10-03,2910.6298828125,93.21929168701172,19.1200008392334,4.34,0.06,28.84
2019-10-04,2952.010009765625,94.2565689086914,17.040000915527344,4.34,0.02,28.84
2019-10-07,2938.7900390625,93.7512435913086,17.860000610351562,4.34,0.05,28.84
2019-10-08,2893.06005859375,92.12886047363281,20.280000686645508,4.34,0.06,28.84
2019-10-09,2919.39990234375,92.94449615478516,18.639999389648438,4.34,0.1,28.84
2019-10-10,2938.1298828125,93.64484405517578,17.56999969482422,4.34,0.15,28.84
2019-10-11,2970.27001953125,94.92149353027344,15.579999923706055,4.34,0.2,28.84
2019-10-14,2966.14990234375,94.70870208740234,14.569999694824219,4.34,0.2,28.84
2019-10-15,2995.679931640625,95.51544952392578,13.539999961853027,4.34,0.21,28.84
2019-10-16,2989.68994140625,95.35585021972656,13.680000305175781,4.34,0.18,28.84
2019-10-17,2997.949951171875,95.71935272216797,13.789999961853027,4.34,0.17,28.84
2019-10-18,2986.199951171875,95.60409545898438,14.25,4.34,0.16,28.84
2019-10-21,3006.719970703125,96.33106231689453,14.0,4.34,0.19,28.84
2019-10-22,2995.989990234375,96.33992004394531,14.460000038146973,4.34,0.17,28.84
2019-10-23,3004.52001953125,96.6147689819336,14.010000228881836,4.34,0.16,28.84
2019-10-24,3010.2900390625,96.6590576171875,13.710000038146973,4.34,0.15,28.84
2019-10-25,3022.550048828125,97.01370239257812,12.649999618530273,4.34,0.15,28.84
2019-10-28,3039.419921875,97.31513214111328,13.109999656677246,4.34,0.21,28.84
2019-10-29,3036.889892578125,97.49243927001953,13.199999809265137,4.34,0.23,28.84
2019-10-30,3046.77001953125,97.50129699707031,12.329999923706055,4.34,0.21,28.84
2019-10-31,3037.56005859375,96.99597930908203,13.220000267028809,4.34,0.15,28.84
2019-11-01,3066.909912109375,98.19279479980469,12.300000190734863,4.34,0.14,29.84
2019-11-04,3078.27001953125,98.76018524169922,12.829999923706055,4.34,0.15,29.84
2019-11-05,3074.6201171875,98.76018524169922,13.100000381469727,4.34,0.18,29.84
2019-11-06,3076.780029296875,98.6537857055664,12.619999885559082,4.34,0.15,29.84
2019-11-07,3085.179931640625,98.89314270019531,12.729999542236328,4.34,0.23,29.84
2019-11-08,3093.080078125,99.12364196777344,12.069999694824219,4.34,0.23,29.84
2019-11-11,3087.010009765625,98.85769653320312,12.6899995803833,4.34,0.23,29.84
2019-11-12,3091.840087890625,98.910888671875,12.680000305175781,4.34,0.22,29.84
2019-11-13,3094.0400390625,98.83995056152344,13.0,4.34,0.22,29.84
2019-11-14,3096.6298828125,99.06159210205078,13.050000190734863,4.34,0.2,29.84
2019-11-15,3120.4599609375,99.78856658935547,12.050000190734863,4.34,0.21,29.84
2019-11-18,3122.030029296875,99.66444396972656,12.460000038146973,4.34,0.18,29.84
2019-11-19,3120.179931640625,99.58466339111328,12.859999656677246,4.34,0.16,29.84
2019-11-20,3108.4599609375,99.20343780517578,12.779999732971191,4.34,0.13,29.84
2019-11-21,3103.5400390625,98.99952697753906,13.130000114440918,4.34,0.14,29.84
2019-11-22,3110.2900390625,99.29212188720703,12.34000015258789,4.34,0.15,29.84
2019-11-25,3133.639892578125,100.18750762939453,11.869999885559082,4.34,0.14,29.84
2019-11-26,3140.52001953125,100.30276489257812,11.539999961853027,4.34,0.12,29.84
2019-11-27,3153.6298828125,100.72830200195312,11.75,4.34,0.14,29.84
2019-11-29,3140.97998046875,100.29388427734375,12.619999885559082,4.34,0.17,29.84
2019-12-02,3113.8701171875,99.45169067382812,14.90999984741211,4.34,0.18,30.33
2019-12-03,3093.199951171875,98.6449203491211,15.960000038146973,4.34,0.09,30.33
2019-12-04,3112.760009765625,99.36302947998047,14.800000190734863,4.34,0.11,30.33
2019-12-05,3117.429931640625,99.5314712524414,14.520000457763672,4.34,0.13,30.33
2019-12-06,3145.909912109375,100.45345306396484,13.619999885559082,4.34,0.15,30.33
2019-12-09,3135.9599609375,100.14317321777344,15.859999656677246,4.34,0.14,30.33
2019-12-10,3132.52001953125,100.03677368164062,15.680000305175781,4.34,0.14,30.33
2019-12-11,3141.6298828125,100.329345703125,14.989999771118164,4.34,0.1,30.33
2019-12-12,3168.570068359375,101.38433074951172,13.9399995803833,4.34,0.18,30.33
2019-12-13,3168.800048828125,101.10064697265625,12.630000114440918,4.34,0.12,30.33
2019-12-16,3191.449951171875,101.73892211914062,12.140000343322754,4.34,0.16,30.33
2019-12-17,3192.52001953125,101.75665283203125,12.289999961853027,4.34,0.14,30.33
2019-12-18,3191.139892578125,101.90738677978516,12.579999923706055,4.34,0.16,30.33
2019-12-19,3205.3701171875,102.25312042236328,12.5,4.34,0.15,30.33
2019-12-20,3221.219970703125,102.77619934082031,12.510000228881836,4.34,0.15,30.33
2019-12-23,3224.010009765625,102.82872772216797,12.609999656677246,4.34,0.18,30.33
2019-12-24,3223.3798828125,102.89990234375,12.670000076293945,4.34,0.15,30.33
2019-12-26,3239.909912109375,103.12245178222656,12.649999618530273,4.34,0.16,30.33
2019-12-27,3240.02001953125,102.98001861572266,13.430000305175781,4.34,0.15,30.33
2019-12-30,3221.2900390625,102.62397766113281,14.819999694824219,4.34,0.15,30.33
2019-12-31,3230.780029296875,103.0067367553711,13.779999732971191,4.34,0.15,30.33
2020-01-02,3257.85009765625,103.30047607421875,12.470000267028809,4.34,0.08,30.99
2020-01-03,3234.85009765625,102.7129898071289,14.020000457763672,4.34,0.03,30.99
2020-01-06,3246.280029296875,102.84650421142578,13.850000381469727,4.34,0.06,30.99
2020-01-07,3237.179931640625,102.75748443603516,13.789999961853027,4.34,0.09,30.99
2020-01-08,3253.050048828125,103.06014251708984,13.449999809265137,4.34,0.12,30.99
2020-01-09,3274.699951171875,103.53189086914062,12.539999961853027,4.34,0.11,30.99
2020-01-10,3265.35009765625,103.21145629882812,12.5600004196167,4.34,0.07,30.99
2020-01-13,3288.1298828125,103.85235595703125,12.319999694824219,4.34,0.08,30.99
2020-01-14,3283.14990234375,104.05709075927734,12.390000343322754,4.34,0.05,30.99
2020-01-15,3289.2900390625,104.21731567382812,12.420000076293945,4.34,0.04,30.99
2020-01-16,3316.81005859375,105.18756103515625,12.319999694824219,4.34,0.07,30.99
2020-01-17,3329.6201171875,105.39230346679688,12.100000381469727,4.34,0.09,30.99
2020-01-21,3320.7900390625,104.95612335205078,12.850000381469727,4.34,0.04,30.99
2020-01-22,3321.75,104.82261657714844,12.90999984741211,4.34,0.05,30.99
2020-01-23,3325.5400390625,105.05403900146484,12.979999542236328,4.34,0.04,30.99
2020-01-24,3295.469970703125,103.97697448730469,14.5600004196167,4.34,0.02,30.99
2020-01-27,3243.6298828125,102.26792907714844,18.229999542236328,4.34,-0.02,30.99
2020-01-28,3276.239990234375,103.22035217285156,16.280000686645508,4.34,0.0,30.99
2020-01-29,3273.39990234375,102.89990234375,16.389999389648438,4.34,-0.04,30.99
2020-01-30,3283.659912109375,103.12245178222656,15.489999771118164,4.34,-0.07,30.99
2020-01-31,3225.52001953125,101.06623840332031,18.84000015258789,4.34,-0.14,30.99
2020-02-03,3248.919921875,101.74275207519531,17.969999313354492,4.34,-0.09,30.73
2020-02-04,3297.590087890625,103.23816680908203,16.049999237060547,4.34,-0.03,30.73
2020-02-05,3334.68994140625,104.74249267578125,15.149999618530273,4.34,0.0,30.73
2020-02-06,3345.780029296875,104.71581268310547,14.960000038146973,4.34,-0.02,30.73
2020-02-07,3327.7099609375,103.87014770507812,15.470000267028809,4.34,-0.07,30.73
2020-02-10,3352.090087890625,104.32413482666016,15.039999961853027,4.34,-0.1,30.73
2020-02-11,3357.75,104.9472427368164,15.180000305175781,4.34,-0.06,30.73
2020-02-12,3379.449951171875,105.66825103759766,13.739999771118164,4.34,-0.04,30.73
2020-02-13,3373.93994140625,105.57034301757812,14.149999618530273,4.34,-0.06,30.73
2020-02-14,3380.159912109375,105.58812713623047,13.680000305175781,4.34,-0.07,30.73
2020-02-18,3370.2900390625,105.26768493652344,14.829999923706055,4.34,-0.1,30.73
2020-02-19,3386.14990234375,105.64154052734375,14.380000114440918,4.34,-0.09,30.73
2020-02-20,3373.22998046875,105.61483001708984,15.5600004196167,4.34,-0.11,30.73
2020-02-21,3337.75,104.65351104736328,17.079999923706055,4.34,-0.15,30.73
2020-02-24,3225.889892578125,101.48461151123047,25.030000686645508,4.34,-0.21,30.73
2020-02-25,3128.2099609375,98.07537078857422,27.850000381469727,4.34,-0.2,30.73
2020-02-26,3116.389892578125,97.14073181152344,27.559999465942383,4.34,-0.21,30.73
2020-02-27,2978.760009765625,93.09060668945312,39.15999984741211,4.34,-0.23,30.73
2020-02-28,2954.219970703125,92.10255432128906,40.11000061035156,4.34,-0.28,30.73
2020-03-02,3090.22998046875,95.61858367919922,33.41999816894531,4.34,-0.31,24.82
2020-03-03,3003.3701171875,93.23302459716797,36.81999969482422,4.34,-0.43,24.82
2020-03-04,3130.1201171875,96.90929412841797,31.989999771118164,4.34,-0.44,24.82
2020-03-05,3023.93994140625,93.43773651123047,39.619998931884766,4.34,-0.48,24.82
2020-03-06,2972.3701171875,91.52396392822266,41.939998626708984,4.34,-0.57,24.82
2020-03-09,2746.56005859375,83.59282684326172,54.459999084472656,4.34,-0.45,24.82
2020-03-10,2882.22998046875,87.61626434326172,47.29999923706055,4.34,-0.24,24.82
2020-03-11,2741.3798828125,82.88961791992188,53.900001525878906,4.34,-0.14,24.82
2020-03-12,2480.639892578125,74.52232360839844,75.47000122070312,4.34,-0.04,24.82
2020-03-13,2711.02001953125,80.57525634765625,57.83000183105469,4.34,0.04,24.82
2020-03-16,2386.1298828125,70.87275695800781,82.69000244140625,4.34,0.0,24.82
2020-03-17,2529.18994140625,74.88727569580078,75.91000366210938,4.34,0.39,24.82
2020-03-18,2398.10009765625,70.00930786132812,76.44999694824219,4.34,0.55,24.82
2020-03-19,2409.389892578125,70.19625854492188,72.0,4.34,0.62,24.82
2020-03-20,2304.919921875,66.78703308105469,66.04000091552734,4.34,0.17,24.82
2020-03-23,2237.39990234375,64.41397857666016,61.59000015258789,4.34,-0.04,24.82
2020-03-24,2447.330078125,71.29044342041016,61.66999816894531,4.34,-0.13,24.82
2020-03-25,2475.56005859375,73.07920837402344,63.95000076293945,4.34,-0.19,24.82
2020-03-26,2630.070068359375,77.28599548339844,61.0,4.34,-0.24,24.82
2020-03-27,2541.469970703125,74.98483276367188,65.54000091552734,4.34,-0.22,24.82
2020-03-30,2626.64990234375,76.95340728759766,57.08000183105469,4.34,-0.25,24.82
2020-03-31,2584.590087890625,75.524169921875,53.540000915527344,4.34,-0.17,24.82
2020-04-01,2470.5,71.80280303955078,57.060001373291016,4.34,-0.29,25.93
2020-04-02,2526.89990234375,72.93538665771484,50.90999984741211,4.34,-0.4,25.93
2020-04-03,2488.64990234375,71.75785827636719,46.79999923706055,4.34,-0.46,25.93
2020-04-06,2663.679931640625,77.1871109008789,45.2400016784668,4.34,-0.47,25.93
2020-04-07,2659.409912109375,77.80734252929688,46.70000076293945,4.34,-0.42,25.93
2020-04-08,2749.97998046875,81.02532196044922,43.349998474121094,4.34,-0.42,25.93
2020-04-09,2789.820068359375,82.89502716064453,41.66999816894531,4.34,-0.5,25.93
2020-04-13,2761.6298828125,81.1062240600586,41.16999816894531,4.34,-0.5,25.93
2020-04-14,2846.06005859375,83.25457000732422,37.7599983215332,4.34,-0.53,25.93
2020-04-15,2783.360107421875,80.5669174194336,40.84000015258789,4.34,-0.56,25.93
2020-04-16,2799.550048828125,80.5669174194336,40.11000061035156,4.34,-0.42,25.93
2020-04-17,2874.56005859375,83.57816314697266,38.150001525878906,4.34,-0.36,25.93
2020-04-20,2823.159912109375,81.86131286621094,43.83000183105469,4.34,-0.31,25.93
2020-04-21,2736.56005859375,79.47028350830078,45.40999984741211,4.34,-0.38,25.93
2020-04-22,2799.31005859375,80.9624252319336,41.97999954223633,4.34,-0.43,25.93
2020-04-23,2797.800048828125,81.03433227539062,41.380001068115234,4.34,-0.44,25.93
2020-04-24,2836.739990234375,82.19390869140625,35.93000030517578,4.34,-0.51,25.93
2020-04-27,2878.47998046875,84.5579605102539,33.290000915527344,4.34,-0.5,25.93
2020-04-28,2863.389892578125,85.72650909423828,33.56999969482422,4.34,-0.52,25.93
2020-04-29,2939.510009765625,88.70182037353516,31.229999542236328,4.34,-0.51,25.93
2020-04-30,2912.429931640625,86.41864776611328,34.150001525878906,4.34,-0.43,25.93
2020-05-01,2830.7099609375,83.29949951171875,37.189998626708984,4.34,-0.42,27.33
2020-05-04,2842.739990234375,83.3624267578125,35.970001220703125,4.34,-0.43,27.33
2020-05-05,2868.43994140625,83.73995971679688,33.61000061035156,4.34,-0.44,27.33
2020-05-06,2848.419921875,82.53546905517578,34.119998931884766,4.34,-0.38,27.33
2020-05-07,2881.18994140625,84.01863098144531,31.440000534057617,4.34,-0.45,27.33
2020-05-08,2929.800048828125,86.31975555419922,27.979999542236328,4.34,-0.43,27.33
2020-05-11,2930.18994140625,85.29505157470703,27.56999969482422,4.34,-0.4,27.33
2020-05-12,2870.1201171875,83.06580352783203,33.040000915527344,4.34,-0.4,27.33
2020-05-13,2820.0,80.62982940673828,35.279998779296875,4.34,-0.43,27.33
2020-05-14,2852.5,81.8792724609375,32.61000061035156,4.34,-0.43,27.33
2020-05-15,2863.699951171875,82.03208923339844,31.889999389648438,4.34,-0.45,27.33
2020-05-18,2953.909912109375,86.51750946044922,29.299999237060547,4.34,-0.44,27.33
2020-05-19,2922.93994140625,85.32199096679688,30.530000686645508,4.34,-0.45,27.33
2020-05-20,2971.610107421875,86.8770751953125,27.989999771118164,4.34,-0.48,27.33
2020-05-21,2948.510009765625,86.49056243896484,29.530000686645508,4.34,-0.46,27.33
2020-05-22,2955.449951171875,86.5624771118164,28.15999984741211,4.34,-0.46,27.33
2020-05-26,2991.77001953125,89.36698150634766,28.010000228881836,4.34,-0.44,27.33
2020-05-27,3036.1298828125,91.57823181152344,27.6200008392334,4.34,-0.46,27.33
2020-05-28,3029.72998046875,90.66134643554688,28.59000015258789,4.34,-0.48,27.33
2020-05-29,3044.31005859375,90.52654266357422,27.510000228881836,4.34,-0.5,27.33
2020-06-01,3055.72998046875,91.58720397949219,28.229999542236328,4.34,-0.52,28.84
2020-06-02,3080.820068359375,92.74678039550781,26.84000015258789,4.34,-0.5,28.84
2020-06-03,3122.8701171875,95.25466918945312,25.65999984741211,4.34,-0.44,28.84
2020-06-04,3112.35009765625,95.74005889892578,25.809999465942383,4.34,-0.4,28.84
2020-06-05,3193.929931640625,99.27267456054688,24.520000457763672,4.34,-0.36,28.84
2020-06-08,3232.389892578125,101.6546859741211,25.809999465942383,4.34,-0.4,28.84
2020-06-09,3207.179931640625,99.11087799072266,27.56999969482422,4.34,-0.42,28.84
2020-06-10,3190.139892578125,96.66590881347656,27.56999969482422,4.34,-0.52,28.84
2020-06-11,3002.10009765625,89.97820281982422,40.790000915527344,4.34,-0.55,28.84
2020-06-12,3041.31005859375,91.77598571777344,36.09000015258789,4.34,-0.5,28.84
2020-06-15,3066.590087890625,92.791748046875,34.400001525878906,4.34,-0.52,28.84
2020-06-16,3124.739990234375,94.72431182861328,33.66999816894531,4.34,-0.52,28.84
2020-06-17,3113.489990234375,93.66362762451172,33.470001220703125,4.34,-0.52,28.84
2020-06-18,3115.340087890625,93.60069274902344,32.939998626708984,4.34,-0.57,28.84
2020-06-19,3097.739990234375,92.62995147705078,35.119998931884766,4.34,-0.6,28.84
2020-06-22,3117.860107421875,92.73371887207031,31.770000457763672,4.34,-0.63,28.84
2020-06-23,3131.2900390625,92.842041015625,31.3700008392334,4.34,-0.66,28.84
2020-06-24,3050.330078125,89.77317810058594,33.84000015258789,4.34,-0.64,28.84
2020-06-25,3083.760009765625,90.69384002685547,32.220001220703125,4.34,-0.65,28.84
2020-06-26,3009.050048828125,88.85252380371094,34.72999954223633,4.34,-0.68,28.84
2020-06-29,3053.239990234375,90.62162780761719,31.780000686645508,4.34,-0.7,28.84
2020-06-30,3100.2900390625,91.84919738769531,30.43000030517578,4.34,-0.68,28.84
2020-07-01,3115.860107421875,91.72282409667969,28.6200008392334,4.34,-0.68,29.6
2020-07-02,3130.010009765625,92.27339935302734,27.68000030517578,4.34,-0.73,29.6
2020-07-06,3179.719970703125,93.28431701660156,27.940000534057617,4.34,-0.76,29.6
2020-07-07,3145.320068359375,91.79499816894531,29.43000030517578,4.34,-0.78,29.6
2020-07-08,3169.93994140625,92.06580352783203,28.079999923706055,4.34,-0.75,29.6
2020-07-09,3152.050048828125,90.60357666015625,29.260000228881836,4.34,-0.77,29.6
2020-07-10,3185.0400390625,92.12896728515625,27.290000915527344,4.34,-0.76,29.6
2020-07-13,3155.219970703125,91.69573211669922,32.189998626708984,4.34,-0.78,29.6
2020-07-14,3197.52001953125,93.18502044677734,29.520000457763672,4.34,-0.78,29.6
2020-07-15,3226.56005859375,95.34223937988281,27.760000228881836,4.34,-0.77,29.6
2020-07-16,3215.570068359375,95.20686340332031,28.0,4.34,-0.79,29.6
2020-07-17,3224.72998046875,95.53180694580078,25.68000030517578,4.34,-0.82,29.6
2020-07-20,3251.840087890625,95.02635192871094,24.459999084472656,4.34,-0.84,29.6
2020-07-21,3257.300048828125,95.97408294677734,24.84000015258789,4.34,-0.87,29.6
2020-07-22,3276.02001953125,96.74129486083984,24.31999969482422,4.34,-0.88,29.6
2020-07-23,3235.659912109375,96.57882690429688,26.079999923706055,4.34,-0.9,29.6
2020-07-24,3215.6298828125,95.87478637695312,25.84000015258789,4.34,-0.92,29.6
2020-07-27,3239.409912109375,96.26292419433594,24.739999771118164,4.34,-0.9,29.6
2020-07-28,3218.43994140625,95.67621612548828,25.440000534057617,4.34,-0.92,29.6
2020-07-29,3258.43994140625,97.24675750732422,24.100000381469727,4.34,-0.95,29.6
2020-07-30,3246.219970703125,96.47955322265625,24.760000228881836,4.34,-0.97,29.6
2020-07-31,3271.1201171875,96.43440246582031,24.459999084472656,4.34,-1.0,29.6
2020-08-03,3294.610107421875,96.6690902709961,24.280000686645508,4.34,-1.02,31.16
2020-08-04,3306.510009765625,97.14746856689453,23.760000228881836,4.34,-1.05,31.16
2020-08-05,3327.77001953125,97.93274688720703,22.989999771118164,4.34,-1.06,31.16
2020-08-06,3349.159912109375,97.86052703857422,22.649999618530273,4.34,-1.08,31.16
2020-08-07,3351.280029296875,98.85338592529297,22.209999084472656,4.34,-1.04,31.16
2020-08-10,3360.469970703125,99.89139556884766,22.1299991607666,4.34,-1.02,31.16
2020-08-11,3333.68994140625,99.78307342529297,24.030000686645508,4.34,-0.99,31.16
2020-08-12,3380.35009765625,100.3697738647461,22.280000686645508,4.34,-0.98,31.16
2020-08-13,3373.429931640625,99.88235473632812,22.1299991607666,4.34,-0.96,31.16
2020-08-14,3372.85009765625,100.17123413085938,22.049999237060547,4.34,-0.94,31.16
2020-08-17,3381.989990234375,100.21632385253906,21.350000381469727,4.34,-0.97,31.16
2020-08-18,3389.780029296875,99.63865661621094,21.510000228881836,4.34,-1.01,31.16
2020-08-19,3374.85009765625,99.25052642822266,22.540000915527344,4.34,-0.99,31.16
2020-08-20,3385.510009765625,98.79020690917969,22.719999313354492,4.34,-0.97,31.16
2020-08-21,3397.159912109375,98.60968780517578,22.540000915527344,4.34,-1.0,31.16
2020-08-24,3431.280029296875,100.22537994384766,22.3700008392334,4.34,-1.02,31.16
2020-08-25,3443.6201171875,100.22537994384766,22.030000686645508,4.34,-1.01,31.16
2020-08-26,3478.72998046875,100.0538558959961,23.270000457763672,4.34,-1.03,31.16
2020-08-27,3484.550048828125,100.56834411621094,24.469999313354492,4.34,-0.99,31.16
2020-08-28,3508.010009765625,101.39873504638672,22.959999084472656,4.34,-1.03,31.16
2020-08-31,3500.31005859375,100.55029296875,26.40999984741211,4.34,-1.08,31.16
2020-09-01,3526.64990234375,101.06478881835938,26.1200008392334,4.34,-1.08,30.84
2020-09-02,3580.840087890625,102.86096954345703,26.56999969482422,4.34,-1.07,30.84
2020-09-03,3455.06005859375,100.49613952636719,33.599998474121094,4.34,-1.02,30.84
2020-09-04,3426.9599609375,100.26145935058594,30.75,4.34,-0.98,30.84
2020-09-08,3331.840087890625,98.17643737792969,31.459999084472656,4.34,-0.99,30.84
2020-09-09,3398.9599609375,99.313720703125,28.809999465942383,4.34,-1.0,30.84
2020-09-10,3339.18994140625,97.8875961303711,29.709999084472656,4.34,-1.01,30.84
2020-09-11,3340.969970703125,98.4020767211914,26.8700008392334,4.34,-0.98,30.84
2020-09-14,3383.5400390625,99.99066925048828,25.850000381469727,4.34,-0.97,30.84
2020-09-15,3401.199951171875,100.0899658203125,25.59000015258789,4.34,-0.99,30.84
2020-09-16,3385.489990234375,100.75788879394531,26.040000915527344,4.34,-0.99,30.84
2020-09-17,3357.010009765625,100.32463073730469,26.459999084472656,4.34,-0.97,30.84
2020-09-18,3319.469970703125,99.11515808105469,25.829999923706055,4.34,-0.97,30.84
2020-09-21,3281.06005859375,96.61897277832031,27.780000686645508,4.34,-0.94,30.84
2020-09-22,3315.570068359375,97.07232666015625,26.860000610351562,4.34,-0.94,30.84
2020-09-23,3236.919921875,94.98690032958984,28.579999923706055,4.34,-0.92,30.84
2020-09-24,3246.590087890625,95.14105224609375,28.510000228881836,4.34,-0.91,30.84
2020-09-25,3298.4599609375,96.46484375,26.3799991607666,4.34,-0.92,30.84
2020-09-28,3351.60009765625,98.32359313964844,26.190000534057617,4.34,-0.94,30.84
2020-09-29,3335.469970703125,97.53473663330078,26.270000457763672,4.34,-0.98,30.84
2020-09-30,3363.0,98.02438354492188,26.3700008392334,4.34,-0.94,30.84
2020-10-01,3380.800048828125,98.37799072265625,26.700000762939453,4.34,-0.95,31.28
2020-10-02,3348.419921875,98.81322479248047,27.6299991607666,4.34,-0.94,31.28
2020-10-05,3408.60009765625,100.54503631591797,27.959999084472656,4.34,-0.9,31.28
2020-10-06,3360.969970703125,99.51136779785156,29.479999542236328,4.34,-0.9,31.28
2020-10-07,3419.43994140625,101.3248062133789,28.059999465942383,4.34,-0.9,31.28
2020-10-08,3446.830078125,102.82088470458984,26.360000610351562,4.34,-0.94,31.28
2020-10-09,3477.139892578125,102.97502136230469,25.0,4.34,-0.94,31.28
2020-10-12,3534.219970703125,103.77291107177734,25.06999969482422,4.34,-0.94,31.28
2020-10-13,3511.929931640625,102.72114562988281,26.06999969482422,4.34,-0.96,31.28
2020-10-14,3488.669921875,102.44005584716797,26.399999618530273,4.34,-0.96,31.28
2020-10-15,3483.340087890625,102.91155242919922,26.969999313354492,4.34,-0.95,31.28
2020-10-16,3483.81005859375,102.82088470458984,27.40999984741211,4.34,-0.95,31.28
2020-10-19,3426.919921875,101.45174407958984,29.18000030517578,4.34,-0.93,31.28
2020-10-20,3443.1201171875,102.00485229492188,29.350000381469727,4.34,-0.91,31.28
2020-10-21,3435.56005859375,101.66026306152344,28.649999618530273,4.34,-0.91,31.28
2020-10-22,3453.489990234375,102.9568862915039,28.110000610351562,4.34,-0.89,31.28
2020-10-23,3465.389892578125,103.50093078613281,27.549999237060547,4.34,-0.9,31.28
2020-10-26,3400.969970703125,101.08905029296875,32.459999084472656,4.34,-0.91,31.28
2020-10-27,3390.679931640625,99.87405395507812,33.349998474121094,4.34,-0.92,31.28
2020-10-28,3271.030029296875,96.8184585571289,40.279998779296875,4.34,-0.91,31.28
2020-10-29,3310.110107421875,97.79769897460938,37.59000015258789,4.34,-0.86,31.28
2020-10-30,3269.9599609375,97.48033905029297,38.02000045776367,4.34,-0.82,31.28
2020-11-02,3310.239990234375,99.65645599365234,37.130001068115234,4.34,-0.84,32.47
2020-11-03,3369.159912109375,101.73280334472656,35.54999923706055,4.34,-0.82,32.47
2020-11-04,3443.43994140625,101.81442260742188,29.56999969482422,4.34,-0.86,32.47
2020-11-05,3510.449951171875,103.79106140136719,27.579999923706055,4.34,-0.87,32.47
2020-11-06,3509.43994140625,103.3648910522461,24.860000610351562,4.34,-0.82,32.47
2020-11-09,3550.5,107.7987060546875,25.75,4.34,-0.77,32.47
2020-11-10,3545.530029296875,108.3880615234375,24.799999237060547,4.34,-0.78,32.47
2020-11-11,3572.659912109375,108.18859100341797,23.450000762939453,4.34,-0.78,32.47
2020-11-12,3537.010009765625,106.5020980834961,25.350000381469727,4.34,-0.83,32.47
2020-11-13,3585.14990234375,108.85049438476562,23.100000381469727,4.34,-0.83,32.47
2020-11-16,3626.909912109375,111.12635040283203,22.450000762939453,4.34,-0.81,32.47
2020-11-17,3609.530029296875,110.8634033203125,22.709999084472656,4.34,-0.83,32.47
2020-11-18,3567.7900390625,109.54866027832031,23.84000015258789,4.34,-0.82,32.47
2020-11-19,3581.8701171875,110.10176086425781,23.110000610351562,4.34,-0.84,32.47
2020-11-20,3557.5400390625,109.47611999511719,23.700000762939453,4.34,-0.86,32.47
2020-11-23,3577.590087890625,111.09913635253906,22.65999984741211,4.34,-0.85,32.47
2020-11-24,3635.409912109375,113.5200424194336,21.639999389648438,4.34,-0.86,32.47
2020-11-25,3629.64990234375,112.67681884765625,21.25,4.34,-0.87,32.47
2020-11-27,3638.35009765625,112.62240600585938,20.84000015258789,4.34,-0.91,32.47
2020-11-30,3621.6298828125,111.41646575927734,20.56999969482422,4.34,-0.93,32.47
2020-12-01,3662.449951171875,112.45011901855469,20.770000457763672,4.34,-0.89,33.77
2020-12-02,3669.010009765625,112.76748657226562,21.170000076293945,4.34,-0.9,33.77
2020-12-03,3666.719970703125,113.40218353271484,21.280000686645508,4.34,-0.94,33.77
2020-12-04,3699.1201171875,115.22467041015625,20.790000915527344,4.34,-0.92,33.77
2020-12-07,3691.9599609375,114.6534423828125,21.299999237060547,4.34,-0.94,33.77
2020-12-08,3702.25,114.97079467773438,20.68000030517578,4.34,-0.97,33.77
2020-12-09,3672.820068359375,114.59903717041016,22.270000457763672,4.34,-0.96,33.77
2020-12-10,3668.10009765625,114.69879150390625,22.520000457763672,4.34,-0.96,33.77
2020-12-11,3663.4599609375,113.99153900146484,23.309999465942383,4.34,-0.97,33.77
2020-12-14,3647.489990234375,113.17549896240234,24.719999313354492,4.34,-0.98,33.77
2020-12-15,3694.6201171875,115.05236053466797,22.889999389648438,4.34,-0.99,33.77
2020-12-16,3701.169921875,114.80757141113281,22.5,4.34,-1.0,33.77
2020-12-17,3722.47998046875,115.46040344238281,21.93000030517578,4.34,-1.0,33.77
2020-12-18,3709.409912109375,115.18840026855469,21.56999969482422,4.34,-1.0,33.77
2020-12-21,3694.919921875,114.27124786376953,25.15999984741211,4.34,-1.0,33.77
2020-12-22,3687.260009765625,113.83448791503906,24.229999542236328,4.34,-1.01,33.77
2020-12-23,3690.010009765625,114.49869537353516,23.309999465942383,4.34,-1.01,33.77
2020-12-24,3703.06005859375,114.7170639038086,21.530000686645508,4.34,-1.03,33.77
2020-12-28,3735.360107421875,115.06283569335938,21.700000762939453,4.34,-1.03,33.77
2020-12-29,3727.0400390625,114.48960876464844,23.079999923706055,4.34,-1.02,33.77
2020-12-30,3732.0400390625,115.3084945678711,22.770000457763672,4.34,-1.03,33.77
2020-12-31,3756.070068359375,116.04548645019531,22.75,4.34,-1.06,33.77
2021-01-04,3700.64990234375,114.3713150024414,26.969999313354492,4.34,-1.08,34.51
2021-01-05,3726.860107421875,115.34487915039062,25.34000015258789,4.34,-1.07,34.51
2021-01-06,3748.139892578125,118.10182189941406,25.06999969482422,4.34,-1.02,34.51
2021-01-07,3803.7900390625,119.27552795410156,22.3700008392334,4.34,-1.01,34.51
2021-01-08,3824.679931640625,119.48480987548828,21.559999465942383,4.34,-0.93,34.51
2021-01-11,3799.610107421875,119.34835815429688,24.079999923706055,4.34,-0.91,34.51
2021-01-12,3801.18994140625,120.2855224609375,23.329999923706055,4.34,-0.93,34.51
2021-01-13,3809.840087890625,119.89427185058594,22.209999084472656,4.34,-0.96,34.51
2021-01-14,3795.5400390625,120.2946548461914,23.25,4.34,-0.94,34.51
2021-01-15,3768.25,119.39384460449219,24.34000015258789,4.34,-0.99,34.51
2021-01-19,3798.909912109375,119.96705627441406,23.239999771118164,4.34,-1.0,34.51
2021-01-20,3851.85009765625,120.71316528320312,21.579999923706055,4.34,-1.02,34.51
2021-01-21,3853.070068359375,120.10353088378906,21.31999969482422,4.34,-0.98,34.51
2021-01-22,3841.469970703125,119.59402465820312,21.90999984741211,4.34,-0.99,34.51
2021-01-25,3855.360107421875,119.48480987548828,23.190000534057617,4.34,-1.03,34.51
2021-01-26,3849.6201171875,118.89340209960938,23.020000457763672,4.34,-1.03,34.51
2021-01-27,3750.77001953125,116.1546859741211,37.209999084472656,4.34,-1.04,34.51
2021-01-28,3787.3798828125,117.18282318115234,30.209999084472656,4.34,-1.06,34.51
2021-01-29,3714.239990234375,115.0992431640625,33.09000015258789,4.34,-1.02,34.51
2021-02-01,3773.860107421875,116.62782287597656,30.239999771118164,4.34,-1.02,35.1
2021-02-02,3826.31005859375,118.16551208496094,25.559999465942383,4.34,-1.03,35.1
2021-02-03,3830.169921875,118.47486114501953,22.90999984741211,4.34,-1.04,35.1
2021-02-04,3871.739990234375,119.98527526855469,21.770000457763672,4.34,-1.02,35.1
2021-02-05,3886.830078125,120.6039810180664,20.8700008392334,4.34,-1.02,35.1
2021-02-08,3915.590087890625,122.0142822265625,21.239999771118164,4.34,-1.03,35.1
2021-02-09,3911.22998046875,121.96878051757812,21.6299991607666,4.34,-1.04,35.1
2021-02-10,3909.8798828125,122.34182739257812,21.989999771118164,4.34,-1.06,35.1
2021-02-11,3916.3798828125,122.37821197509766,21.25,4.34,-1.04,35.1
2021-02-12,3934.830078125,123.1152114868164,19.969999313354492,4.34,-1.01,35.1
2021-02-16,3932.590087890625,123.20619201660156,21.459999084472656,4.34,-0.94,35.1
2021-02-17,3931.330078125,123.14252471923828,21.5,4.34,-0.92,35.1
2021-02-18,3913.969970703125,122.4510269165039,22.489999771118164,4.34,-0.87,35.1
2021-02-19,3906.7099609375,123.37910461425781,22.049999237060547,4.34,-0.8,35.1
2021-02-22,3876.5,123.58837890625,23.450000762939453,4.34,-0.79,35.1
2021-02-23,3881.3701171875,123.91593933105469,23.110000610351562,4.34,-0.79,35.1
2021-02-24,3925.429931640625,125.87212371826172,21.34000015258789,4.34,-0.79,35.1
2021-02-25,3829.340087890625,122.94237518310547,28.889999389648438,4.34,-0.6,35.1
2021-02-26,3811.14990234375,122.10526275634766,27.950000762939453,4.34,-0.71,35.1
2021-03-01,3901.820068359375,124.8713150024414,23.350000381469727,4.34,-0.71,35.04
2021-03-02,3870.2900390625,124.2525634765625,24.100000381469727,4.34,-0.78,35.04
2021-03-03,3819.719970703125,123.61563873291016,26.670000076293945,4.34,-0.74,35.04
2021-03-04,3768.469970703125,121.93238067626953,28.56999969482422,4.34,-0.66,35.04
2021-03-05,3841.93994140625,124.71659088134766,24.65999984741211,4.34,-0.66,35.04
2021-03-08,3821.35009765625,125.53551483154297,25.469999313354492,4.34,-0.62,35.04
2021-03-09,3875.43994140625,125.71742248535156,24.030000686645508,4.34,-0.66,35.04
2021-03-10,3898.81005859375,127.00948333740234,22.559999465942383,4.34,-0.73,35.04
2021-03-11,3939.340087890625,127.86479949951172,21.90999984741211,4.34,-0.74,35.04
2021-03-12,3943.340087890625,128.83836364746094,20.690000534057617,4.34,-0.62,35.04
2021-03-15,3968.93994140625,129.93017578125,20.030000686645508,4.34,-0.65,35.04
2021-03-16,3962.7099609375,128.72914123535156,19.790000915527344,4.34,-0.68,35.04
2021-03-17,3974.1201171875,129.39332580566406,19.229999542236328,4.34,-0.67,35.04
2021-03-18,3915.4599609375,128.12867736816406,21.579999923706055,4.34,-0.56,35.04
2021-03-19,3913.10009765625,127.89205932617188,20.950000762939453,4.34,-0.57,35.04
2021-03-22,3940.590087890625,128.06211853027344,18.8799991607666,4.34,-0.64,35.04
2021-03-23,3910.52001953125,126.21566772460938,20.299999237060547,4.34,-0.66,35.04
2021-03-24,3889.139892578125,126.05110168457031,21.200000762939453,4.34,-0.69,35.04
2021-03-25,3909.52001953125,127.56847381591797,19.809999465942383,4.34,-0.69,35.04
2021-03-26,3974.5400390625,129.95423889160156,18.860000610351562,4.34,-0.67,35.04
2021-03-29,3971.090087890625,129.27781677246094,20.739999771118164,4.34,-0.63,35.04
2021-03-30,3958.550048828125,129.5246124267578,19.610000610351562,4.34,-0.62,35.04
2021-03-31,3972.889892578125,129.48802185058594,19.399999618530273,4.34,-0.63,35.04
2021-04-01,4019.8701171875,130.7860107421875,17.329999923706055,4.34,-0.66,36.72
2021-04-05,4077.909912109375,131.97434997558594,17.90999984741211,4.34,-0.62,36.72
2021-04-06,4073.93994140625,132.1479949951172,18.1200008392334,4.34,-0.65,36.72
2021-04-07,4079.949951171875,131.6544189453125,17.15999984741211,4.34,-0.66,36.72
2021-04-08,4097.169921875,131.90121459960938,16.950000762939453,4.34,-0.69,36.72
2021-04-09,4128.7998046875,132.65988159179688,16.690000534057617,4.34,-0.64,36.72
2021-04-12,4127.990234375,132.88841247558594,16.90999984741211,4.34,-0.64,36.72
2021-04-13,4141.58984375,132.65988159179688,16.649999618530273,4.34,-0.69,36.72
2021-04-14,4124.66015625,132.87014770507812,16.989999771118164,4.34,-0.69,36.72
2021-04-15,4170.419921875,133.91217041015625,16.56999969482422,4.34,-0.77,36.72
2021-04-16,4185.47021484375,134.50636291503906,16.25,4.34,-0.77,36.72
2021-04-19,4163.259765625,133.8756561279297,17.290000915527344,4.34,-0.73,36.72
2021-04-20,4134.93994140625,132.8792724609375,18.68000030517578,4.34,-0.74,36.72
2021-04-21,4173.419921875,134.6343231201172,17.5,4.34,-0.76,36.72
2021-04-22,4134.97998046875,133.7842254638672,18.709999084472656,4.34,-0.76,36.72
2021-04-23,4180.169921875,135.22845458984375,17.329999923706055,4.34,-0.76,36.72
2021-04-26,4187.6201171875,135.4569549560547,17.639999389648438,4.34,-0.78,36.72
2021-04-27,4186.72021484375,135.60324096679688,17.559999465942383,4.34,-0.76,36.72
2021-04-28,4183.18017578125,135.63978576660156,17.280000686645508,4.34,-0.78,36.72
2021-04-29,4211.47021484375,136.5264434814453,17.610000610351562,4.34,-0.77,36.72
2021-04-30,4181.169921875,135.53924560546875,18.610000610351562,4.34,-0.76,36.72
2021-05-03,4192.66015625,136.3436279296875,18.309999465942383,4.34,-0.79,36.55
2021-05-04,4164.66015625,136.18821716308594,19.479999542236328,4.34,-0.81,36.55
2021-05-05,4167.58984375,136.4715576171875,19.149999618530273,4.34,-0.88,36.55
2021-05-06,4201.6201171875,137.16627502441406,18.389999389648438,4.34,-0.87,36.55
2021-05-07,4232.60009765625,138.61053466796875,16.690000534057617,4.34,-0.89,36.55
2021-05-10,4188.43017578125,138.1443328857422,19.65999984741211,4.34,-0.91,36.55
2021-05-11,4152.10009765625,136.48072814941406,21.84000015258789,4.34,-0.89,36.55
2021-05-12,4063.0400390625,133.45513916015625,27.59000015258789,4.34,-0.85,36.55
2021-05-13,4112.5,135.255859375,23.1299991607666,4.34,-0.85,36.55
2021-05-14,4173.85009765625,137.3765106201172,18.809999465942383,4.34,-0.88,36.55
2021-05-17,4163.2900390625,137.23031616210938,19.719999313354492,4.34,-0.9,36.55
2021-05-18,4127.830078125,136.0145263671875,21.34000015258789,4.34,-0.88,36.55
2021-05-19,4115.68017578125,135.31069946289062,22.18000030517578,4.34,-0.8,36.55
2021-05-20,4159.1201171875,136.33448791503906,20.670000076293945,4.34,-0.78,36.55
2021-05-21,4155.85986328125,136.5172576904297,20.149999618530273,4.34,-0.8,36.55
2021-05-24,4197.0498046875,137.30335998535156,18.399999618530273,4.34,-0.83,36.55
2021-05-25,4188.1298828125,136.72752380371094,18.84000015258789,4.34,-0.86,36.55
2021-05-26,4195.990234375,137.19371032714844,17.360000610351562,4.34,-0.82,36.55
2021-05-27,4200.8798828125,137.8701629638672,16.739999771118164,4.34,-0.81,36.55
2021-05-28,4204.10986328125,138.13522338867188,16.760000228881836,4.34,-0.84,36.55
2021-06-01,4202.0400390625,138.59225463867188,17.899999618530273,4.34,-0.84,36.7
2021-06-02,4208.1201171875,138.69276428222656,17.479999542236328,4.34,-0.85,36.7
2021-06-03,4192.85009765625,138.49168395996094,18.040000915527344,4.34,-0.79,36.7
2021-06-04,4229.89013671875,139.17724609375,16.420000076293945,4.34,-0.84,36.7
2021-06-07,4226.52001953125,138.93043518066406,16.420000076293945,4.34,-0.82,36.7
2021-06-08,4227.259765625,139.1041259765625,17.06999969482422,4.34,-0.83,36.7
2021-06-09,4219.5498046875,138.47341918945312,17.889999389648438,4.34,-0.82,36.7
2021-06-10,4239.18017578125,138.73849487304688,16.100000381469727,4.34,-0.9,36.7
2021-06-11,4247.43994140625,139.1041259765625,15.649999618530273,4.34,-0.85,36.7
2021-06-14,4255.14990234375,138.67453002929688,16.389999389648438,4.34,-0.85,36.7
2021-06-15,4246.58984375,138.69276428222656,17.020000457763672,4.34,-0.87,36.7
2021-06-16,4223.7001953125,137.7512969970703,18.149999618530273,4.34,-0.75,36.7
2021-06-17,4221.85986328125,136.39846801757812,17.75,4.34,-0.75,36.7
2021-06-18,4166.4501953125,134.0492706298828,20.700000762939453,4.34,-0.79,36.7
2021-06-21,4224.7900390625,136.6343994140625,17.889999389648438,4.34,-0.75,36.7
2021-06-22,4246.43994140625,136.91856384277344,16.65999984741211,4.34,-0.83,36.7
2021-06-23,4241.83984375,136.68939208984375,16.31999969482422,4.34,-0.84,36.7
2021-06-24,4266.490234375,137.5877685546875,15.970000267028809,4.34,-0.81,36.7
2021-06-25,4280.7001953125,138.55030822753906,15.619999885559082,4.34,-0.8,36.7
2021-06-28,4290.60986328125,137.97276306152344,15.760000228881836,4.34,-0.84,36.7
2021-06-29,4291.7998046875,137.8719024658203,16.020000457763672,4.34,-0.83,36.7
2021-06-30,4297.5,138.17445373535156,15.829999923706055,4.34,-0.87,36.7
2021-07-01,4319.93994140625,139.13697814941406,15.479999542236328,4.34,-0.87,37.44
2021-07-02,4352.33984375,139.5495147705078,15.069999694824219,4.34,-0.89,37.44
2021-07-06,4343.5400390625,138.33026123046875,16.440000534057617,4.34,-0.94,37.44
2021-07-07,4358.1298828125,138.66024780273438,16.200000762939453,4.34,-0.95,37.44
2021-07-08,4320.81982421875,137.3860626220703,19.0,4.34,-0.92,37.44
2021-07-09,4369.5498046875,139.33868408203125,16.18000030517578,4.34,-0.91,37.44
2021-07-12,4384.6298828125,139.78782653808594,16.170000076293945,4.34,-0.95,37.44
2021-07-13,4369.2099609375,138.46780395507812,17.1200008392334,4.34,-0.94,37.44
2021-07-14,4374.2998046875,138.26611328125,16.329999923706055,4.34,-0.97,37.44
2021-07-15,4360.02978515625,137.8994140625,17.010000228881836,4.34,-1.01,37.44
2021-07-16,4327.16015625,136.87271118164062,18.450000762939453,4.34,-1.02,37.44
2021-07-19,4258.490234375,134.3976593017578,22.5,4.34,-1.05,37.44
2021-07-20,4323.06005859375,136.94607543945312,19.729999542236328,4.34,-1.03,37.44
2021-07-21,4358.68994140625,138.32110595703125,17.90999984741211,4.34,-0.98,37.44
2021-07-22,4367.47998046875,137.9360809326172,17.690000534057617,4.34,-1.01,37.44
2021-07-23,4411.7900390625,139.08193969726562,17.200000762939453,4.34,-1.05,37.44
2021-07-26,4422.2998046875,139.4761199951172,17.579999923706055,4.34,-1.11,37.44
2021-07-27,4401.4599609375,139.22865295410156,19.360000610351562,4.34,-1.13,37.44
2021-07-28,4400.64013671875,139.302001953125,18.309999465942383,4.34,-1.15,37.44
2021-07-29,4419.14990234375,140.34706115722656,17.700000762939453,4.34,-1.15,37.44
2021-07-30,4395.259765625,139.96200561523438,18.239999771118164,4.34,-1.16,37.44
2021-08-02,4387.16015625,139.7511749267578,19.459999084472656,4.34,-1.17,37.97
2021-08-03,4423.14990234375,140.92454528808594,18.040000915527344,4.34,-1.19,37.97
2021-08-04,4402.66015625,139.59535217285156,17.969999313354492,4.34,-1.16,37.97
2021-08-05,4429.10009765625,140.64950561523438,17.280000686645508,4.34,-1.1,37.97
2021-08-06,4436.52001953125,141.22706604003906,16.149999618530273,4.34,-1.06,37.97
2021-08-09,4432.35009765625,140.9061737060547,16.719999313354492,4.34,-1.04,37.97
2021-08-10,4436.75,141.56622314453125,16.790000915527344,4.34,-1.04,37.97
2021-08-11,4442.41015625,142.47377014160156,16.170000076293945,4.34,-1.07,37.97
2021-08-12,4460.830078125,142.4004364013672,15.59000015258789,4.34,-1.05,37.97
2021-08-13,4468.0,142.38209533691406,15.449999809265137,4.34,-1.08,37.97
2021-08-16,4479.7099609375,142.42794799804688,16.1200008392334,4.34,-1.1,37.97
2021-08-17,4448.080078125,141.35537719726562,17.90999984741211,4.34,-1.07,37.97
2021-08-18,4400.27001953125,139.8978271484375,21.56999969482422,4.34,-1.05,37.97
2021-08-19,4405.7998046875,139.58619689941406,21.670000076293945,4.34,-1.04,37.97
2021-08-20,4441.669921875,140.5945281982422,18.559999465942383,4.34,-1.01,37.97
2021-08-23,4479.52978515625,141.6487579345703,17.149999618530273,4.34,-1.02,37.97
2021-08-24,4486.22998046875,142.22625732421875,17.219999313354492,4.34,-1.01,37.97
2021-08-25,4496.18994140625,142.9779510498047,16.790000915527344,4.34,-1.0,37.97
2021-08-26,4470.0,141.9971160888672,18.84000015258789,4.34,-0.99,37.97
2021-08-27,4509.3701171875,143.51878356933594,16.389999389648438,4.34,-1.08,37.97
2021-08-30,4528.7900390625,143.3079833984375,16.190000534057617,4.34,-1.08,37.97
2021-08-31,4522.68017578125,143.2804718017578,16.479999542236328,4.34,-1.03,37.97
2021-09-01,4524.08984375,143.3079833984375,16.110000610351562,4.34,-1.03,37.62
2021-09-02,4536.9501953125,144.27969360351562,16.40999984741211,4.34,-1.03,37.62
2021-09-03,4535.43017578125,143.8121337890625,16.40999984741211,4.34,-1.01,37.62
2021-09-07,4520.02978515625,142.61129760742188,18.139999389648438,4.34,-0.98,37.62
2021-09-08,4514.06982421875,142.51959228515625,17.959999084472656,4.34,-1.03,37.62
2021-09-09,4493.27978515625,142.1162872314453,18.799999237060547,4.34,-1.08,37.62
2021-09-10,4458.580078125,141.18121337890625,20.950000762939453,4.34,-1.05,37.62
2021-09-13,4468.72998046875,141.57542419433594,19.3700008392334,4.34,-1.04,37.62
2021-09-14,4443.0498046875,140.56698608398438,19.459999084472656,4.34,-1.05,37.62
2021-09-15,4480.7001953125,141.8137664794922,18.18000030517578,4.34,-1.04,37.62
2021-09-16,4473.75,141.54791259765625,18.690000534057617,4.34,-1.01,37.62
2021-09-17,4432.990234375,140.2920379638672,20.809999465942383,4.34,-0.96,37.62
2021-09-20,4357.72998046875,138.1731414794922,25.709999084472656,4.34,-0.98,37.62
2021-09-21,4354.18994140625,137.67633056640625,24.360000610351562,4.34,-0.96,37.62
2021-09-22,4395.64013671875,139.2220001220703,20.8700008392334,4.34,-0.96,37.62
2021-09-23,4448.97998046875,141.26451110839844,18.6299991607666,4.34,-0.9,37.62
2021-09-24,4455.47998046875,141.5037384033203,17.75,4.34,-0.87,37.62
2021-09-27,4443.10986328125,141.97296142578125,18.760000228881836,4.34,-0.87,37.62
2021-09-28,4352.6298828125,139.84764099121094,23.25,4.34,-0.84,37.62
2021-09-29,4359.4599609375,140.15126037597656,22.559999465942383,4.34,-0.82,37.62
2021-09-30,4307.5400390625,137.84193420410156,23.139999389648438,4.34,-0.85,37.62
2021-10-01,4357.0400390625,139.70045471191406,21.100000381469727,4.34,-0.9,37.25
2021-10-04,4300.4599609375,138.81719970703125,22.959999084472656,4.34,-0.89,37.25
2021-10-05,4345.72021484375,139.81085205078125,21.299999237060547,4.34,-0.91,37.25
2021-10-06,4363.5498046875,140.00405883789062,21.0,4.34,-0.9,37.25
2021-10-07,4399.759765625,141.19093322753906,19.540000915527344,4.34,-0.88,37.25
2021-10-08,4391.33984375,140.85972595214844,18.770000457763672,4.34,-0.89,37.25
2021-10-11,4361.18994140625,140.0868377685547,20.0,4.34,-0.89,37.25
2021-10-12,4350.64990234375,140.12367248535156,19.850000381469727,4.34,-0.9,37.25
2021-10-13,4363.7998046875,140.3536834716797,18.639999389648438,4.34,-0.96,37.25
2021-10-14,4438.259765625,142.76419067382812,16.860000610351562,4.34,-1.0,37.25
2021-10-15,4471.3701171875,143.2518310546875,16.299999237060547,4.34,-0.97,37.25
2021-10-18,4486.4599609375,143.30703735351562,16.309999465942383,4.34,-0.95,37.25
2021-10-19,4519.6298828125,144.14422607421875,15.699999809265137,4.34,-0.89,37.25
2021-10-20,4536.18994140625,145.2483367919922,15.489999771118164,4.34,-0.92,37.25
2021-10-21,4549.77978515625,145.4231414794922,15.010000228881836,4.34,-0.96,37.25
2021-10-22,4544.89990234375,145.83717346191406,15.430000305175781,4.34,-0.98,37.25
2021-10-25,4566.47998046875,146.16839599609375,15.239999771118164,4.34,-1.02,37.25
2021-10-26,4574.7900390625,145.88314819335938,15.979999542236328,4.34,-1.06,37.25
2021-10-27,4551.68017578125,143.94189453125,16.979999542236328,4.34,-1.11,37.25
2021-10-28,4596.419921875,145.4047393798828,16.530000686645508,4.34,-1.0,37.25
2021-10-29,4605.3798828125,145.14712524414062,16.260000228881836,4.34,-0.96,37.25
2021-11-01,4613.669921875,146.30636596679688,16.40999984741211,4.34,-0.92,38.58
2021-11-02,4630.64990234375,146.71124267578125,16.030000686645508,4.34,-0.95,38.58
2021-11-03,4660.56982421875,147.57608032226562,15.100000381469727,4.34,-0.93,38.58
2021-11-04,4680.06005859375,147.27244567871094,15.4399995803833,4.34,-1.03,38.58
2021-11-05,4697.52978515625,148.39492797851562,16.479999542236328,4.34,-1.09,38.58
2021-11-08,4701.7001953125,148.61570739746094,17.219999313354492,4.34,-1.11,38.58
2021-11-09,4685.25,148.5973358154297,17.780000686645508,4.34,-1.17,38.58
2021-11-10,4646.7099609375,147.64962768554688,18.729999542236328,4.34,-1.14,38.58
2021-11-11,4649.27001953125,148.00848388671875,17.65999984741211,4.34,-1.14,38.58
2021-11-12,4682.85009765625,148.7261199951172,16.290000915527344,4.34,-1.15,38.58
2021-11-15,4682.7998046875,148.98374938964844,16.489999771118164,4.34,-1.13,38.58
2021-11-16,4700.89990234375,149.1769256591797,16.3700008392334,4.34,-1.1,38.58
2021-11-17,4688.669921875,148.38571166992188,17.110000610351562,4.34,-1.1,38.58
2021-11-18,4704.5400390625,147.84288024902344,17.59000015258789,4.34,-1.14,38.58
2021-11-19,4697.9599609375,146.88604736328125,17.90999984741211,4.34,-1.11,38.58
2021-11-22,4682.93994140625,147.11605834960938,19.170000076293945,4.34,-0.98,38.58
2021-11-23,4690.7001953125,147.72325134277344,19.3799991607666,4.34,-0.95,38.58
2021-11-24,4701.4599609375,147.79685974121094,18.579999923706055,4.34,-0.97,38.58
2021-11-26,4594.6201171875,143.95103454589844,28.6200008392334,4.34,-1.07,38.58
2021-11-29,4655.27001953125,145.1563262939453,22.959999084472656,4.34,-1.02,38.58
2021-11-30,4567.0,141.31051635742188,27.190000534057617,4.34,-1.07,38.58
2021-12-01,4513.0400390625,139.55325317382812,31.1200008392334,4.34,-1.01,38.31
2021-12-02,4577.10009765625,142.92979431152344,27.950000762939453,4.34,-1.03,38.31
2021-12-03,4538.43017578125,142.1477508544922,30.670000076293945,4.34,-1.08,38.31
2021-12-06,4591.669921875,144.2546844482422,27.18000030517578,4.34,-1.01,38.31
2021-12-07,4686.75,146.69281005859375,21.889999389648438,4.34,-0.99,38.31
2021-12-08,4701.2099609375,147.0700225830078,19.899999618530273,4.34,-1.0,38.31
2021-12-09,4667.4501953125,146.02117919921875,21.579999923706055,4.34,-0.98,38.31
2021-12-10,4712.02001953125,146.96885681152344,18.690000534057617,4.34,-0.96,38.31
2021-12-13,4668.97021484375,145.90155029296875,20.309999465942383,4.34,-0.98,38.31
2021-12-14,4634.08984375,145.0275421142578,21.889999389648438,4.34,-0.93,38.31
2021-12-15,4709.85009765625,146.6100311279297,19.290000915527344,4.34,-0.92,38.31
2021-12-16,4668.669921875,146.3524169921875,20.56999969482422,4.34,-0.98,38.31
2021-12-17,4620.64013671875,144.41107177734375,21.56999969482422,4.34,-0.97,38.31
2021-12-20,4568.02001953125,142.92918395996094,22.8700008392334,4.34,-0.96,38.31
2021-12-21,4649.22998046875,145.82652282714844,21.010000228881836,4.34,-0.96,38.31
2021-12-22,4696.56005859375,146.8507537841797,18.6299991607666,4.34,-1.01,38.31
2021-12-23,4725.7900390625,147.8472900390625,17.959999084472656,4.34,-0.97,38.31
2021-12-27,4791.18994140625,149.73886108398438,17.68000030517578,4.34,-1.02,38.31
2021-12-28,4786.35009765625,149.96954345703125,17.540000915527344,4.34,-1.01,38.31
2021-12-29,4793.06005859375,150.4124298095703,16.950000762939453,4.34,-0.98,38.31
2021-12-30,4778.72998046875,150.17254638671875,17.329999923706055,4.34,-1.06,38.31
2021-12-31,4766.18017578125,150.17254638671875,17.219999313354492,4.34,-1.04,38.31
2022-01-03,4796.56005859375,150.30172729492188,16.600000381469727,4.34,-0.97,36.94
2022-01-04,4793.5400390625,151.5104522705078,16.90999984741211,4.34,-0.91,36.94
2022-01-05,4700.580078125,149.17601013183594,19.729999542236328,4.34,-0.82,36.94
2022-01-06,4696.0498046875,149.50819396972656,19.610000610351562,4.34,-0.73,36.94
2022-01-07,4677.02978515625,149.26829528808594,18.760000228881836,4.34,-0.72,36.94
2022-01-10,4670.2900390625,148.52090454101562,19.399999618530273,4.34,-0.7,36.94
2022-01-11,4713.06982421875,149.92340087890625,18.40999984741211,4.34,-0.79,36.94
2022-01-12,4726.35009765625,150.04339599609375,17.6200008392334,4.34,-0.74,36.94
2022-01-13,4659.02978515625,149.35133361816406,20.309999465942383,4.34,-0.73,36.94
2022-01-14,4662.85009765625,149.09295654296875,19.190000534057617,4.34,-0.66,36.94
2022-01-18,4577.10986328125,146.72157287597656,22.790000915527344,4.34,-0.59,36.94
2022-01-19,4532.759765625,145.19906616210938,23.850000381469727,4.34,-0.57,36.94
2022-01-20,4482.72998046875,143.35365295410156,25.59000015258789,4.34,-0.5,36.94
2022-01-21,4397.93994140625,141.25906372070312,28.850000381469727,4.34,-0.59,36.94
2022-01-24,4410.1298828125,142.32020568847656,29.899999618530273,4.34,-0.63,36.94
2022-01-25,4356.4501953125,140.97305297851562,31.15999984741211,4.34,-0.63,36.94
2022-01-26,4349.93017578125,139.8380889892578,31.959999084472656,4.34,-0.53,36.94
2022-01-27,4326.509765625,139.0537567138672,30.489999771118164,4.34,-0.59,36.94
2022-01-28,4431.85009765625,141.43438720703125,27.65999984741211,4.34,-0.66,36.94
2022-01-31,4515.5498046875,143.61203002929688,24.829999923706055,4.34,-0.65,36.94
2022-02-01,4546.5400390625,144.72850036621094,21.959999084472656,4.34,-0.62,35.29
2022-02-02,4589.3798828125,145.669677734375,22.09000015258789,4.34,-0.63,35.29
2022-02-03,4477.43994140625,143.82424926757812,24.350000381469727,4.34,-0.56,35.29
2022-02-04,4500.52978515625,143.69505310058594,23.219999313354492,4.34,-0.48,35.29
2022-02-07,4483.8701171875,143.78732299804688,22.860000610351562,4.34,-0.48,35.29
2022-02-08,4521.5400390625,145.10682678222656,21.440000534057617,4.34,-0.46,35.29
2022-02-09,4587.18017578125,147.56124877929688,19.959999084472656,4.34,-0.48,35.29
2022-02-10,4504.080078125,145.23597717285156,23.90999984741211,4.34,-0.42,35.29
2022-02-11,4418.64013671875,143.3167266845703,27.360000610351562,4.34,-0.51,35.29
2022-02-14,4401.669921875,142.17257690429688,28.329999923706055,4.34,-0.5,35.29
2022-02-15,4471.06982421875,144.3409423828125,25.700000762939453,4.34,-0.43,35.29
2022-02-16,4475.009765625,144.82073974609375,24.290000915527344,4.34,-0.43,35.29
2022-02-17,4380.259765625,142.21873474121094,28.110000610351562,4.34,-0.46,35.29
2022-02-18,4348.8701171875,141.6835479736328,27.75,4.34,-0.49,35.29
2022-02-22,4304.759765625,140.27175903320312,28.809999465942383,4.34,-0.51,35.29
2022-02-23,4225.5,138.10340881347656,31.020000457763672,4.34,-0.54,35.29
2022-02-24,4288.7001953125,139.4228515625,30.31999969482422,4.34,-0.59,35.29
2022-02-25,4384.64990234375,143.1691131591797,27.59000015258789,4.34,-0.57,35.29
2022-02-28,4373.93994140625,142.3294219970703,30.149999618530273,4.34,-0.79,35.29
2022-03-01,4306.259765625,139.88421630859375,33.31999969482422,4.34,-0.9,34.27
2022-03-02,4386.5400390625,142.8645782470703,30.739999771118164,4.34,-0.85,34.27
2022-03-03,4363.490234375,142.5693359375,30.479999542236328,4.34,-0.83,34.27
2022-03-04,4328.8701171875,141.7112274169922,31.979999542236328,4.34,-0.93,34.27
2022-03-07,4201.08984375,137.7896728515625,36.45000076293945,4.34,-0.99,34.27
2022-03-08,4170.7001953125,136.80235290527344,35.130001068115234,4.34,-1.04,34.27
2022-03-09,4277.8798828125,139.6996612548828,32.45000076293945,4.34,-0.9,34.27
2022-03-10,4259.52001953125,139.43209838867188,30.229999542236328,4.34,-0.88,34.27
2022-03-11,4204.31005859375,137.96498107910156,30.75,4.34,-0.94,34.27
2022-03-14,4173.10986328125,137.4574737548828,31.770000457763672,4.34,-0.79,34.27
2022-03-15,4262.4501953125,139.6719970703125,29.829999923706055,4.34,-0.69,34.27
2022-03-16,4357.85986328125,142.3109893798828,26.670000076293945,4.34,-0.61,34.27
2022-03-17,4411.669921875,144.10107421875,25.670000076293945,4.34,-0.71,34.27
2022-03-18,4463.1201171875,145.02377319335938,23.8700008392334,4.34,-0.72,34.27
2022-03-21,4461.18017578125,144.61978149414062,23.530000686645508,4.34,-0.58,34.27
2022-03-22,4511.60986328125,145.83358764648438,22.940000534057617,4.34,-0.53,34.27
2022-03-23,4456.240234375,143.74884033203125,23.56999969482422,4.34,-0.62,34.27
2022-03-24,4520.16015625,145.42588806152344,21.670000076293945,4.34,-0.58,34.27
2022-03-25,4543.06005859375,146.4173583984375,20.809999465942383,4.34,-0.47,34.27
2022-03-28,4575.52001953125,146.85281372070312,19.6299991607666,4.34,-0.49,34.27
2022-03-29,4631.60009765625,149.28970336914062,18.899999618530273,4.34,-0.45,34.27
2022-03-30,4602.4501953125,148.15000915527344,19.329999923706055,4.34,-0.51,34.27
2022-03-31,4530.41015625,146.13011169433594,20.559999465942383,4.34,-0.52,34.27
2022-04-01,4545.85986328125,146.6026611328125,19.6299991607666,4.34,-0.41,33.89
2022-04-04,4582.64013671875,146.9176788330078,18.56999969482422,4.34,-0.38,33.89
2022-04-05,4525.1201171875,145.3517608642578,21.030000686645508,4.34,-0.3,33.89
2022-04-06,4481.14990234375,144.61978149414062,22.100000381469727,4.34,-0.22,33.89
2022-04-07,4500.2099609375,145.0645294189453,21.549999237060547,4.34,-0.16,33.89
2022-04-08,4488.27978515625,145.37033081054688,21.15999984741211,4.34,-0.15,33.89
2022-04-11,4412.52978515625,143.96192932128906,24.3700008392334,4.34,-0.12,33.89
2022-04-12,4397.4501953125,143.48008728027344,24.260000228881836,4.34,-0.14,33.89
2022-04-13,4446.58984375,145.1016082763672,21.81999969482422,4.34,-0.1,33.89
2022-04-14,4392.58984375,144.11016845703125,22.700000762939453,4.34,-0.06,33.89
2022-04-18,4391.68994140625,143.804443359375,22.170000076293945,4.34,-0.07,33.89
2022-04-19,4462.2099609375,146.3524932861328,21.3700008392334,4.34,0.0,33.89
2022-04-20,4459.4501953125,147.28831481933594,20.31999969482422,4.34,-0.07,33.89
2022-04-21,4393.66015625,145.15721130371094,22.68000030517578,4.34,-0.12,33.89
2022-04-22,4271.77978515625,141.20074462890625,28.209999084472656,4.34,-0.08,33.89
2022-04-25,4296.1201171875,141.62696838378906,27.020000457763672,4.34,-0.1,33.89
2022-04-26,4175.2001953125,138.23568725585938,33.52000045776367,4.34,-0.08,33.89
2022-04-27,4183.9599609375,138.4951171875,31.600000381469727,4.34,-0.06,33.89
2022-04-28,4287.5,140.90423583984375,29.989999771118164,4.34,-0.12,33.89
2022-04-29,4131.93017578125,136.62342834472656,33.400001525878906,4.34,0.01,33.89
2022-05-02,4155.3798828125,136.9940643310547,32.34000015258789,4.34,0.18,30.67
2022-05-03,4175.47998046875,138.12451171875,29.25,4.34,0.14,30.67
2022-05-04,4300.169921875,141.9697723388672,25.420000076293945,4.34,0.07,30.67
2022-05-05,4146.8701171875,137.69827270507812,31.200000762939453,4.34,0.18,30.67
2022-05-06,4123.33984375,136.43812561035156,30.190000534057617,4.34,0.26,30.67
2022-05-09,3991.239990234375,132.38900756835938,34.75,4.34,0.3,30.67
2022-05-10,4001.050048828125,132.04617309570312,32.9900016784668,4.34,0.34,30.67
2022-05-11,3935.179931640625,130.34124755859375,32.560001373291016,4.34,0.21,30.67
2022-05-12,3930.080078125,130.89720153808594,31.770000457763672,4.34,0.25,30.67
2022-05-13,4023.889892578125,133.89007568359375,28.8700008392334,4.34,0.24,30.67
2022-05-16,4008.010009765625,133.41751098632812,27.469999313354492,4.34,0.2,30.67
2022-05-17,4088.85009765625,136.24354553222656,26.100000381469727,4.34,0.27,30.67
2022-05-18,3923.679931640625,131.1195831298828,30.959999084472656,4.34,0.17,30.67
2022-05-19,3900.7900390625,130.82310485839844,29.350000381469727,4.34,0.25,30.67
2022-05-20,3901.360107421875,130.82310485839844,29.43000030517578,4.34,0.23,30.67
2022-05-23,3973.75,132.66697692871094,28.479999542236328,4.34,0.26,30.67
2022-05-24,3941.47998046875,131.8423309326172,29.450000762939453,4.34,0.21,30.67
2022-05-25,3978.72998046875,133.3618927001953,28.3700008392334,4.34,0.19,30.67
2022-05-26,4057.840087890625,136.17868041992188,27.5,4.34,0.13,30.67
2022-05-27,4158.240234375,139.3012237548828,25.719999313354492,4.34,0.11,30.67
2022-05-31,4132.14990234375,137.99476623535156,26.190000534057617,4.34,0.21,30.67
2022-06-01,4101.22998046875,136.53077697753906,25.690000534057617,4.34,0.29,29.05
2022-06-02,4176.81982421875,138.93063354492188,24.719999313354492,4.34,0.26,29.05
2022-06-03,4108.5400390625,137.29058837890625,24.790000915527344,4.34,0.22,29.05
2022-06-06,4121.43017578125,137.7909393310547,25.06999969482422,4.34,0.28,29.05
2022-06-07,4160.68017578125,139.10670471191406,24.020000457763672,4.34,0.25,29.05
2022-06-08,4115.77001953125,137.14231872558594,23.959999084472656,4.34,0.28,29.05
2022-06-09,4017.820068359375,134.02903747558594,26.09000015258789,4.34,0.29,29.05
2022-06-10,3900.860107421875,130.3783416748047,27.75,4.34,0.39,29.05
2022-06-13,3749.6298828125,125.13392639160156,34.02000045776367,4.34,0.69,29.05
2022-06-14,3735.47998046875,124.48532104492188,32.689998626708984,4.34,0.89,29.05
2022-06-15,3789.989990234375,125.68058013916016,29.6200008392334,4.34,0.63,29.05
2022-06-16,3666.77001953125,121.2330551147461,32.95000076293945,4.34,0.66,29.05
2022-06-17,3674.840087890625,121.51101684570312,31.1299991607666,4.34,0.67,29.05
2022-06-21,3764.7900390625,123.60980224609375,30.190000534057617,4.34,0.7,29.05
2022-06-22,3759.889892578125,123.54463195800781,28.950000762939453,4.34,0.62,29.05
2022-06-23,3795.72998046875,124.56938171386719,29.049999237060547,4.34,0.59,29.05
2022-06-24,3911.739990234375,128.6216583251953,27.229999542236328,4.34,0.57,29.05
2022-06-27,3900.110107421875,128.55648803710938,26.950000762939453,4.34,0.65,29.05
2022-06-28,3821.550048828125,126.60016632080078,28.360000610351562,4.34,0.72,29.05
2022-06-29,3818.830078125,125.82699584960938,28.15999984741211,4.34,0.74,29.05
2022-06-30,3785.3798828125,125.04444885253906,28.709999084472656,4.34,0.65,29.05
2022-07-01,3825.330078125,126.57221984863281,26.700000762939453,4.34,0.54,29.0
2022-07-05,3831.389892578125,126.27410888671875,27.540000915527344,4.34,0.52,29.0
2022-07-06,3845.080078125,126.30208587646484,26.729999542236328,4.34,0.64,29.0
2022-07-07,3902.6201171875,128.13726806640625,26.079999923706055,4.34,0.68,29.0
2022-07-08,3899.3798828125,127.6621322631836,24.639999389648438,4.34,0.72,29.0
2022-07-11,3854.429931640625,126.4884033203125,26.170000076293945,4.34,0.67,29.0
2022-07-12,3818.800048828125,125.88286590576172,27.290000915527344,4.34,0.64,29.0
2022-07-13,3801.780029296875,125.1842269897461,26.81999969482422,4.34,0.6,29.0
2022-07-14,3790.3798828125,124.19673919677734,26.399999618530273,4.34,0.62,29.0
2022-07-15,3863.159912109375,126.5535888671875,24.229999542236328,4.34,0.57,29.0
2022-07-18,3830.85009765625,126.00394439697266,25.299999237060547,4.34,0.59,29.0
2022-07-19,3936.68994140625,129.6184539794922,24.5,4.34,0.62,29.0
2022-07-20,3959.89990234375,130.48483276367188,23.8799991607666,4.34,0.66,29.0
2022-07-21,3998.949951171875,131.50025939941406,23.110000610351562,4.34,0.58,29.0
2022-07-22,3961.6298828125,130.73634338378906,23.030000686645508,4.34,0.43,29.0
2022-07-25,3966.840087890625,131.06239318847656,23.360000610351562,4.34,0.45,29.0
2022-07-26,3921.050048828125,130.03762817382812,24.690000534057617,4.34,0.45,29.0
2022-07-27,4023.610107421875,132.56222534179688,23.239999771118164,4.34,0.36,29.0
2022-07-28,4072.429931640625,134.65826416015625,22.329999923706055,4.34,0.2,29.0
2022-07-29,4130.2900390625,135.85995483398438,21.329999923706055,4.34,0.14,29.0
2022-08-01,4118.6298828125,135.59909057617188,22.84000015258789,4.34,0.09,30.7
2022-08-02,4091.18994140625,134.63958740234375,23.93000030517578,4.34,0.27,30.7
2022-08-03,4155.169921875,136.03695678710938,21.950000762939453,4.34,0.23,30.7
2022-08-04,4151.93994140625,135.7481689453125,21.440000534057617,4.34,0.22,30.7
2022-08-05,4145.18994140625,135.897216796875,21.149999618530273,4.34,0.37,30.7
2022-08-08,4140.06005859375,136.2791748046875,21.290000915527344,4.34,0.29,30.7
2022-08-09,4122.47021484375,135.48731994628906,21.770000457763672,4.34,0.33,30.7
2022-08-10,4210.240234375,138.38453674316406,19.739999771118164,4.34,0.35,30.7
2022-08-11,4207.27001953125,138.99937438964844,20.200000762939453,4.34,0.4,30.7
2022-08-12,4280.14990234375,141.2444305419922,19.530000686645508,4.34,0.37,30.7
2022-08-15,4297.14013671875,141.55186462402344,19.950000762939453,4.34,0.35,30.7
2022-08-16,4305.2001953125,141.9617462158203,19.690000534057617,4.34,0.38,30.7
2022-08-17,4274.0400390625,140.62962341308594,19.899999618530273,4.34,0.43,30.7
2022-08-18,4283.740234375,141.0767364501953,19.559999465942383,4.34,0.36,30.7
2022-08-19,4228.47998046875,139.213623046875,20.600000381469727,4.34,0.43,30.7
2022-08-22,4137.990234375,136.30711364746094,23.799999237060547,4.34,0.46,30.7
2022-08-23,4128.72998046875,135.953125,24.110000610351562,4.34,0.47,30.7
2022-08-24,4140.77001953125,136.6331329345703,22.81999969482422,4.34,0.49,30.7
2022-08-25,4199.1201171875,138.73854064941406,21.780000686645508,4.34,0.43,30.7
2022-08-26,4057.659912109375,134.2669677734375,25.559999465942383,4.34,0.47,30.7
2022-08-29,4030.610107421875,133.48443603515625,26.209999084472656,4.34,0.54,30.7
2022-08-30,3986.159912109375,132.07778930664062,26.209999084472656,4.34,0.56,30.7
2022-08-31,3955.0,131.12757873535156,25.8700008392334,4.34,0.67,30.7
2022-09-01,3966.85009765625,131.23939514160156,25.559999465942383,4.34,0.81,28.23
2022-09-02,3924.260009765625,130.2891845703125,25.469999313354492,4.34,0.73,28.23
2022-09-06,3908.18994140625,129.9258270263672,26.90999984741211,4.34,0.85,28.23
2022-09-07,3979.8701171875,132.77645874023438,24.639999389648438,4.34,0.82,28.23
2022-09-08,4006.179931640625,133.92230224609375,23.610000610351562,4.34,0.88,28.23
2022-09-09,4067.360107421875,135.76678466796875,22.790000915527344,4.34,0.91,28.23
2022-09-12,4110.41015625,137.03370666503906,23.8700008392334,4.34,0.95,28.23
2022-09-13,3932.68994140625,131.61203002929688,27.270000457763672,4.34,0.98,28.23
2022-09-14,3946.010009765625,131.60267639160156,26.15999984741211,4.34,0.95,28.23
2022-09-15,3901.35009765625,130.55934143066406,26.270000457763672,4.34,1.02,28.23
2022-09-16,3873.330078125,129.25518798828125,26.299999237060547,4.34,1.07,28.23
2022-09-19,3899.889892578125,130.2190399169922,25.760000228881836,4.34,1.15,28.23
2022-09-20,3855.929931640625,128.122802734375,27.15999984741211,4.34,1.17,28.23
2022-09-21,3789.929931640625,125.99850463867188,27.989999771118164,4.34,1.13,28.23
2022-09-22,3757.989990234375,124.19236755371094,27.350000381469727,4.34,1.29,28.23
2022-09-23,3693.22998046875,122.10550689697266,29.920000076293945,4.34,1.32,28.23
2022-09-26,3655.0400390625,120.3367919921875,32.2599983215332,4.34,1.56,28.23
2022-09-27,3647.2900390625,119.95310974121094,32.599998474121094,4.34,1.64,28.23
2022-09-28,3719.0400390625,122.74185943603516,30.18000030517578,4.34,1.39,28.23
2022-09-29,3640.469970703125,120.42101287841797,31.84000015258789,4.34,1.57,28.23
2022-09-30,3585.6201171875,119.11089324951172,31.6200008392334,4.34,1.68,28.23
2022-10-03,3678.429931640625,122.43303680419922,30.100000381469727,4.34,1.43,27.08
2022-10-04,3790.929931640625,126.65353393554688,29.06999969482422,4.34,1.38,27.08
2022-10-05,3783.280029296875,126.15756225585938,28.549999237060547,4.34,1.54,27.08
2022-10-06,3744.52001953125,124.75386047363281,30.520000457763672,4.34,1.61,27.08
2022-10-07,3639.659912109375,121.79667663574219,31.360000610351562,4.34,1.62,27.08
2022-10-10,3612.389892578125,120.97317504882812,32.45000076293945,4.34,1.62,27.08
2022-10-11,3588.840087890625,120.43038177490234,33.630001068115234,4.34,1.62,27.08
2022-10-12,3577.030029296875,119.80339050292969,33.56999969482422,4.34,1.62,27.08
2022-10-13,3669.909912109375,122.68569946289062,31.940000534057617,4.34,1.63,27.08
2022-10-14,3583.070068359375,119.9718246459961,32.02000045776367,4.34,1.59,27.08
2022-10-17,3677.949951171875,122.58277130126953,31.3700008392334,4.34,1.57,27.08
2022-10-18,3719.97998046875,124.39820861816406,30.5,4.34,1.6,27.08
2022-10-19,3695.159912109375,122.92903137207031,30.760000228881836,4.34,1.72,27.08
2022-10-20,3665.780029296875,121.56272888183594,29.979999542236328,4.34,1.73,27.08
2022-10-21,3752.75,124.34209442138672,29.690000534057617,4.34,1.69,27.08
2022-10-24,3797.340087890625,125.72711181640625,29.850000381469727,4.34,1.66,27.08
2022-10-25,3859.110107421875,128.14154052734375,28.459999084472656,4.34,1.59,27.08
2022-10-26,3830.60009765625,128.39419555664062,27.280000686645508,4.34,1.6,27.08
2022-10-27,3807.300048828125,128.51585388183594,27.389999389648438,4.34,1.51,27.08
2022-10-28,3901.06005859375,131.18289184570312,25.75,4.34,1.51,27.08
2022-10-31,3871.97998046875,130.6027374267578,25.8799991607666,4.34,1.58,27.08
2022-11-01,3856.10009765625,130.9208984375,25.809999465942383,4.34,1.56,28.38
2022-11-02,3759.68994140625,127.72978210449219,25.860000610351562,4.34,1.57,28.38
2022-11-03,3719.889892578125,127.08405303955078,25.299999237060547,4.34,1.74,28.38
2022-11-04,3770.550048828125,129.05860900878906,24.549999237060547,4.34,1.69,28.38
2022-11-07,3806.800048828125,130.08802795410156,24.350000381469727,4.34,1.69,28.38
2022-11-08,3828.110107421875,130.86477661132812,25.540000915527344,4.34,1.64,28.38
2022-11-09,3748.570068359375,128.51585388183594,26.09000015258789,4.34,1.7,28.38
2022-11-10,3956.3701171875,135.4034423828125,23.530000686645508,4.34,1.43,28.38
2022-11-11,3992.929931640625,136.70425415039062,22.520000457763672,4.34,1.43,28.38
2022-11-14,3957.25,135.21627807617188,23.729999542236328,4.34,1.51,28.38
2022-11-15,3991.72998046875,136.48904418945312,24.540000915527344,4.34,1.45,28.38
2022-11-16,3958.7900390625,135.03851318359375,24.110000610351562,4.34,1.38,28.38
2022-11-17,3946.56005859375,134.25242614746094,23.93000030517578,4.34,1.49,28.38
2022-11-18,3965.340087890625,135.2537384033203,23.1200008392334,4.34,1.57,28.38
2022-11-21,3949.93994140625,135.19757080078125,22.360000610351562,4.34,1.52,28.38
2022-11-22,4003.580078125,136.99435424804688,21.290000915527344,4.34,1.44,28.38
2022-11-23,4027.260009765625,137.565185546875,20.350000381469727,4.34,1.39,28.38
2022-11-25,4026.1201171875,138.0331268310547,20.5,4.34,1.36,28.38
2022-11-28,3963.93994140625,135.57191467285156,22.209999084472656,4.34,1.43,28.38
2022-11-29,3957.6298828125,136.00241088867188,21.889999389648438,4.34,1.5,28.38
2022-11-30,4080.110107421875,139.26840209960938,20.579999923706055,4.34,1.34,28.38
2022-12-01,4076.570068359375,139.46490478515625,19.84000015258789,4.34,1.17,28.32
2022-12-02,4071.699951171875,139.3806610107422,19.059999465942383,4.34,1.08,28.32
2022-12-05,3998.840087890625,136.685546875,20.75,4.34,1.21,28.32
2022-12-06,3941.260009765625,135.18824768066406,22.170000076293945,4.34,1.2,28.32
2022-12-07,3933.919921875,134.96363830566406,22.68000030517578,4.34,1.16,28.32
2022-12-08,3963.510009765625,135.83395385742188,22.290000915527344,4.34,1.2,28.32
2022-12-09,3934.3798828125,134.7858123779297,22.829999923706055,4.34,1.31,28.32
2022-12-12,3990.56005859375,136.7697296142578,25.0,4.34,1.33,28.32
2022-12-13,4019.64990234375,137.72427368164062,22.549999237060547,4.34,1.27,28.32
2022-12-14,3995.320068359375,136.91012573242188,21.139999389648438,4.34,1.3,28.32
2022-12-15,3895.75,133.9062042236328,22.829999923706055,4.34,1.28,28.32
2022-12-16,3852.360107421875,132.28717041015625,22.6200008392334,4.34,1.35,28.32
2022-12-19,3817.659912109375,131.2047119140625,22.420000076293945,4.34,1.42,28.32
2022-12-20,3821.6201171875,131.3362579345703,21.479999542236328,4.34,1.45,28.32
2022-12-21,3878.43994140625,133.36593627929688,20.06999969482422,4.34,1.41,28.32
2022-12-22,3822.389892578125,131.9188690185547,21.969999313354492,4.34,1.48,28.32
2022-12-23,3844.820068359375,132.76449584960938,20.8700008392334,4.34,1.55,28.32
2022-12-27,3829.25,132.84909057617188,21.649999618530273,4.34,1.58,28.32
2022-12-28,3783.219970703125,130.94161987304688,22.139999389648438,4.34,1.6,28.32
2022-12-29,3849.280029296875,133.27195739746094,21.440000534057617,4.34,1.56,28.32
2022-12-30,3839.5,132.72694396972656,21.670000076293945,4.34,1.58,28.32
2023-01-03,3824.139892578125,132.60479736328125,22.899999618530273,4.34,1.53,28.34
2023-01-04,3852.969970703125,134.67202758789062,22.010000228881836,4.34,1.47,28.34
2023-01-05,3808.10009765625,133.27195739746094,22.459999084472656,4.34,1.49,28.34
2023-01-06,3895.080078125,136.466796875,21.1299991607666,4.34,1.34,28.34
2023-01-09,3892.090087890625,136.52317810058594,21.969999313354492,4.34,1.31,28.34
2023-01-10,3919.25,137.5474395751953,20.579999923706055,4.34,1.37,28.34
2023-01-11,3969.610107421875,139.22000122070312,21.09000015258789,4.34,1.31,28.34
2023-01-12,3983.169921875,139.7462158203125,18.829999923706055,4.34,1.22,28.34
2023-01-13,3999.090087890625,140.0751190185547,18.350000381469727,4.34,1.31,28.34
2023-01-17,3990.969970703125,139.76499938964844,19.360000610351562,4.34,1.36,28.34
2023-01-18,3928.860107421875,137.6132049560547,20.34000015258789,4.34,1.25,28.34
2023-01-19,3898.85009765625,136.19430541992188,20.520000457763672,4.34,1.19,28.34
2023-01-20,3972.610107421875,138.56227111816406,19.850000381469727,4.34,1.25,28.34
2023-01-23,4019.81005859375,140.31942749023438,19.809999465942383,4.34,1.24,28.34
2023-01-24,4016.949951171875,139.9905242919922,19.200000762939453,4.34,1.19,28.34
2023-01-25,4016.219970703125,140.31002807617188,19.079999923706055,4.34,1.17,28.34
2023-01-26,4060.429931640625,141.4376220703125,18.729999542236328,4.34,1.16,28.34
2023-01-27,4070.56005859375,141.70071411132812,18.510000228881836,4.34,1.19,28.34
2023-01-30,4017.77001953125,140.19723510742188,19.940000534057617,4.34,1.26,28.34
2023-01-31,4076.60009765625,142.5745849609375,19.399999618530273,4.34,1.28,28.34
2023-02-01,4119.2099609375,144.0310821533203,17.8700008392334,4.34,1.14,28.92
2023-02-02,4179.759765625,145.60968017578125,18.729999542236328,4.34,1.18,28.92
2023-02-03,4136.47998046875,143.8243865966797,18.329999923706055,4.34,1.31,28.92
2023-02-06,4111.080078125,142.80950927734375,19.43000030517578,4.34,1.38,28.92
2023-02-07,4164.0,144.14378356933594,18.65999984741211,4.34,1.36,28.92
2023-02-08,4117.85986328125,142.72494506835938,19.6299991607666,4.34,1.29,28.92
2023-02-09,4081.5,141.4188232421875,20.709999084472656,4.34,1.34,28.92
2023-02-10,4090.4599609375,141.85105895996094,20.530000686645508,4.34,1.41,28.92
2023-02-13,4137.2900390625,143.43905639648438,20.34000015258789,4.34,1.41,28.92
2023-02-14,4136.1298828125,143.16656494140625,18.90999984741211,4.34,1.46,28.92
2023-02-15,4147.60009765625,143.8431396484375,18.229999542236328,4.34,1.46,28.92
2023-02-16,4090.409912109375,142.217529296875,20.170000076293945,4.34,1.49,28.92
2023-02-17,4079.090087890625,141.91685485839844,20.020000457763672,4.34,1.46,28.92
2023-02-21,3997.340087890625,138.83473205566406,22.8700008392334,4.34,1.53,28.92
2023-02-22,3991.050048828125,138.66561889648438,22.290000915527344,4.34,1.52,28.92
2023-02-23,4012.320068359375,139.18238830566406,21.139999389648438,4.34,1.49,28.92
2023-02-24,3970.0400390625,137.9890899658203,21.670000076293945,4.34,1.57,28.92
2023-02-27,3982.239990234375,138.15818786621094,20.950000762939453,4.34,1.56,28.92
2023-02-28,3970.14990234375,137.75413513183594,20.700000762939453,4.34,1.49,28.92
2023-03-01,3951.389892578125,137.5004425048828,20.579999923706055,4.34,1.57,27.94
2023-03-02,3981.35009765625,138.58102416992188,19.59000015258789,4.34,1.6,27.94
2023-03-03,4045.639892578125,140.52613830566406,18.489999771118164,4.34,1.45,27.94
2023-03-06,4048.419921875,139.849609375,18.610000610351562,4.34,1.49,27.94
2023-03-07,3986.3701171875,137.59439086914062,19.59000015258789,4.34,1.59,27.94
2023-03-08,3992.010009765625,137.8856964111328,19.110000610351562,4.34,1.66,27.94
2023-03-09,3918.320068359375,134.84117126464844,22.610000610351562,4.34,1.63,27.94
2023-03-10,3861.590087890625,131.99404907226562,24.799999237060547,4.34,1.44,27.94
2023-03-13,3855.760009765625,130.37783813476562,26.520000457763672,4.34,1.31,27.94
2023-03-14,3919.2900390625,132.2101593017578,23.729999542236328,4.34,1.33,27.94
2023-03-15,3891.929931640625,130.3590087890625,26.139999389648438,4.34,1.22,27.94
2023-03-16,3960.280029296875,131.92822265625,22.989999771118164,4.34,1.34,27.94
2023-03-17,3916.639892578125,129.7012481689453,25.510000228881836,4.34,1.29,27.94
2023-03-20,3951.570068359375,131.3831787109375,24.149999618530273,4.34,1.33,27.94
2023-03-21,4002.8701171875,133.13973999023438,21.3799991607666,4.34,1.36,27.94
2023-03-22,3936.969970703125,130.1460418701172,22.260000228881836,4.34,1.2,27.94
2023-03-23,3948.719970703125,129.71165466308594,22.610000610351562,4.34,1.19,27.94
2023-03-24,3970.989990234375,130.81655883789062,21.739999771118164,4.34,1.16,27.94
2023-03-27,3977.530029296875,131.68540954589844,20.600000381469727,4.34,1.29,27.94
2023-03-28,3971.27001953125,131.94984436035156,19.969999313354492,4.34,1.24,27.94
2023-03-29,4027.81005859375,133.9330291748047,19.1200008392334,4.34,1.24,27.94
2023-03-30,4050.830078125,134.59414672851562,19.020000457763672,4.34,1.21,27.94
2023-03-31,4109.31005859375,136.57733154296875,18.700000762939453,4.34,1.16,27.94
2023-04-03,4124.509765625,136.69064331054688,18.549999237060547,4.34,1.14,28.77
2023-04-04,4100.60009765625,135.32131958007812,19.0,4.34,1.1,28.77
2023-04-05,4090.3798828125,135.03797912597656,19.079999923706055,4.34,1.07,28.77
2023-04-06,4105.02001953125,135.13243103027344,18.399999618530273,4.34,1.06,28.77
2023-04-10,4109.10986328125,135.95407104492188,18.969999313354492,4.34,1.14,28.77
2023-04-11,4108.93994140625,136.8417510986328,19.100000381469727,4.34,1.14,28.77
2023-04-12,4091.949951171875,136.1806640625,19.09000015258789,4.34,1.14,28.77
2023-04-13,4146.22021484375,137.22898864746094,17.799999237060547,4.34,1.16,28.77
2023-04-14,4137.64013671875,136.60568237304688,17.06999969482422,4.34,1.22,28.77
2023-04-17,4151.31982421875,137.53114318847656,16.950000762939453,4.34,1.28,28.77
2023-04-18,4154.8701171875,137.54061889648438,16.829999923706055,4.34,1.3,28.77
2023-04-19,4154.52001953125,137.578369140625,16.459999084472656,4.34,1.32,28.77
2023-04-20,4129.7900390625,136.82284545898438,17.170000076293945,4.34,1.28,28.77
2023-04-21,4133.52001953125,136.86062622070312,16.770000457763672,4.34,1.29,28.77
2023-04-24,4137.0400390625,137.11561584472656,16.889999389648438,4.34,1.24,28.77
2023-04-25,4071.6298828125,134.78302001953125,18.760000228881836,4.34,1.15,28.77
2023-04-26,4055.989990234375,133.37586975097656,18.84000015258789,4.34,1.18,28.77
2023-04-27,4135.35009765625,135.5668487548828,17.030000686645508,4.34,1.26,28.77
2023-04-28,4169.47998046875,137.0684051513672,15.779999732971191,4.34,1.26,28.77
2023-05-01,4167.8701171875,136.9456329345703,16.079999923706055,4.34,1.36,28.76
2023-05-02,4119.580078125,134.8963165283203,17.780000686645508,4.34,1.24,28.76
2023-05-03,4090.75,134.11248779296875,18.34000015258789,4.34,1.18,28.76
2023-05-04,4061.219970703125,132.83755493164062,20.09000015258789,4.34,1.18,28.76
2023-05-05,4136.25,135.07579040527344,17.190000534057617,4.34,1.23,28.76
2023-05-08,4138.1201171875,134.8302459716797,16.979999542236328,4.34,1.29,28.76
2023-05-09,4119.169921875,134.32965087890625,17.709999084472656,4.34,1.3,28.76
2023-05-10,4137.64013671875,134.31077575683594,16.940000534057617,4.34,1.26,28.76
2023-05-11,4130.6201171875,133.64027404785156,16.93000030517578,4.34,1.23,28.76
2023-05-12,4124.080078125,133.6497344970703,17.030000686645508,4.34,1.28,28.76
2023-05-15,4136.27978515625,134.4052276611328,17.1200008392334,4.34,1.31,28.76
2023-05-16,4109.89990234375,132.5070037841797,17.989999771118164,4.34,1.35,28.76
2023-05-17,4158.77001953125,134.1880340576172,16.8700008392334,4.34,1.35,28.76
2023-05-18,4198.0498046875,135.27406311035156,16.049999237060547,4.34,1.42,28.76
2023-05-19,4191.97998046875,134.91522216796875,16.809999465942383,4.34,1.46,28.76
2023-05-22,4192.6298828125,135.1229705810547,17.209999084472656,4.34,1.48,28.76
2023-05-23,4145.580078125,133.6780548095703,18.530000686645508,4.34,1.44,28.76
2023-05-24,4115.240234375,132.2236785888672,20.030000686645508,4.34,1.48,28.76
2023-05-25,4151.27978515625,132.13870239257812,19.139999389648438,4.34,1.58,28.76
2023-05-26,4205.4501953125,133.24365234375,17.950000762939453,4.34,1.57,28.76
2023-05-30,4205.52001953125,133.00755310058594,17.459999084472656,4.34,1.47,28.76
2023-05-31,4179.830078125,131.845947265625,17.940000534057617,4.34,1.46,28.76
2023-06-01,4221.02001953125,132.83755493164062,15.649999618530273,4.34,1.45,29.94
2023-06-02,4282.3701171875,135.73683166503906,14.600000381469727,4.34,1.51,29.94
2023-06-05,4273.7900390625,135.27406311035156,14.729999542236328,4.34,1.5,29.94
2023-06-06,4283.85009765625,136.19015502929688,13.960000038146973,4.34,1.5,29.94
2023-06-07,4267.52001953125,137.19117736816406,13.9399995803833,4.34,1.58,29.94
2023-06-08,4293.93017578125,137.2478485107422,13.649999618530273,4.34,1.53,29.94
2023-06-09,4298.85986328125,137.0873260498047,13.829999923706055,4.34,1.55,29.94
2023-06-12,4338.93017578125,137.99391174316406,15.010000228881836,4.34,1.56,29.94
2023-06-13,4369.009765625,139.32550048828125,14.609999656677246,4.34,1.64,29.94
2023-06-14,4372.58984375,139.0610809326172,13.880000114440918,4.34,1.62,29.94
2023-06-15,4425.83984375,140.66653442382812,14.5,4.34,1.51,29.94
2023-06-16,4409.58984375,140.55319213867188,13.539999961853027,4.34,1.55,29.94
2023-06-20,4388.7099609375,139.27467346191406,13.880000114440918,4.34,1.52,29.94
2023-06-21,4365.68994140625,139.07546997070312,13.199999809265137,4.34,1.51,29.94
2023-06-22,4381.89013671875,138.50640869140625,12.90999984741211,4.34,1.56,29.94
2023-06-23,4348.330078125,137.31130981445312,13.4399995803833,4.34,1.53,29.94
2023-06-26,4328.81982421875,138.14596557617188,14.25,4.34,1.54,29.94
2023-06-27,4378.41015625,139.8342742919922,13.739999771118164,4.34,1.57,29.94
2023-06-28,4376.85986328125,139.59713745117188,13.430000305175781,4.34,1.53,29.94
2023-06-29,4396.43994140625,140.68789672851562,13.539999961853027,4.34,1.65,29.94
2023-06-30,4450.3798828125,141.93038940429688,13.59000015258789,4.34,1.59,29.94
2023-07-03,4455.58984375,142.2813262939453,13.569999694824219,4.34,1.61,30.89
2023-07-05,4446.81982421875,141.67430114746094,14.180000305175781,4.34,1.69,30.89
2023-07-06,4411.58984375,140.51715087890625,15.4399995803833,4.34,1.78,30.89
2023-07-07,4398.9501953125,140.8681182861328,14.829999923706055,4.34,1.79,30.89
2023-07-10,4409.52978515625,142.1295928955078,15.069999694824219,4.34,1.76,30.89
2023-07-11,4439.259765625,143.7324981689453,14.84000015258789,4.34,1.75,30.89
2023-07-12,4472.16015625,144.39646911621094,13.539999961853027,4.34,1.6,30.89
2023-07-13,4510.0400390625,145.07936096191406,13.609999656677246,4.34,1.52,30.89
2023-07-14,4505.419921875,144.2257537841797,13.34000015258789,4.34,1.59,30.89
2023-07-17,4522.7900390625,144.50079345703125,13.479999542236328,4.34,1.56,30.89
2023-07-18,4554.97998046875,145.39234924316406,13.300000190734863,4.34,1.57,30.89
2023-07-19,4565.72021484375,146.1132049560547,13.760000228881836,4.34,1.53,30.89
2023-07-20,4534.8701171875,145.96145629882812,13.989999771118164,4.34,1.5,30.89
2023-07-21,4536.33984375,146.1701202392578,13.600000381469727,4.34,1.49,30.89
2023-07-24,4554.64013671875,146.57794189453125,13.90999984741211,4.34,1.48,30.89
2023-07-25,4567.4599609375,146.6822509765625,13.859999656677246,4.34,1.52,30.89
2023-07-26,4566.75,147.01426696777344,13.1899995803833,4.34,1.5,30.89
2023-07-27,4537.41015625,145.72433471679688,14.40999984741211,4.34,1.64,30.89
2023-07-28,4582.22998046875,146.44515991210938,13.329999923706055,4.34,1.58,30.89
2023-07-31,4588.9599609375,146.9004364013672,13.630000114440918,4.34,1.6,30.89
2023-08-01,4576.72998046875,146.30288696289062,13.930000305175781,4.34,1.68,30.09
2023-08-02,4513.39013671875,144.90859985351562,16.09000015258789,4.34,1.72,30.09
2023-08-03,4501.89013671875,144.1877899169922,15.920000076293945,4.34,1.83,30.09
2023-08-04,4478.02978515625,143.54281616210938,17.100000381469727,4.34,1.67,30.09
2023-08-07,4518.43994140625,144.75685119628906,15.770000457763672,4.34,1.68,30.09
2023-08-08,4499.3798828125,144.0360107421875,15.989999771118164,4.34,1.66,30.09
2023-08-09,4467.7099609375,143.61868286132812,15.960000038146973,4.34,1.66,30.09
2023-08-10,4468.830078125,143.44796752929688,15.850000381469727,4.34,1.76,30.09
2023-08-11,4464.0498046875,143.4763946533203,14.84000015258789,4.34,1.8,30.09
2023-08-14,4489.72021484375,143.44796752929688,14.819999694824219,4.34,1.83,30.09
2023-08-15,4437.85986328125,141.5604705810547,16.459999084472656,4.34,1.89,30.09
2023-08-16,4404.330078125,140.5266571044922,16.780000686645508,4.34,1.96,30.09
2023-08-17,4370.35986328125,139.4453582763672,17.889999389648438,4.34,1.97,30.09
2023-08-18,4369.7099609375,139.69200134277344,17.299999237060547,4.34,1.94,30.09
2023-08-21,4399.77001953125,139.66351318359375,17.1299991607666,4.34,2.0,30.09
2023-08-22,4387.5498046875,139.1134033203125,16.969999313354492,4.34,1.99,30.09
2023-08-23,4436.009765625,140.27052307128906,15.979999542236328,4.34,1.84,30.09
2023-08-24,4376.31005859375,138.92372131347656,17.200000762939453,4.34,1.91,30.09
2023-08-25,4405.7099609375,139.6255645751953,15.680000305175781,4.34,1.92,30.09
2023-08-28,4433.31005859375,140.66891479492188,15.079999923706055,4.34,1.9,30.09
2023-08-29,4497.6298828125,142.25286865234375,14.449999809265137,4.34,1.83,30.09
2023-08-30,4514.8701171875,142.69866943359375,13.880000114440918,4.34,1.86,30.09
2023-08-31,4507.66015625,142.19595336914062,13.569999694824219,4.34,1.85,30.09
2023-09-01,4515.77001953125,142.7840118408203,13.09000015258789,4.34,1.92,29.8
2023-09-05,4496.830078125,141.0198516845703,14.010000228881836,4.34,1.98,29.8
2023-09-06,4465.47998046875,140.5361328125,14.449999809265137,4.34,2.0,29.8
2023-09-07,4451.14013671875,139.97654724121094,14.399999618530273,4.34,1.95,29.8
2023-09-08,4457.490234375,140.04295349121094,13.84000015258789,4.34,1.93,29.8
2023-09-11,4487.4599609375,140.27052307128906,13.800000190734863,4.34,1.94,29.8
2023-09-12,4461.89990234375,140.09031677246094,14.229999542236328,4.34,1.93,29.8
2023-09-13,4467.43994140625,139.53077697753906,13.479999542236328,4.34,1.9,29.8
2023-09-14,4505.10009765625,141.1621551513672,12.819999694824219,4.34,1.95,29.8
2023-09-15,4450.31982421875,139.97654724121094,13.789999961853027,4.34,1.98,29.8
2023-09-18,4453.52978515625,139.64120483398438,14.0,4.34,1.96,29.8
2023-09-19,4443.9501953125,139.41261291503906,14.109999656677246,4.34,2.0,29.8
2023-09-20,4402.2001953125,138.7743377685547,15.140000343322754,4.34,2.0,29.8
2023-09-21,4330.0,136.4690704345703,17.540000915527344,4.34,2.11,29.8
2023-09-22,4320.06005859375,135.9261016845703,17.200000762939453,4.34,2.07,29.8
2023-09-25,4337.43994140625,136.26904296875,16.899999618530273,4.34,2.18,29.8
2023-09-26,4273.52978515625,134.3543243408203,18.940000534057617,4.34,2.23,29.8
2023-09-27,4274.509765625,134.4019317626953,18.219999313354492,4.34,2.27,29.8
2023-09-28,4299.7001953125,135.3354949951172,17.34000015258789,4.34,2.2,29.8
2023-09-29,4288.0498046875,134.97348022460938,17.520000457763672,4.34,2.24,29.8
2023-10-02,4288.39013671875,133.44935607910156,17.610000610351562,4.34,2.34,28.7
2023-10-03,4229.4501953125,131.8489532470703,19.780000686645508,4.34,2.45,28.7
2023-10-04,4263.75,132.60150146484375,18.579999923706055,4.34,2.4,28.7
2023-10-05,4258.18994140625,132.2205047607422,18.489999771118164,4.34,2.41,28.7
2023-10-06,4308.5,133.36358642578125,17.450000762939453,4.34,2.47,28.7
2023-10-09,4335.66015625,134.31622314453125,17.700000762939453,4.34,2.47,28.7
2023-10-10,4358.240234375,135.3450164794922,17.030000686645508,4.26,2.34,28.7
2023-10-11,4376.9501953125,135.6307830810547,16.09000015258789,4.25,2.26,28.7
2023-10-12,4349.60986328125,133.93516540527344,16.690000534057617,4.25,2.36,28.7
2023-10-13,4327.77978515625,133.6398468017578,19.31999969482422,4.3,2.29,28.7
2023-10-16,4373.6298828125,135.30691528320312,17.209999084472656,4.27,2.33,28.7
2023-10-17,4373.2001953125,135.97372436523438,17.8799991607666,4.25,2.42,28.7
2023-10-18,4314.60009765625,133.8208465576172,19.219999313354492,4.32,2.47,28.7
2023-10-19,4278.0,132.163330078125,21.399999618530273,4.37,2.49,28.7
2023-10-20,4224.16015625,130.5153045654297,21.709999084472656,4.52,2.46,28.7
2023-10-23,4217.0400390625,129.68658447265625,20.3700008392334,4.51,2.45,28.7
2023-10-24,4247.68017578125,130.5153045654297,18.969999313354492,4.41,2.43,28.7
2023-10-25,4186.77001953125,129.07691955566406,20.190000534057617,4.37,2.52,28.7
2023-10-26,4137.22998046875,128.8101806640625,20.68000030517578,4.5,2.44,28.7
2023-10-27,4117.3701171875,127.32415008544922,21.270000457763672,4.53,2.42,28.7
2023-10-30,4166.81982421875,128.32437133789062,19.75,4.5,2.44,28.7
2023-10-31,4193.7998046875,129.39129638671875,18.139999389648438,4.42,2.46,28.7
2023-11-01,4237.85986328125,129.82945251464844,16.8700008392334,4.47,2.36,30.01
2023-11-02,4317.77978515625,132.70631408691406,15.65999984741211,4.15,2.27,30.01
2023-11-03,4358.33984375,134.8782501220703,14.90999984741211,4.04,2.18,30.01
2023-11-06,4365.97998046875,134.17332458496094,14.890000343322754,4.0,2.25,30.01
2023-11-07,4378.3798828125,133.88751220703125,14.8100004196167,4.08,2.19,30.01
2023-11-08,4382.77978515625,133.66844177246094,14.449999809265137,4.08,2.15,30.01
2023-11-09,4347.35009765625,132.5348358154297,15.289999961853027,4.04,2.29,30.01
2023-11-10,4415.240234375,134.0875701904297,14.170000076293945,4.03,2.29,30.01
2023-11-13,4411.5498046875,133.91610717773438,14.760000228881836,4.03,2.32,30.01
2023-11-14,4495.7001953125,137.7360076904297,14.15999984741211,3.92,2.16,30.01
2023-11-15,4502.8798828125,138.3837890625,14.180000305175781,3.89,2.22,30.01
2023-11-16,4508.240234375,137.92654418945312,14.319999694824219,4.02,2.18,30.01
2023-11-17,4514.02001953125,138.59336853027344,13.800000190734863,3.99,2.16,30.01
2023-11-20,4547.3798828125,139.14584350585938,13.40999984741211,3.92,2.12,30.01
2023-11-21,4538.18994140625,138.888671875,13.350000381469727,3.95,2.16,30.01
2023-11-22,4556.6201171875,139.53640747070312,12.850000381469727,3.9,2.16,30.01
2023-11-24,4559.33984375,139.94606018066406,12.460000038146973,3.85,2.21,30.01
2023-11-27,4550.43017578125,139.6602783203125,12.6899995803833,3.89,2.18,30.01
2023-11-28,4554.89013671875,139.52691650390625,12.6899995803833,3.9,2.12,30.01
2023-11-29,4550.580078125,140.07943725585938,12.979999542236328,3.8,2.06,30.01
2023-11-30,4567.7998046875,141.27017211914062,12.920000076293945,3.84,2.14,30.01
2023-12-01,4594.6298828125,143.39447021484375,12.630000114440918,3.87,2.0,31.45
2023-12-04,4569.77978515625,143.46112060546875,13.079999923706055,3.8,2.07,31.45
2023-12-05,4567.18017578125,142.18463134765625,12.850000381469727,3.8,2.01,31.45
2023-12-06,4549.33984375,142.23226928710938,12.970000267028809,3.79,1.98,31.45
2023-12-07,4585.58984375,142.98483276367188,13.0600004196167,3.77,1.97,31.45
2023-12-08,4604.3701171875,143.43255615234375,12.350000381469727,3.75,2.02,31.45
2023-12-11,4622.43994140625,144.7090606689453,12.630000114440918,3.79,2.04,31.45
2023-12-12,4643.7001953125,144.96620178222656,12.069999694824219,3.76,2.04,31.45
2023-12-13,4707.08984375,148.04312133789062,12.1899995803833,3.79,1.88,31.45
2023-12-14,4719.5498046875,150.0626220703125,12.479999542236328,3.47,1.7,31.45
2023-12-15,4719.18994140625,148.99574279785156,12.279999732971191,3.51,1.69,31.45
2023-12-18,4740.56005859375,149.0616912841797,12.5600004196167,3.51,1.74,31.45
2023-12-19,4768.3701171875,150.31451416015625,12.529999732971191,3.46,1.74,31.45
2023-12-20,4698.35009765625,147.8280487060547,13.670000076293945,3.43,1.67,31.45
2023-12-21,4746.75,149.64503479003906,13.649999618530273,3.41,1.7,31.45
2023-12-22,4754.6298828125,150.1519012451172,13.029999732971191,3.39,1.71,31.45
2023-12-26,4774.75,151.01260375976562,12.989999771118164,3.37,1.71,31.45
2023-12-27,4781.580078125,151.1560516357422,12.430000305175781,3.34,1.64,31.45
2023-12-28,4783.35009765625,151.49075317382812,12.470000267028809,3.32,1.68,31.45
2023-12-29,4769.830078125,150.9073944091797,12.449999809265137,3.34,1.72,31.45
2024-01-02,4742.830078125,150.9552459716797,13.199999809265137,3.54,1.74,31.97
2024-01-03,4704.81005859375,148.72698974609375,14.039999961853027,3.71,1.71,31.97
2024-01-04,4688.68017578125,148.4783477783203,14.130000114440918,3.69,1.77,31.97
2024-01-05,4697.240234375,148.90869140625,13.350000381469727,3.68,1.83,31.97
2024-01-08,4763.5400390625,150.5057373046875,13.079999923706055,3.63,1.79,31.97
2024-01-09,4756.5,149.74069213867188,12.760000228881836,3.59,1.8,31.97
2024-01-10,4783.4501953125,149.99888610839844,12.6899995803833,3.5,1.82,31.97
2024-01-11,4780.240234375,149.5685272216797,12.4399995803833,3.55,1.76,31.97
2024-01-12,4783.830078125,149.23382568359375,12.699999809265137,3.56,1.69,31.97
2024-01-16,4765.97998046875,148.28709411621094,13.84000015258789,3.58,1.77,31.97
2024-01-17,4739.2099609375,147.12034606933594,14.789999961853027,3.62,1.8,31.97
2024-01-18,4780.93994140625,147.8758544921875,14.130000114440918,3.58,1.8,31.97
2024-01-19,4839.81005859375,149.01390075683594,13.300000190734863,3.54,1.81,31.97
2024-01-22,4850.43017578125,149.79808044433594,13.1899995803833,3.49,1.8,31.97
2024-01-23,4864.60009765625,149.87454223632812,12.550000190734863,3.51,1.85,31.97
2024-01-24,4868.5498046875,149.09996032714844,13.140000343322754,3.44,1.88,31.97
2024-01-25,4894.16015625,150.60137939453125,13.449999809265137,3.45,1.85,31.97
2024-01-26,4890.97021484375,150.62051391601562,13.260000228881836,3.39,1.85,31.97
2024-01-29,4927.93017578125,151.53858947753906,13.600000381469727,3.41,1.78,31.97
2024-01-30,4924.97021484375,151.56724548339844,13.3100004196167,3.42,1.8,31.97
2024-01-31,4845.64990234375,149.6259307861328,14.350000381469727,3.59,1.73,31.97
2024-02-01,4906.18994140625,151.36642456054688,13.880000114440918,3.56,1.68,33.04
2024-02-02,4958.60986328125,151.23257446289062,13.850000381469727,3.47,1.82,33.04
2024-02-05,4942.81005859375,149.9319610595703,13.670000076293945,3.5,1.9,33.04
2024-02-06,4954.22998046875,150.87872314453125,13.0600004196167,3.52,1.85,33.04
2024-02-07,4995.06005859375,151.47161865234375,12.829999923706055,3.43,1.86,33.04
2024-02-08,4997.91015625,151.80636596679688,12.789999961853027,3.38,1.91,33.04
2024-02-09,5026.60986328125,151.988037109375,12.930000305175781,3.33,1.92,33.04
2024-02-12,5021.83984375,153.02085876464844,13.930000305175781,3.35,1.93,33.04
2024-02-13,4953.169921875,150.47708129882812,15.850000381469727,3.36,2.02,33.04
2024-02-14,5000.6201171875,151.85414123535156,14.380000114440918,3.38,1.97,33.04
2024-02-15,5029.72998046875,153.73809814453125,14.010000228881836,3.35,1.94,33.04
2024-02-16,5005.56982421875,153.0399627685547,14.239999771118164,3.34,1.97,33.04
2024-02-20,4975.509765625,152.6861572265625,15.420000076293945,3.37,1.95,33.04
2024-02-21,4981.7998046875,152.9921875,15.34000015258789,3.34,1.98,33.04
2024-02-22,5087.02978515625,154.5127410888672,14.539999961853027,3.22,2.02,33.04
2024-02-23,5088.7998046875,154.92396545410156,13.75,3.23,1.96,33.04
2024-02-26,5069.52978515625,154.30233764648438,13.739999771118164,3.23,1.97,33.04
2024-02-27,5078.18017578125,154.9813232421875,13.430000305175781,3.26,1.99,33.04
2024-02-28,5069.759765625,155.03871154785156,13.84000015258789,3.31,1.94,33.04
2024-02-29,5096.27001953125,155.679443359375,13.399999618530273,3.29,1.92,33.04
2024-03-01,5137.080078125,156.76966857910156,13.109999656677246,3.32,1.87,33.76
2024-03-04,5130.9501953125,157.0565185546875,13.489999771118164,3.26,1.88,33.76
2024-03-05,5078.64990234375,156.33929443359375,14.460000038146973,3.31,1.81,33.76
2024-03-06,5104.759765625,157.22866821289062,14.5,3.27,1.81,33.76
2024-03-07,5157.35986328125,158.46234130859375,14.4399995803833,3.27,1.81,33.76
2024-03-08,5123.68994140625,158.28062438964844,14.739999771118164,3.26,1.81,33.76
2024-03-11,5117.93994140625,158.4814453125,15.220000267028809,3.26,1.83,33.76
2024-03-12,5175.27001953125,158.89266967773438,13.84000015258789,3.2,1.86,33.76
2024-03-13,5165.31005859375,158.9691925048828,13.75,3.15,1.89,33.76
2024-03-14,5150.47998046875,157.54429626464844,14.399999618530273,3.15,1.99,33.76
2024-03-15,5117.08984375,157.2382354736328,14.40999984741211,3.16,1.99,33.76
2024-03-18,5149.419921875,157.67037963867188,14.329999923706055,3.13,2.03,33.76
2024-03-19,5178.509765625,158.6114501953125,13.819999694824219,3.1,2.0,33.76
2024-03-20,5224.6201171875,159.96546936035156,13.039999961853027,3.14,1.96,33.76
2024-03-21,5241.52978515625,161.06019592285156,12.920000076293945,3.05,1.93,33.76
2024-03-22,5234.18017578125,160.02308654785156,13.0600004196167,3.08,1.87,33.76
2024-03-25,5218.18994140625,159.67738342285156,13.1899995803833,3.11,1.92,33.76
2024-03-26,5203.580078125,159.5237274169922,13.239999771118164,3.15,1.92,33.76
2024-03-27,5248.490234375,162.078125,12.779999732971191,3.15,1.88,33.76
2024-03-28,5254.35009765625,162.64468383789062,13.010000228881836,3.12,1.88,33.76
2024-04-01,5243.77001953125,161.68441772460938,13.649999618530273,3.12,1.98,33.03
2024-04-02,5205.81005859375,160.29197692871094,14.609999656677246,3.23,2.0,33.03
2024-04-03,5211.490234375,160.46484375,14.329999923706055,3.23,2.0,33.03
2024-04-04,5147.2099609375,158.83230590820312,16.350000381469727,3.24,1.97,33.03
2024-04-05,5204.33984375,159.7830352783203,16.030000686645508,3.18,2.02,33.03
2024-04-08,5202.39013671875,160.27276611328125,15.1899995803833,3.15,2.04,33.03
2024-04-09,5209.91015625,160.90655517578125,14.979999542236328,3.14,2.0,33.03
2024-04-10,5160.64013671875,158.1697540283203,15.800000190734863,3.1,2.15,33.03
2024-04-11,5199.06005859375,158.05447387695312,14.90999984741211,3.16,2.16,33.03
2024-04-12,5123.41015625,155.5481414794922,17.309999465942383,3.25,2.11,33.03
2024-04-15,5061.81982421875,154.20370483398438,19.229999542236328,3.28,2.2,33.03
2024-04-16,5051.41015625,153.3490753173828,18.399999618530273,3.36,2.24,33.03
2024-04-17,5022.2099609375,153.03216552734375,18.209999084472656,3.42,2.2,33.03
2024-04-18,5011.1201171875,152.8881378173828,18.0,3.39,2.24,33.03
2024-04-19,4967.22998046875,153.46429443359375,18.709999084472656,3.37,2.21,33.03
2024-04-22,5010.60009765625,154.63584899902344,16.940000534057617,3.29,2.21,33.03
2024-04-23,5070.5498046875,156.0090789794922,15.6899995803833,3.2,2.2,33.03
2024-04-24,5071.6298828125,156.22998046875,15.970000267028809,3.19,2.24,33.03
2024-04-25,5048.419921875,155.90342712402344,15.369999885559082,3.24,2.28,33.03
2024-04-26,5099.9599609375,155.98025512695312,15.029999732971191,3.16,2.24,33.03
2024-04-29,5116.169921875,157.06539916992188,14.670000076293945,3.12,2.22,33.03
2024-04-30,5035.68994140625,154.79910278320312,15.649999618530273,3.18,2.28,33.03
2024-05-01,5018.39013671875,154.27093505859375,15.390000343322754,3.21,2.25,33.78
2024-05-02,5064.2001953125,155.2216339111328,14.680000305175781,3.16,2.21,33.78
2024-05-03,5127.7900390625,156.32594299316406,13.489999771118164,3.08,2.15,33.78
2024-05-06,5180.740234375,157.52633666992188,13.489999771118164,3.03,2.14,33.78
2024-05-07,5187.7001953125,157.9680633544922,13.229999542236328,3.06,2.15,33.78
2024-05-08,5187.669921875,157.92965698242188,13.0,3.1,2.17,33.78
2024-05-09,5214.080078125,159.2548370361328,12.6899995803833,3.14,2.13,33.78
2024-05-10,5222.68017578125,159.51416015625,12.550000190734863,3.12,2.16,33.78
2024-05-13,5221.419921875,159.4757537841797,13.600000381469727,3.14,2.15,33.78
2024-05-14,5246.68017578125,160.10952758789062,13.420000076293945,3.14,2.12,33.78
2024-05-15,5308.14990234375,161.38670349121094,12.449999809265137,3.13,2.05,33.78
2024-05-16,5297.10009765625,161.12744140625,12.420000076293945,3.08,2.07,33.78
2024-05-17,5303.27001953125,161.36749267578125,11.989999771118164,3.09,2.1,33.78
2024-05-20,5308.1298828125,161.23304748535156,12.149999618530273,3.07,2.11,33.78
2024-05-21,5321.41015625,161.16586303710938,11.859999656677246,3.07,2.09,33.78
2024-05-22,5307.009765625,160.55126953125,12.289999961853027,3.11,2.1,33.78
2024-05-23,5267.83984375,158.30418395996094,12.770000457763672,3.1,2.17,33.78
2024-05-24,5304.72021484375,159.35089111328125,11.930000305175781,3.11,2.14,33.78
2024-05-28,5306.0400390625,158.24655151367188,12.920000076293945,3.09,2.2,33.78
2024-05-29,5266.9501953125,156.3931884765625,14.279999732971191,3.15,2.25,33.78
2024-05-30,5235.47998046875,157.1134033203125,14.470000267028809,3.19,2.19,33.78
2024-05-31,5277.509765625,159.19725036621094,12.920000076293945,3.2,2.16,33.78
2024-06-03,5283.39990234375,158.35215759277344,13.109999656677246,3.17,2.08,34.81
2024-06-04,5291.33984375,157.8720245361328,13.15999984741211,3.22,2.02,34.81
2024-06-05,5354.02978515625,158.83230590820312,12.630000114440918,3.2,1.99,34.81
2024-06-06,5352.9599609375,158.5250244140625,12.579999923706055,3.2,2.0,34.81
2024-06-07,5346.990234375,158.0256805419922,12.220000267028809,3.15,2.13,34.81
2024-06-10,5360.7900390625,158.44821166992188,12.739999771118164,3.15,2.16,34.81
2024-06-11,5375.31982421875,157.79522705078125,12.850000381469727,3.19,2.12,34.81
2024-06-12,5421.02978515625,158.64027404785156,12.039999961853027,3.09,2.09,34.81
2024-06-13,5433.740234375,158.1889190673828,11.9399995803833,3.2,2.03,34.81
2024-06-14,5431.60009765625,157.18060302734375,12.65999984741211,3.29,2.03,34.81
2024-06-17,5473.22998046875,158.32337951660156,12.75,3.26,2.06,34.81
2024-06-18,5487.02978515625,158.7171173095703,12.300000190734863,3.24,2.01,34.81
2024-06-20,5473.169921875,158.8131103515625,13.279999732971191,3.23,2.0,34.81
2024-06-21,5464.6201171875,159.01480102539062,13.199999809265137,3.21,2.02,34.81
2024-06-24,5447.8701171875,159.77935791015625,13.329999923706055,3.19,2.03,34.81
2024-06-25,5469.2998046875,158.6802215576172,12.84000015258789,3.19,2.01,34.81
2024-06-26,5477.89990234375,158.08245849609375,12.550000190734863,3.18,2.06,34.81
2024-06-27,5482.8701171875,158.27529907226562,12.239999771118164,3.21,2.03,34.81
2024-06-28,5460.47998046875,158.39096069335938,12.4399995803833,3.18,2.08,34.81
2024-07-01,5475.08984375,157.10867309570312,12.220000267028809,3.21,2.16,35.48
2024-07-02,5509.009765625,157.81246948242188,12.029999732971191,3.23,2.13,35.48
2024-07-03,5537.02001953125,157.8800048828125,12.09000015258789,3.25,2.09,35.48
2024-07-05,5567.18994140625,157.81246948242188,12.479999542236328,3.27,2.0,35.48
2024-07-08,5572.85009765625,158.12103271484375,12.369999885559082,3.2,2.01,35.48
2024-07-09,5576.97998046875,157.85105895996094,12.510000228881836,3.21,2.04,35.48
2024-07-10,5633.91015625,159.15269470214844,12.850000381469727,3.17,2.01,35.48
2024-07-11,5584.5400390625,161.07135009765625,12.920000076293945,3.18,1.95,35.48
2024-07-12,5615.35009765625,162.48863220214844,12.460000038146973,3.19,1.94,35.48
2024-07-15,5631.22021484375,162.6718292236328,13.119999885559082,3.13,1.96,35.48
2024-07-16,5667.2001953125,165.55462646484375,13.1899995803833,3.08,1.91,35.48
2024-07-17,5588.27001953125,164.87973022460938,14.479999542236328,3.09,1.9,35.48
2024-07-18,5544.58984375,163.46241760253906,15.930000305175781,3.09,1.89,35.48
2024-07-19,5505.0,162.36328125,16.520000457763672,3.09,1.93,35.48
2024-07-22,5564.41015625,163.64559936523438,14.90999984741211,3.05,1.96,35.48
2024-07-23,5555.740234375,163.06710815429688,14.720000267028809,3.02,1.96,35.48
2024-07-24,5427.1298828125,161.1580810546875,18.040000915527344,3.1,2.0,35.48
2024-07-25,5399.22021484375,161.35096740722656,18.459999084472656,3.08,1.99,35.48
2024-07-26,5459.10009765625,163.65525817871094,16.389999389648438,3.1,1.93,35.48
2024-07-29,5463.5400390625,163.87701416015625,16.600000381469727,3.13,1.92,35.48
2024-07-30,5436.43994140625,164.66763305664062,17.690000534057617,3.2,1.9,35.48
2024-07-31,5522.2998046875,165.44857788085938,16.360000610351562,3.25,1.85,35.48
2024-08-01,5446.68017578125,163.60707092285156,18.59000015258789,3.35,1.79,35.08
2024-08-02,5346.56005859375,160.791748046875,23.389999389648438,3.72,1.76,35.08
2024-08-05,5186.330078125,156.99295043945312,38.56999969482422,3.93,1.71,35.08
2024-08-06,5240.02978515625,158.6031036376953,27.709999084472656,3.67,1.78,35.08
2024-08-07,5199.5,157.48468017578125,27.850000381469727,3.57,1.85,35.08
2024-08-08,5319.31005859375,160.3385772705078,23.790000915527344,3.48,1.87,35.08
2024-08-09,5344.16015625,160.676025390625,20.3700008392334,3.49,1.84,35.08
2024-08-12,5344.39013671875,159.90472412109375,20.709999084472656,3.52,1.79,35.08
2024-08-13,5434.43017578125,161.72694396972656,18.1200008392334,3.54,1.76,35.08
2024-08-14,5455.2099609375,162.0644073486328,16.190000534057617,3.46,1.77,35.08
2024-08-15,5543.22021484375,164.26266479492188,15.229999542236328,3.31,1.8,35.08
2024-08-16,5554.25,164.657958984375,14.800000190734863,3.29,1.81,35.08
2024-08-19,5608.25,165.911376953125,14.649999618530273,3.21,1.79,35.08
2024-08-20,5597.1201171875,165.2557373046875,15.880000114440918,3.25,1.75,35.08
2024-08-21,5620.85009765625,166.41273498535156,16.270000457763672,3.27,1.72,35.08
2024-08-22,5570.64013671875,165.94029235839844,17.549999237060547,3.21,1.76,35.08
2024-08-23,5634.60986328125,168.05177307128906,15.859999656677246,3.19,1.68,35.08
2024-08-26,5616.83984375,168.0228729248047,16.149999618530273,3.15,1.67,35.08
2024-08-27,5625.7998046875,168.09999084472656,15.430000305175781,3.17,1.68,35.08
2024-08-28,5592.18017578125,167.63719177246094,17.110000610351562,3.19,1.69,35.08
2024-08-29,5591.9599609375,168.263916015625,15.649999618530273,3.15,1.71,35.08
2024-08-30,5648.39990234375,169.56549072265625,15.0,3.13,1.76,35.08
2024-09-03,5528.93017578125,167.3865203857422,20.719999313354492,3.31,1.73,35.7
2024-09-04,5520.06982421875,167.14549255371094,21.31999969482422,3.35,1.7,35.7
2024-09-05,5503.41015625,166.12347412109375,19.899999618530273,3.29,1.7,35.7
2024-09-06,5408.419921875,164.3397979736328,22.3799991607666,3.39,1.69,35.7
2024-09-09,5471.0498046875,165.9306640625,19.450000762939453,3.36,1.66,35.7
2024-09-10,5495.52001953125,166.02708435058594,19.079999923706055,3.46,1.63,35.7
2024-09-11,5554.1298828125,166.10421752929688,17.690000534057617,3.44,1.61,35.7
2024-09-12,5595.759765625,167.13584899902344,17.06999969482422,3.39,1.63,35.7
2024-09-13,5626.02001953125,168.736328125,16.559999465942383,3.37,1.58,35.7
2024-09-16,5633.08984375,169.96078491210938,17.139999389648438,3.32,1.54,35.7
2024-09-17,5634.580078125,170.21145629882812,17.610000610351562,3.25,1.53,35.7
2024-09-18,5618.259765625,169.89334106445312,18.229999542236328,3.21,1.58,35.7
2024-09-19,5713.64013671875,171.7059326171875,16.329999923706055,3.1,1.56,35.7
2024-09-20,5702.5498046875,171.0792236328125,16.149999618530273,3.15,1.58,35.7
2024-09-23,5718.56982421875,171.95523071289062,15.890000343322754,3.15,1.58,35.7
2024-09-24,5732.93017578125,172.20687866210938,15.390000343322754,3.21,1.55,35.7
2024-09-25,5722.259765625,171.1421356201172,15.40999984741211,3.19,1.61,35.7
2024-09-26,5745.3701171875,172.57469177246094,15.369999885559082,3.14,1.63,35.7
2024-09-27,5738.169921875,173.19418334960938,16.959999084472656,3.14,1.6,35.7
2024-09-30,5762.47998046875,173.41680908203125,16.729999542236328,3.03,1.63,35.7
2024-10-01,5708.75,172.4972686767578,19.260000228881836,3.07,1.55,36.59
2024-10-02,5709.5400390625,172.3133544921875,18.899999618530273,3.06,1.58,36.59
2024-10-03,5699.93994140625,171.50025939941406,20.489999771118164,3.04,1.64,36.59
2024-10-04,5751.06982421875,172.84571838378906,19.209999084472656,2.89,1.75,36.59
2024-10-07,5695.93994140625,171.50025939941406,22.639999389648438,2.95,1.76,36.59
2024-10-08,5751.1298828125,171.9068145751953,21.420000076293945,2.99,1.77,36.59
2024-10-09,5792.0400390625,173.08770751953125,20.860000610351562,2.94,1.77,36.59
2024-10-10,5780.0498046875,172.43917846679688,20.93000030517578,2.99,1.76,36.59
2024-10-11,5815.02978515625,174.13308715820312,20.459999084472656,2.98,1.75,36.59
2024-10-14,5859.85009765625,175.4107666015625,19.700000762939453,2.97,1.75,36.59
2024-10-15,5815.259765625,174.61703491210938,20.639999389648438,2.93,1.75,36.59
2024-10-16,5842.47021484375,175.7979278564453,19.579999923706055,2.9,1.75,36.59
2024-10-17,5841.47021484375,175.51724243164062,19.110000610351562,2.89,1.79,36.59
2024-10-18,5864.669921875,176.0399169921875,18.030000686645508,2.88,1.77,36.59
2024-10-21,5853.97998046875,174.53964233398438,18.3700008392334,2.88,1.88,36.59
2024-10-22,5851.2001953125,173.755615234375,18.200000762939453,2.92,1.87,36.59
2024-10-23,5797.419921875,173.1844940185547,19.239999771118164,2.95,1.93,36.59
2024-10-24,5809.85986328125,173.22323608398438,19.079999923706055,2.93,1.91,36.59
2024-10-25,5808.1201171875,172.4004669189453,20.329999923706055,2.89,1.96,36.59
2024-10-28,5823.52001953125,173.37808227539062,19.799999237060547,2.82,1.99,36.59
2024-10-29,5832.919921875,172.8554229736328,19.34000015258789,2.85,1.98,36.59
2024-10-30,5813.669921875,172.47792053222656,20.350000381469727,2.8,1.95,36.59
2024-10-31,5705.4501953125,170.63880920410156,23.15999984741211,2.88,1.95,36.59
2024-11-01,5728.7998046875,170.74526977539062,21.8799991607666,2.83,2.04,37.36
2024-11-04,5712.68994140625,170.9485626220703,21.979999542236328,2.87,2.03,37.36
2024-11-05,5782.759765625,172.94252014160156,20.489999771118164,2.86,1.99,37.36
2024-11-06,5929.0400390625,177.0369110107422,16.270000457763672,2.74,2.04,37.36
2024-11-07,5973.10009765625,177.21116638183594,15.199999809265137,2.73,1.98,37.36
2024-11-08,5995.5400390625,178.19845581054688,14.9399995803833,2.63,1.95,37.36
2024-11-11,6001.35009765625,179.08897399902344,14.970000267028809,2.63,1.95,37.36
2024-11-12,5983.990234375,177.7241668701172,14.710000038146973,2.61,2.08,37.36
2024-11-13,5985.3798828125,177.82095336914062,14.020000457763672,2.64,2.09,37.36
2024-11-14,5949.169921875,176.3980712890625,14.3100004196167,2.6,2.1,37.36
2024-11-15,5870.6201171875,175.13975524902344,16.139999389648438,2.72,2.1,37.36
2024-11-18,5893.6201171875,175.84634399414062,15.579999923706055,2.72,2.08,37.36
2024-11-19,5916.97998046875,175.37205505371094,16.350000381469727,2.69,2.05,37.36
2024-11-20,5917.10986328125,175.96249389648438,17.15999984741211,2.67,2.06,37.36
2024-11-21,5948.7099609375,178.17909240722656,16.8700008392334,2.61,2.09,37.36
2024-11-22,5969.33984375,179.58262634277344,15.239999771118164,2.61,2.07,37.36
2024-11-25,5987.3701171875,181.20877075195312,14.600000381469727,2.64,1.98,37.36
2024-11-26,6021.6298828125,181.2281036376953,14.100000381469727,2.68,2.02,37.36
2024-11-27,5998.740234375,181.05384826660156,14.100000381469727,2.69,1.99,37.36
2024-11-29,6032.3798828125,181.60560607910156,13.510000228881836,2.72,1.92,37.36
2024-12-02,6047.14990234375,181.15066528320312,13.34000015258789,2.68,1.93,37.72
2024-12-03,6049.8798828125,180.3472900390625,13.300000190734863,2.66,1.95,37.72
2024-12-04,6086.490234375,180.35699462890625,13.449999809265137,2.66,1.9,37.72
2024-12-05,6075.10986328125,179.456787109375,13.539999961853027,2.66,1.92,37.72
2024-12-06,6090.27001953125,179.25352478027344,12.770000457763672,2.67,1.91,37.72
2024-12-09,6052.85009765625,178.51785278320312,14.1899995803833,2.67,1.93,37.72
2024-12-10,6034.91015625,177.42408752441406,14.180000305175781,2.67,1.93,37.72
2024-12-11,6084.18994140625,177.58865356445312,13.579999923706055,2.64,1.96,37.72
2024-12-12,6051.25,176.94012451171875,13.920000076293945,2.66,2.0,37.72
2024-12-13,6051.08984375,176.3206329345703,13.8100004196167,2.68,2.07,37.72
2024-12-16,6074.080078125,175.73985290527344,14.6899995803833,2.69,2.07,37.72
2024-12-17,6050.60986328125,174.355712890625,15.869999885559082,2.75,2.09,37.72
2024-12-18,5872.16015625,169.19656372070312,27.6200008392334,2.73,2.18,37.72
2024-12-19,5867.080078125,168.63516235351562,24.09000015258789,2.91,2.28,37.72
2024-12-20,5930.85009765625,170.99696350097656,18.360000610351562,2.86,2.23,37.72
2024-12-23,5974.06982421875,171.23008728027344,16.780000686645508,2.85,2.27,37.72
2024-12-24,6040.0400390625,172.52197265625,14.270000457763672,2.86,2.24,37.72
2024-12-26,6037.58984375,172.8036651611328,14.729999542236328,2.86,2.23,37.72
2024-12-27,5970.83984375,171.6283416748047,15.949999809265137,2.84,2.28,37.72
2024-12-30,5906.93994140625,169.8993377685547,17.399999618530273,2.94,2.24,37.72
2024-12-31,5881.6298828125,170.2101593017578,17.350000381469727,2.92,2.24,37.72
2025-01-02,5868.5498046875,169.7147674560547,17.93000030517578,2.88,2.23,37.14
2025-01-03,5942.47021484375,171.2689666748047,16.1299991607666,2.81,2.26,37.14
2025-01-06,5975.3798828125,171.15237426757812,16.040000915527344,2.76,2.28,37.14
2025-01-07,5909.02978515625,170.5792694091797,17.81999969482422,2.79,2.29,37.14
2025-01-08,5918.25,170.78326416015625,17.700000762939453,2.84,2.27,37.14
2025-01-10,5827.0400390625,168.28688049316406,19.540000915527344,2.81,2.34,37.14
2025-01-13,5836.22021484375,169.6661834716797,19.190000534057617,2.85,2.34,37.14
2025-01-14,5842.91015625,171.0358123779297,18.709999084472656,2.8,2.34,37.14
2025-01-15,5949.91015625,172.6774139404297,16.1200008392334,2.72,2.24,37.14
2025-01-16,5937.33984375,174.0372772216797,16.600000381469727,2.73,2.19,37.14
2025-01-17,5996.66015625,174.8823699951172,15.970000267028809,2.64,2.2,37.14
2025-01-21,6049.240234375,176.91250610351562,15.0600004196167,2.61,2.19,37.14
2025-01-22,6086.3701171875,176.2908172607422,15.100000381469727,2.59,2.2,37.14
2025-01-23,6118.7099609375,177.12620544433594,15.020000457763672,2.61,2.23,37.14
2025-01-24,6101.240234375,176.9707794189453,14.850000381469727,2.6,2.2,37.14
2025-01-27,6012.27978515625,177.0873260498047,17.899999618530273,2.66,2.13,37.14
2025-01-28,6067.7001953125,176.21311950683594,16.40999984741211,2.66,2.13,37.14
2025-01-29,6039.31005859375,175.6302947998047,16.559999465942383,2.68,2.15,37.14
2025-01-30,6071.169921875,177.5050048828125,15.84000015258789,2.67,2.14,37.14
2025-01-31,6040.52978515625,176.04798889160156,16.43000030517578,2.68,2.16,37.14
2025-02-03,5994.56982421875,175.08633422851562,18.6200008392334,2.73,2.09,37.19
2025-02-04,6037.8798828125,175.300048828125,17.209999084472656,2.71,2.08,37.19
2025-02-05,6061.47998046875,176.15484619140625,15.770000457763672,2.69,2.01,37.19
2025-02-06,6083.56982421875,175.92172241210938,15.5,2.66,2.03,37.19
2025-02-07,6025.990234375,175.05722045898438,16.540000915527344,2.67,2.07,37.19
2025-02-10,6066.43994140625,175.55258178710938,15.8100004196167,2.66,2.07,37.19
2025-02-11,6068.5,175.57200622558594,16.020000457763672,2.66,2.08,37.19
2025-02-12,6051.97021484375,174.5521240234375,15.890000343322754,2.65,2.16,37.19
2025-02-13,6115.06982421875,176.06741333007812,15.100000381469727,2.65,2.08,37.19
2025-02-14,6114.6298828125,175.89256286621094,14.770000457763672,2.62,2.04,37.19
2025-02-18,6129.580078125,177.24273681640625,15.350000381469727,2.62,2.1,37.19
2025-02-19,6144.14990234375,177.60215759277344,15.270000457763672,2.68,2.08,37.19
2025-02-20,6117.52001953125,177.15533447265625,15.65999984741211,2.66,2.05,37.19
2025-02-21,6013.1298828125,174.6686553955078,18.209999084472656,2.78,2.0,37.19
2025-02-24,5983.25,174.81439208984375,18.979999542236328,2.78,1.98,37.19
2025-02-25,5955.25,174.98922729492188,19.43000030517578,2.84,1.92,37.19
2025-02-26,5956.06005859375,174.6201171875,19.100000381469727,2.81,1.89,37.19
2025-02-27,5861.56982421875,173.09507751464844,21.1299991607666,2.81,1.92,37.19
2025-02-28,5954.5,175.01834106445312,19.6299991607666,2.87,1.86,37.19
2025-03-03,5849.72021484375,173.15335083007812,22.780000686645508,2.94,1.8,34.79
2025-03-04,5778.14990234375,170.3558807373047,23.510000228881836,2.99,1.87,34.79
2025-03-05,5842.6298828125,171.93917846679688,21.93000030517578,2.88,1.94,34.79
2025-03-06,5738.52001953125,170.03530883789062,24.8700008392334,2.99,1.95,34.79
2025-03-07,5770.2001953125,171.6283416748047,23.3700008392334,2.97,1.99,34.79
2025-03-10,5614.56005859375,169.2096710205078,27.860000610351562,3.16,1.91,34.79
2025-03-11,5572.06982421875,166.9561309814453,26.920000076293945,3.22,1.97,34.79
2025-03-12,5599.2998046875,166.16934204101562,24.229999542236328,3.2,1.99,34.79
2025-03-13,5521.52001953125,164.5762939453125,24.65999984741211,3.4,1.98,34.79
2025-03-14,5638.93994140625,167.7137908935547,21.770000457763672,3.25,2.01,34.79
2025-03-17,5675.1201171875,169.97702026367188,20.510000228881836,3.18,2.02,34.79
2025-03-18,5614.66015625,169.0930938720703,21.700000762939453,3.23,1.99,34.79
2025-03-19,5675.2900390625,170.3461456298828,19.899999618530273,3.19,1.94,34.79
2025-03-20,5662.89013671875,169.6370391845703,19.799999237060547,3.17,1.93,34.79
2025-03-21,5667.56005859375,168.85997009277344,19.280000686645508,3.21,1.92,34.79
2025-03-24,5767.56982421875,171.4766845703125,17.479999542236328,3.05,1.98,34.79
2025-03-25,5776.64990234375,171.06675720214844,17.149999618530273,3.09,1.96,34.79
2025-03-26,5712.2001953125,170.7446746826172,18.329999923706055,3.19,1.98,34.79
2025-03-27,5693.31005859375,170.30545043945312,18.690000534057617,3.27,1.99,34.79
2025-03-28,5580.93994140625,167.67996215820312,21.649999618530273,3.47,1.9,34.79
2025-03-31,5611.85009765625,169.07565307617188,22.280000686645508,3.55,1.85,34.79
2025-04-01,5633.06982421875,169.25137329101562,21.770000457763672,3.5,1.84,32.63
2025-04-02,5670.97021484375,170.6665802001953,21.510000228881836,3.42,1.88,32.63
2025-04-03,5396.52001953125,162.5363311767578,30.020000457763672,4.01,1.78,32.63
2025-04-04,5074.080078125,153.4105987548828,45.310001373291016,4.45,1.83,32.63
2025-04-07,5062.25,152.13198852539062,46.97999954223633,4.61,1.96,32.63
2025-04-08,4982.77001953125,149.2624969482422,52.33000183105469,4.57,2.04,32.63
2025-04-09,5456.89990234375,161.19921875,33.619998931884766,4.37,2.07,32.63
2025-04-10,5268.0498046875,155.77255249023438,40.720001220703125,4.42,2.21,32.63
2025-04-11,5363.35986328125,158.134521484375,37.560001373291016,4.26,2.28,32.63
2025-04-14,5405.97021484375,160.15484619140625,30.889999389648438,4.14,2.15,32.63
2025-04-15,5396.6298828125,159.63758850097656,30.1200008392334,4.09,2.16,32.63
2025-04-16,5275.7001953125,157.5879364013672,32.63999938964844,4.16,2.12,32.63
2025-04-17,5282.7001953125,158.75914001464844,29.649999618530273,4.02,2.11,32.63
2025-04-21,5158.2001953125,155.5675506591797,33.81999969482422,4.16,2.2,32.63
2025-04-22,5287.759765625,159.40333557128906,30.56999969482422,3.99,2.14,32.63
2025-04-23,5375.85986328125,160.94541931152344,28.450000762939453,3.75,2.11,32.63
2025-04-24,5484.77001953125,163.66854858398438,26.469999313354492,3.73,2.02,32.63
2025-04-25,5525.2099609375,163.43426513671875,24.84000015258789,3.67,2.02,32.63
2025-04-28,5528.75,163.89300537109375,25.149999618530273,3.73,1.98,32.63
2025-04-29,5560.830078125,164.84950256347656,24.170000076293945,3.74,1.96,32.63
2025-04-30,5569.06005859375,165.08377075195312,24.700000762939453,3.94,1.94,32.63
2025-05-01,5604.14013671875,164.85928344726562,24.600000381469727,3.78,2.0,35.08
2025-05-02,5686.669921875,167.767822265625,22.68000030517578,3.6,2.06,35.08
2025-05-05,5650.3798828125,167.21148681640625,23.639999389648438,3.6,2.08,35.08
2025-05-06,5606.91015625,165.971923828125,24.760000228881836,3.66,2.04,35.08
2025-05-07,5631.27978515625,167.0650634765625,23.549999237060547,3.67,2.01,35.08
2025-05-08,5663.93994140625,168.4705352783203,22.479999542236328,3.51,2.08,35.08
2025-05-09,5659.91015625,168.43150329589844,21.899999618530273,3.53,2.08,35.08
2025-05-12,5844.18994140625,173.04806518554688,18.389999389648438,3.15,2.16,35.08
2025-05-13,5886.5498046875,173.4384765625,18.219999313354492,3.09,2.17,35.08
2025-05-14,5892.580078125,172.39414978027344,18.6200008392334,3.1,2.16,35.08
2025-05-15,5916.93017578125,173.96551513671875,17.829999923706055,3.2,2.11,35.08
2025-05-16,5958.3798828125,175.67355346679688,17.239999771118164,3.16,2.09,35.08
2025-05-19,5963.60009765625,175.654052734375,18.139999389648438,3.21,2.1,35.08
2025-05-20,5940.4599609375,175.1953125,18.09000015258789,3.2,2.13,35.08
2025-05-21,5844.60986328125,171.3790740966797,20.8700008392334,3.25,2.23,35.08
2025-05-22,5842.009765625,170.83250427246094,20.280000686645508,3.32,2.2,35.08
2025-05-23,5802.81982421875,170.14930725097656,22.290000915527344,3.4,2.18,35.08
2025-05-27,5921.5400390625,173.3213653564453,18.959999084472656,3.24,2.11,35.08
2025-05-28,5888.5498046875,171.8475799560547,19.309999465942383,3.23,2.15,35.08
2025-05-29,5912.169921875,172.2672576904297,19.18000030517578,3.22,2.11,35.08
2025-05-30,5911.68994140625,172.19891357421875,18.56999969482422,3.31,2.07,35.08
2025-06-02,5935.93994140625,172.33558654785156,18.360000610351562,3.27,2.13,36.12
2025-06-03,5970.3701171875,173.77032470703125,17.690000534057617,3.19,2.14,36.12
2025-06-04,5970.81005859375,173.37991333007812,17.610000610351562,3.23,2.06,36.12
2025-06-05,5939.2998046875,172.91143798828125,18.479999542236328,3.18,2.11,36.12
2025-06-06,6000.35986328125,174.40475463867188,16.770000457763672,3.09,2.2,36.12
2025-06-09,6005.8798828125,174.4340057373047,17.15999984741211,3.12,2.18,36.12
2025-06-10,6038.81005859375,175.3026580810547,16.950000762939453,3.12,2.18,36.12
2025-06-11,6022.240234375,174.80491638183594,17.260000228881836,3.12,2.14,36.12
2025-06-12,6045.259765625,175.21482849121094,18.020000457763672,3.17,2.11,36.12
2025-06-13,5976.97021484375,173.0968780517578,20.81999969482422,3.18,2.13,36.12
2025-06-16,6033.10986328125,174.76585388183594,19.110000610351562,3.1,2.16,36.12
2025-06-17,5982.72021484375,173.0871124267578,21.600000381469727,3.17,2.08,36.12
2025-06-18,5980.8701171875,173.1066131591797,20.139999389648438,3.16,2.07,36.12
2025-06-20,5967.83984375,173.38967895507812,20.6200008392334,3.13,2.05,36.12
2025-06-23,6025.169921875,174.92042541503906,19.829999923706055,3.12,2.04,36.12
2025-06-24,6092.18017578125,176.57662963867188,17.479999542236328,3.06,2.01,36.12
2025-06-25,6092.16015625,175.30264282226562,16.760000228881836,3.04,2.01,36.12
2025-06-26,6141.02001953125,176.62562561035156,16.59000015258789,3.04,1.98,36.12
2025-06-27,6173.06982421875,177.27243041992188,16.31999969482422,3.02,2.0,36.12
2025-06-30,6204.9501953125,178.1054229736328,16.729999542236328,2.96,1.95,36.12
2025-07-01,6198.009765625,180.1928253173828,16.829999923706055,2.91,1.97,37.48
2025-07-02,6227.419921875,180.60443115234375,16.639999389648438,2.88,2.0,37.48
2025-07-03,6279.35009765625,181.47662353515625,16.3799991607666,2.8,2.02,37.48
2025-07-07,6229.97998046875,180.0262451171875,17.790000915527344,2.86,2.05,37.48
2025-07-08,6225.52001953125,180.47705078125,16.809999465942383,2.92,2.07,37.48
2025-07-09,6263.259765625,181.01605224609375,15.9399995803833,2.94,2.01,37.48
2025-07-10,6280.4599609375,182.0646514892578,15.779999732971191,2.92,2.01,37.48
2025-07-11,6259.75,180.73184204101562,16.399999618530273,2.97,2.06,37.48
2025-07-14,6268.56005859375,180.9180450439453,17.200000762939453,2.95,2.04,37.48
2025-07-15,6243.759765625,178.40924072265625,17.3799991607666,2.95,2.09,37.48
2025-07-16,6263.7001953125,179.10504150390625,17.15999984741211,3.0,2.05,37.48
2025-07-17,6297.35986328125,180.5652313232422,16.520000457763672,2.91,2.04,37.48
2025-07-18,6296.7900390625,180.4966278076172,16.40999984741211,2.93,2.03,37.48
2025-07-21,6305.60009765625,179.87924194335938,16.649999618530273,2.89,1.98,37.48
2025-07-22,6309.6201171875,182.1724395751953,16.5,2.9,1.96,37.48
2025-07-23,6358.91015625,183.681640625,15.369999885559082,2.83,2.03,37.48
2025-07-24,6363.35009765625,183.09364318847656,15.390000343322754,2.82,1.98,37.48
2025-07-25,6388.64013671875,183.97564697265625,14.930000305175781,2.84,1.96,37.48
2025-07-28,6389.77001953125,182.88783264160156,15.029999732971191,2.82,1.98,37.48
2025-07-29,6370.85986328125,182.7996368408203,15.979999542236328,2.86,1.91,37.48
2025-07-30,6362.89990234375,181.61383056640625,15.479999542236328,2.89,1.96,37.48
2025-07-31,6339.39013671875,179.9576416015625,16.719999313354492,2.86,1.98,37.48
2025-08-01,6238.009765625,177.9290008544922,20.3799991607666,3.13,1.9,37.85
2025-08-04,6329.93994140625,180.10464477539062,17.520000457763672,3.02,1.85,37.85
2025-08-05,6299.18994140625,179.6048583984375,17.850000381469727,2.98,1.86,37.85
2025-08-06,6345.06005859375,179.20303344726562,16.770000457763672,2.98,1.88,37.85
2025-08-07,6340.0,179.09523010253906,16.56999969482422,2.95,1.88,37.85
2025-08-08,6389.4501953125,179.4186553955078,15.149999618530273,2.94,1.88,37.85
2025-08-11,6373.4501953125,178.92864990234375,16.25,2.94,1.87,37.85
2025-08-12,6445.759765625,181.20223999023438,14.729999542236328,2.93,1.91,37.85
2025-08-13,6466.580078125,183.7894287109375,14.489999771118164,2.9,1.87,37.85
2025-08-14,6468.5400390625,182.5938262939453,14.829999923706055,2.89,1.9,37.85
2025-08-15,6449.7998046875,182.14303588867188,15.09000015258789,2.88,1.95,37.85
2025-08-18,6449.14990234375,182.1038360595703,14.989999771118164,2.88,1.96,37.85
2025-08-19,6411.3701171875,182.95643615722656,15.569999694824219,2.9,1.95,37.85
2025-08-20,6395.77978515625,182.78985595703125,15.6899995803833,2.94,1.94,37.85
2025-08-21,6370.169921875,182.15281677246094,16.600000381469727,2.95,1.94,37.85
2025-08-22,6466.91015625,185.700439453125,14.220000267028809,2.88,1.85,37.85
2025-08-25,6439.31982421875,184.27943420410156,14.789999961853027,2.8,1.87,37.85
2025-08-26,6465.93994140625,184.4068603515625,14.619999885559082,2.78,1.84,37.85
2025-08-27,6481.39990234375,185.0732421875,14.850000381469727,2.78,1.81,37.85
2025-08-28,6501.85986328125,184.9850311279297,14.430000305175781,2.75,1.81,37.85
2025-08-29,6460.259765625,184.8478240966797,15.359999656677246,2.82,1.82,37.85
2025-09-02,6415.5400390625,183.38763427734375,17.170000076293945,2.92,1.87,38.59
2025-09-03,6448.259765625,183.1034393310547,16.350000381469727,2.88,1.82,38.59
2025-09-04,6502.080078125,184.4558563232422,15.300000190734863,2.84,1.79,38.59
2025-09-05,6481.5,184.67144775390625,15.180000305175781,2.83,1.73,38.59
2025-09-08,6495.14990234375,184.52444458007812,15.109999656677246,2.84,1.7,38.59
2025-09-09,6512.60986328125,183.9560546875,15.039999961853027,2.87,1.72,38.59
2025-09-10,6532.0400390625,183.7698516845703,15.350000381469727,2.84,1.69,38.59
2025-09-11,6587.47021484375,186.52365112304688,14.710000038146973,2.78,1.67,38.59
2025-09-12,6584.2900390625,185.18106079101562,14.760000228881836,2.79,1.7,38.59
2025-09-15,6615.27978515625,184.85765075683594,15.6899995803833,2.75,1.68,38.59
2025-09-16,6606.759765625,184.36764526367188,16.360000610351562,2.79,1.67,38.59
2025-09-17,6600.35009765625,184.54403686523438,15.720000267028809,2.79,1.68,38.59
2025-09-18,6631.9599609375,185.74945068359375,15.699999809265137,2.71,1.73,38.59
2025-09-19,6664.35986328125,185.4260711669922,15.449999809265137,2.72,1.75,38.59
2025-09-22,6693.75,185.51463317871094,16.100000381469727,2.69,1.78,38.59
2025-09-23,6656.919921875,185.74102783203125,16.639999389648438,2.71,1.75,38.59
2025-09-24,6637.97021484375,185.3079376220703,16.18000030517578,2.7,1.78,38.59
2025-09-25,6604.72021484375,183.78231811523438,16.739999771118164,2.76,1.8,38.59
2025-09-26,6643.7001953125,185.60321044921875,15.289999961853027,2.75,1.82,38.59
2025-09-29,6661.2099609375,186.22329711914062,16.1200008392334,2.74,1.8,38.59
2025-09-30,6688.4599609375,186.71543884277344,16.280000686645508,2.8,1.8,38.59
2025-10-01,6711.2001953125,187.138671875,16.290000915527344,2.81,1.77,39.31
2025-10-02,6715.35009765625,187.5815887451172,16.6299991607666,2.81,1.76,39.31
2025-10-03,6715.7900390625,188.24105834960938,16.649999618530273,2.8,1.8,39.31
2025-10-06,6740.27978515625,188.18199157714844,16.3700008392334,2.76,1.84,39.31
2025-10-07,6714.58984375,187.35520935058594,17.239999771118164,2.82,1.79,39.31
2025-10-08,6753.72021484375,187.9654541015625,16.299999237060547,2.84,1.78,39.31
2025-10-09,6735.10986328125,186.41030883789062,16.43000030517578,2.95,1.8,39.31
2025-10-10,6552.509765625,182.2074737548828,21.65999984741211,3.18,1.75,39.31
2025-10-13,6654.72021484375,183.9791717529297,19.030000686645508,3.18,1.75,39.31
2025-10-14,6644.31005859375,185.50477600097656,20.809999465942383,3.11,1.73,39.31
2025-10-15,6671.06005859375,185.87881469726562,20.639999389648438,2.95,1.76,39.31
2025-10-16,6629.06982421875,184.11697387695312,25.309999465942383,3.04,1.71,39.31
2025-10-17,6664.009765625,185.05201721191406,20.780000686645508,3.04,1.75,39.31
2025-10-20,6735.1298828125,186.90243530273438,18.229999542236328,2.99,1.74,39.31
2025-10-21,6735.35009765625,187.75875854492188,17.8700008392334,2.97,1.7,39.31
2025-10-22,6699.39990234375,186.8532257080078,18.600000381469727,3.01,1.68,39.31
2025-10-23,6738.43994140625,187.7390899658203,17.299999237060547,2.96,1.71,39.31
2025-10-24,6791.68994140625,188.25088500976562,16.3700008392334,2.88,1.73,39.31
2025-10-27,6875.16015625,189.08750915527344,15.789999961853027,2.8,1.73,39.31
2025-10-28,6890.89013671875,187.46348571777344,16.420000076293945,2.82,1.71,39.31
2025-10-29,6890.58984375,185.3669891357422,16.920000076293945,2.76,1.78,39.31
2025-10-30,6822.33984375,184.5697479248047,16.90999984741211,2.85,1.82,39.31
2025-10-31,6840.2001953125,184.97328186035156,17.440000534057617,2.94,1.81,39.31
2025-11-03,6851.97021484375,184.52052307128906,17.170000076293945,3.04,1.82,39.28
2025-11-04,6771.5498046875,183.30001831054688,19.0,3.13,1.81,39.28
2025-11-05,6796.2900390625,184.3728790283203,18.010000228881836,3.05,1.87,39.28
2025-11-06,6720.31982421875,183.0736541748047,19.5,3.13,1.83,39.28
2025-11-07,6728.7998046875,184.60911560058594,19.079999923706055,3.15,1.83,39.28
2025-11-10,6832.43017578125,185.672119140625,17.600000381469727,3.02,1.84,39.28
2025-11-11,6846.60986328125,186.74496459960938,17.280000686645508,3.02,1.84,39.28
2025-11-12,6850.919921875,187.1878662109375,17.510000228881836,3.02,1.81,39.28
2025-11-13,6737.490234375,185.07171630859375,20.0,3.09,1.83,39.28
2025-11-14,6734.10986328125,184.39256286621094,19.829999923706055,3.07,1.86,39.28
2025-11-17,6672.41015625,181.9712677001953,22.3799991607666,3.13,1.85,39.28
2025-11-18,6617.31982421875,182.0795440673828,24.690000534057617,3.2,1.85,39.28
2025-11-19,6642.16015625,181.52835083007812,23.65999984741211,3.17,1.86,39.28
2025-11-20,6538.759765625,179.31373596191406,26.420000076293945,3.17,1.86,39.28
2025-11-21,6602.990234375,182.83741760253906,23.43000030517578,3.19,1.82,39.28
2025-11-24,6705.1201171875,183.59530639648438,20.520000457763672,3.15,1.81,39.28
2025-11-25,6765.8798828125,186.20361328125,18.559999465942383,3.1,1.79,39.28
2025-11-26,6812.60986328125,187.50283813476562,17.190000534057617,3.0,1.77,39.28
2025-11-28,6849.08984375,188.5166473388672,16.350000381469727,2.95,1.79,39.28
2025-12-01,6812.6298828125,187.2272491455078,17.239999771118164,2.94,1.85,39.84
2025-12-02,6829.3701171875,187.05007934570312,16.59000015258789,2.92,1.85,39.84
2025-12-03,6849.72021484375,188.47727966308594,16.079999923706055,2.89,1.82,39.84
2025-12-04,6857.1201171875,188.5363311767578,15.779999732971191,2.88,1.85,39.84
2025-12-05,6870.39990234375,188.979248046875,15.40999984741211,2.85,1.88,39.84
2025-12-08,6846.509765625,187.84735107421875,16.65999984741211,2.89,1.91,39.84
2025-12-09,6840.509765625,187.4929962158203,16.93000030517578,2.89,1.92,39.84
2025-12-10,6886.68017578125,190.13082885742188,15.770000457763672,2.91,1.88,39.84
2025-12-11,6901.0,191.66629028320312,14.850000381469727,2.88,1.89,39.84
2025-12-12,6827.41015625,190.36708068847656,15.739999771118164,2.91,1.93,39.84
2025-12-15,6816.509765625,190.60328674316406,16.5,2.91,1.93,39.84
2025-12-16,6800.259765625,189.26467895507812,16.479999542236328,2.98,1.92,39.84
2025-12-17,6721.43017578125,188.75286865234375,17.6200008392334,2.99,1.92,39.84
2025-12-18,6774.759765625,189.15640258789062,16.8700008392334,2.95,1.88,39.84
2025-12-19,6834.5,189.8454132080078,14.90999984741211,2.9,1.92,39.84
2025-12-22,6878.490234375,191.2525634765625,14.079999923706055,2.88,1.94,39.84
2025-12-23,6909.7900390625,190.80789184570312,14.0,2.83,1.94,39.84
2025-12-24,6932.0498046875,191.49960327148438,13.470000267028809,2.84,1.91,39.84
2025-12-26,6929.93994140625,191.5490264892578,13.600000381469727,2.86,1.91,39.84
2025-12-29,6905.740234375,191.23281860351562,14.199999809265137,2.87,1.9,39.84
2025-12-30,6896.240234375,190.92648315429688,14.329999923706055,2.84,1.9,39.84
2025-12-31,6845.5,189.29595947265625,14.949999809265137,2.81,1.93,39.84
2026-01-02,6858.47021484375,190.58062744140625,14.510000228881836,2.83,1.94,40.03
2026-01-05,6902.0498046875,192.3494415283203,14.899999618530273,2.81,1.91,40.03
2026-01-06,6944.81982421875,194.6716766357422,14.75,2.79,1.91,40.03
2026-01-07,6920.93017578125,192.48779296875,15.380000114440918,2.79,1.88,40.03
2026-01-08,6921.4599609375,194.1380615234375,15.449999809265137,2.76,1.92,40.03
2026-01-09,6966.27978515625,195.26458740234375,14.489999771118164,2.74,1.9,40.03
2026-01-12,6977.27001953125,195.4424591064453,15.119999885559082,2.74,1.9,40.03
2026-01-13,6963.740234375,195.4424591064453,15.979999542236328,2.75,1.88,40.03
2026-01-14,6926.60009765625,196.33181762695312,16.75,2.76,1.86,40.03
2026-01-15,6944.47021484375,197.20143127441406,15.84000015258789,2.71,1.88,40.03
2026-01-16,6940.009765625,196.6974639892578,15.859999656677246,2.65,1.91,40.03
2026-01-20,6796.85986328125,193.76254272460938,20.09000015258789,2.73,1.97,40.03
2026-01-21,6875.6201171875,197.04331970214844,16.899999618530273,2.69,1.92,40.03
2026-01-22,6913.35009765625,197.30023193359375,15.640000343322754,2.64,1.95,40.03
2026-01-23,6915.60986328125,196.42076110839844,16.09000015258789,2.68,1.92,40.03
2026-01-26,6950.22998046875,196.88522338867188,16.149999618530273,2.69,1.9,40.03
2026-01-27,6978.60009765625,196.578857421875,16.350000381469727,2.71,1.9,40.03
2026-01-28,6978.02978515625,195.91677856445312,16.350000381469727,2.72,1.9,40.03
2026-01-29,6969.009765625,196.17372131347656,16.8799991607666,2.77,1.89,40.03
2026-01-30,6939.02978515625,195.73892211914062,17.440000534057617,2.8,1.9,40.03
2026-02-02,6976.43994140625,196.7468719482422,16.34000015258789,2.81,1.94,39.72
2026-02-03,6917.81005859375,196.22314453125,18.0,2.85,1.92,39.72
2026-02-04,6882.72021484375,197.9326934814453,18.639999389648438,2.86,1.94,39.72
2026-02-05,6798.39990234375,196.21322631835938,21.770000457763672,2.97,1.89,39.72
2026-02-06,6932.2998046875,199.8695068359375,20.3700008392334,2.87,1.88,39.72
2026-02-09,6964.81982421875,199.98809814453125,17.360000610351562,2.84,1.87,39.72
2026-02-10,6941.81005859375,200.69960021972656,17.790000915527344,2.86,1.84,39.72
2026-02-11,6941.47021484375,201.0553436279297,17.649999618530273,2.84,1.86,39.72
2026-02-12,6832.759765625,198.41688537597656,20.81999969482422,2.92,1.8,39.72
2026-02-13,6836.169921875,200.47230529785156,20.600000381469727,2.95,1.77,39.72
2026-02-17,6843.22021484375,200.12643432617188,20.290000915527344,2.94,1.79,39.72
2026-02-18,6881.31005859375,201.16404724121094,19.6200008392334,2.86,1.8,39.72
2026-02-19,6861.89013671875,200.73910522460938,20.229999542236328,2.88,1.79,39.72
2026-02-20,6909.509765625,201.67787170410156,19.09000015258789,2.86,1.8,39.72
2026-02-23,6837.75,199.46437072753906,21.010000228881836,2.95,1.77,39.72
2026-02-24,6890.06982421875,201.0553436279297,19.549999237060547,2.97,1.78,39.72
2026-02-25,6946.1298828125,201.1739044189453,17.93000030517578,2.94,1.77,39.72
2026-02-26,6908.85986328125,202.310302734375,18.6299991607666,2.98,1.74,39.72
2026-02-27,6878.8798828125,202.5474853515625,19.860000610351562,3.1,1.72,39.72
2026-03-02,6881.6201171875,202.17196655273438,21.440000534057617,3.03,1.76,39.2
2026-03-03,6816.6298828125,199.69163513183594,23.56999969482422,3.08,1.77,39.2
2026-03-04,6869.5,200.4920654296875,21.149999618530273,2.97,1.8,39.2
2026-03-05,6830.7099609375,198.16983032226562,23.75,3.0,1.82,39.2
2026-03-06,6740.02001953125,195.80807495117188,29.489999771118164,3.13,1.8,39.2
2026-03-09,6795.990234375,196.3614959716797,25.5,3.19,1.78,39.2
2026-03-10,6781.47998046875,194.88906860351562,24.93000030517578,3.06,1.82,39.2
2026-03-11,6775.7998046875,194.2467803955078,24.229999542236328,3.09,1.85,39.2
2026-03-12,6672.6201171875,191.24269104003906,27.290000915527344,3.17,1.89,39.2
2026-03-13,6632.18994140625,191.23281860351562,27.190000534057617,3.28,1.92,39.2
2026-03-16,6699.3798828125,192.6558074951172,23.510000228881836,3.27,1.87,39.2
2026-03-17,6716.08984375,193.73291015625,22.3700008392334,3.22,1.83,39.2
2026-03-18,6624.7001953125,191.1833953857422,25.09000015258789,3.2,1.86,39.2
2026-03-19,6606.490234375,191.03518676757812,24.059999465942383,3.27,1.88,39.2
2026-03-20,6506.47998046875,188.22872924804688,26.780000686645508,3.24,2.01,39.2
2026-03-23,6581.0,190.2353973388672,26.149999618530273,3.19,2.01,39.2
2026-03-24,6556.3701171875,190.46365356445312,26.950000762939453,3.19,2.06,39.2
2026-03-25,6591.89990234375,191.3865966796875,25.329999923706055,3.17,2.02,39.2
2026-03-26,6477.16015625,189.63003540039062,27.440000534057617,3.21,2.08,39.2
2026-03-27,6368.85009765625,187.0299072265625,31.049999237060547,3.42,2.13,39.2
2026-03-30,6343.72021484375,186.64288330078125,30.610000610351562,3.46,2.04,39.2
2026-03-31,6528.52001953125,190.46365356445312,25.25,3.28,2.0,39.2
2026-04-01,6575.31982421875,191.0789337158203,24.540000915527344,3.16,2.02,39.2
2026-04-02,6582.68994140625,191.62477111816406,23.8700008392334,3.17,1.97,39.2
2026-04-06,6611.830078125,192.448486328125,24.170000076293945,3.05,1.98,39.2
2026-04-07,6616.85009765625,192.02174377441406,25.780000686645508,3.12,1.96,39.2
2026-04-08,6782.81005859375,196.45782470703125,21.040000915527344,2.94,1.96,39.2
2026-04-09,6824.66015625,196.57691955566406,19.489999771118164,2.9,1.95,39.2
2026-04-10,6816.89013671875,195.15774536132812,19.229999542236328,2.94,1.95,39.2
2026-04-13,6886.240234375,197.3212127685547,19.1200008392334,2.95,1.92,39.2
2026-04-14,6967.3798828125,198.14491271972656,18.360000610351562,2.84,1.89,39.2
2026-04-15,7022.9501953125,198.21438598632812,18.170000076293945,2.85,1.9,39.2
2026-04-16,7041.27978515625,199.11749267578125,17.940000534057617,2.86,1.93,39.2
2026-04-17,7126.06005859375,201.6183624267578,17.479999542236328,2.83,1.9,39.2
2026-04-20,7109.14013671875,202.25350952148438,18.8700008392334,2.87,1.91,39.2
2026-04-21,7064.009765625,201.01300048828125,19.5,2.85,1.92,39.2
2026-04-22,7137.89990234375,200.92367553710938,18.920000076293945,2.84,1.92,39.2
2026-04-23,7108.39990234375,200.9137420654297,19.309999465942383,2.86,1.92,39.2
2026-04-24,7165.080078125,200.49693298339844,18.709999084472656,2.86,1.89,39.2
2026-04-27,7173.91015625,200.25875854492188,18.020000457763672,2.84,1.91,39.2
2026-04-28,7138.7998046875,199.23655700683594,17.829999923706055,2.85,1.92,39.2
2026-04-29,7135.9501953125,198.8892364501953,18.809999465942383,2.82,1.96,39.2
2026-04-30,7209.009765625,201.896240234375,16.889999389648438,2.83,1.94,39.2
2026-05-01,7230.1201171875,201.28094482421875,16.989999771118164,2.77,1.91,39.2
2026-05-04,7200.75,200.10989379882812,18.290000915527344,2.78,1.95,39.2
2026-05-05,7259.22021484375,201.69775390625,17.3799991607666,2.77,1.96,39.2
2026-05-06,7365.1201171875,203.2955322265625,17.389999389648438,2.75,1.94,39.2
2026-05-07,7337.10986328125,201.99546813964844,17.079999923706055,2.79,1.96,39.2
2026-05-08,7398.93017578125,202.55123901367188,17.190000534057617,2.81,1.93,39.2
2026-05-11,7412.83984375,202.44207763671875,18.3799991607666,2.79,1.95,39.2
2026-05-12,7400.9599609375,202.263427734375,17.989999771118164,2.82,1.99,39.2
2026-05-13,7444.25,201.3801727294922,17.8700008392334,2.82,1.99,39.2
2026-05-14,7501.240234375,202.11456298828125,17.260000228881836,2.76,2.0,39.2
2026-05-15,7408.5,200.03050231933594,18.43000030517578,2.8,2.1,39.2
2026-05-18,7403.0498046875,201.26109313964844,17.81999969482422,2.83,2.13,39.2
2026-05-19,7353.60986328125,200.0900421142578,18.059999465942383,2.86,2.18,39.2
2026-05-20,7432.97021484375,202.2832794189453,17.440000534057617,2.8,2.13,39.2
2026-05-21,7445.72021484375,203.1566162109375,16.760000228881836,2.78,2.18,39.2
2026-05-22,7473.47021484375,205.01242065429688,16.700000762939453,2.74,2.16,39.2
2026-05-26,7519.1201171875,206.06436157226562,17.010000228881836,2.72,2.1,39.2
2026-05-27,7520.35986328125,205.91551208496094,16.290000915527344,2.71,2.09,39.2
2026-05-28,7563.6298828125,206.66973876953125,15.739999771118164,2.72,2.06,39.2
2026-05-29,7580.06005859375,207.24533081054688,15.319999694824219,2.72,2.07,39.2
2026-06-01,7599.9599609375,207.62246704101562,16.049999237060547,2.72,2.07,39.2
2026-06-02,7609.77978515625,208.44615173339844,15.770000457763672,2.71,2.07,39.2
2026-06-03,7553.68017578125,207.6621551513672,16.059999465942383,2.75,2.11,39.2
2026-06-04,7584.31005859375,209.23016357421875,15.399999618530273,2.74,2.11,39.2
2026-06-05,7383.740234375,206.2529296875,21.510000228881836,2.76,2.19,39.2
2026-06-08,7405.72998046875,206.0345916748047,18.920000076293945,2.75,2.21,39.2
2026-06-09,7386.64990234375,207.60260009765625,19.8700008392334,2.78,2.2,39.2
2026-06-10,7266.990234375,204.96278381347656,22.219999313354492,2.8,2.21,39.2
2026-06-11,7394.2998046875,208.15835571289062,19.440000534057617,2.78,2.16,39.2
2026-06-12,7431.4599609375,210.04393005371094,17.68000030517578,2.71,2.17,39.2
2026-06-15,7554.2900390625,211.2646026611328,16.200000762939453,2.66,2.15,39.2
2026-06-16,7511.35009765625,210.5599822998047,16.40999984741211,2.71,2.14,39.2
2026-06-17,7420.10009765625,207.40411376953125,18.440000534057617,2.63,2.23,39.2
2026-06-18,7500.580078125,208.36676025390625,16.399999618530273,2.66,2.21,39.2
2026-06-22,7472.7900390625,208.8250274658203,17.280000686645508,2.65,2.28,39.2
2026-06-23,7365.4599609375,208.10772705078125,19.489999771118164,2.71,2.29,39.2
2026-06-24,7358.22021484375,209.59214782714844,18.6299991607666,2.76,2.23,39.2
2026-06-25,7357.490234375,210.95701599121094,18.889999389648438,2.78,2.19,39.2
2026-06-26,7354.02001953125,209.5224151611328,18.40999984741211,2.83,2.18,39.2
2026-06-29,7440.43017578125,212.2521514892578,17.649999618530273,2.8,2.16,39.2
2026-06-30,7499.35986328125,211.97320556640625,16.450000762939453,2.75,2.2,39.2
2026-07-01,7483.22998046875,212.61080932617188,16.59000015258789,2.74,2.25,39.2
2026-07-02,7483.240234375,214.10519409179688,16.149999618530273,2.75,2.26,39.2
2026-07-06,7537.43017578125,214.19483947753906,15.569999694824219,2.72,2.24,39.2
2026-07-07,7503.85009765625,213.9258575439453,16.1299991607666,2.67,2.3,39.2
2026-07-08,7482.7099609375,211.40533447265625,16.899999618530273,2.7,2.31,39.2
2026-07-09,7543.64013671875,212.70046997070312,15.84000015258789,2.7,2.31,39.2
2026-07-10,7575.39013671875,213.49746704101562,15.029999732971191,2.69,2.32,39.2
2026-07-13,7515.33984375,213.42771911621094,17.15999984741211,2.69,2.36,39.2
2026-07-14,7543.58984375,212.65065002441406,16.5,2.72,2.33,39.2
2026-07-15,7572.39990234375,212.17245483398438,15.670000076293945,2.71,2.32,39.2
2026-07-16,7533.77001953125,214.25462341308594,16.729999542236328,2.71,2.35,39.2
2026-07-17,7457.68994140625,212.57095336914062,18.770000457763672,2.73,2.31,39.2
2026-07-20,7443.27978515625,211.62451171875,18.649999618530273,2.69,2.35,39.2
2026-07-21,7509.2001953125,211.96322631835938,17.049999237060547,2.69,2.37,39.2
2026-07-22,7498.9599609375,211.90345764160156,16.639999389648438,2.68,2.39,39.2
2026-07-23,7408.2998046875,211.12637329101562,18.700000762939453,2.77,2.43,39.2
2026-07-24,7411.97998046875,212.77020263671875,18.579999923706055,2.79,2.43,39.2
2026-07-27,7413.18017578125,214.37416076660156,18.670000076293945,2.81,2.44,39.2
2026-07-28,7428.77978515625,216.87477111816406,18.209999084472656,2.84,2.41,39.2
2026-07-29,7316.14990234375,214.92210388183594,20.65999984741211,2.87,2.41,39.2
2026-07-30,7437.6298828125,214.57342529296875,17.09000015258789,2.84,2.41,39.2
2026-07-31,7489.72021484375,214.20480346679688,15.989999771118164,2.85,2.47,39.2
2026-08-03,7600.5,216.2969512939453,15.859999656677246,2.78,2.43,39.2
2026-08-04,7736.52001953125,219.40525817871094,16.5,2.73,2.4,39.2
2026-08-05,7723.5498046875,218.90713500976562,15.8100004196167,2.75,2.41,39.2
2026-08-06,7709.9599609375,217.76144409179688,15.149999618530273,2.71,2.43,39.2
2026-08-07,7757.64013671875,219.26577758789062,14.899999618530273,2.7,2.4,39.2
2026-08-10,7753.10986328125,219.39529418945312,15.460000038146973,2.7,2.43,39.2
2026-08-11,7728.2001953125,219.86354064941406,15.279999732971191,2.72,2.43,39.2
2026-08-12,7748.5,220.2520751953125,14.550000190734863,2.71,2.42,39.2
2026-08-13,7798.990234375,221.89588928222656,14.630000114440918,2.71,2.39,39.2
2026-08-14,7785.759765625,221.9357452392578,14.25,2.67,2.41,39.2
2026-08-17,7745.06005859375,219.96315002441406,15.1899995803833,2.7,2.44,39.2
2026-08-18,7691.759765625,218.96690368652344,15.84000015258789,2.75,2.41,39.2
2026-08-19,7707.97998046875,221.23837280273438,14.890000343322754,2.73,2.35,39.2
2026-08-20,7641.16015625,219.455078125,16.010000228881836,2.75,2.35,39.2
2026-08-21,7674.3701171875,220.83985900878906,15.130000114440918,2.7,2.4,39.2
2026-08-24,7652.85986328125,221.09889221191406,15.850000381469727,2.69,2.38,39.2
2026-08-25,7677.27978515625,220.9394989013672,15.449999809265137,2.7,2.32,39.2
2026-08-26,7675.7001953125,221.27821350097656,15.210000038146973,2.67,2.34,39.2
2026-08-27,7730.990234375,220.6206817626953,14.510000228881836,2.63,2.34,39.2
2026-08-28,7711.759765625,219.86354064941406,14.430000305175781,2.6,2.42,39.2
2026-08-31,7686.14013671875,218.5684051513672,14.920000076293945,2.63,2.44,39.2
2026-09-01,7631.47021484375,216.775146484375,16.34000015258789,2.65,2.44,39.2
2026-09-02,7666.60009765625,217.7813720703125,15.199999809265137,2.66,2.45,39.2
2026-09-03,7747.7099609375,219.22593688964844,14.319999694824219,2.65,2.42,39.2
2026-09-04,7718.60009765625,218.17987060546875,14.529999732971191,2.68,2.43,39.2
2026-09-08,7673.52001953125,215.91836547851562,15.720000267028809,2.67,2.43,39.2
2026-09-09,7636.35986328125,213.83619689941406,16.459999084472656,2.71,2.46,39.2
2026-09-10,7591.7001953125,212.3717041015625,17.84000015258789,2.7,2.55,39.2
2026-09-11,7656.97998046875,214.06532287597656,15.84000015258789,2.65,2.6,39.2
2026-09-14,7619.97998046875,214.20480346679688,17.100000381469727,2.71,2.6,39.2
2026-09-15,7585.72998046875,213.15875244140625,17.200000762939453,2.76,2.62,39.2
2026-09-16,7551.81005859375,211.4850311279297,17.709999084472656,2.7,2.68,39.2
2026-09-17,7637.759765625,212.51116943359375,15.4399995803833,2.7,2.61,39.2
2026-09-18,7650.5,211.4949951171875,14.8100004196167,2.68,2.68,39.2
2026-09-21,7764.7001953125,212.67999267578125,14.869999885559082,2.66,2.62,39.2
2026-09-22,7764.64013671875,212.8000030517578,14.210000038146973,2.68,2.63,39.2
2026-09-23,7706.02978515625,211.30999755859375,15.180000305175781,2.73,2.76,39.2
2026-09-24,7704.1298828125,210.25999450683594,15.670000076293945,2.8,2.85,39.2
2026-09-25,7743.41015625,211.11000061035156,14.869999885559082,2.93,2.83,39.2
2026-09-28,7683.68994140625,209.74000549316406,16.06999969482422,3.02,2.9,39.2
2026-09-29,7670.83984375,209.5,16.040000915527344,3.08,2.91,39.2
2026-09-30,7651.5400390625,208.02000427246094,16.34000015258789,3.12,2.93,39.2
2026-10-01,7666.4501953125,209.0,16.389999389648438,3.24,2.88,39.2
2026-10-02,7722.72021484375,209.72999572753906,15.3100004196167,3.1,2.92,39.2
2026-10-05,7773.9501953125,211.1199951171875,15.520000457763672,3.12,2.95,39.2
2026-10-06,7818.93017578125,212.3300018310547,15.010000228881836,3.03,2.91,39.2
2026-10-07,7801.77001953125,210.60000610351562,15.079999923706055,3.09,2.92,39.2
2026-10-08,7765.35986328125,211.8699951171875,15.40999984741211,3.09,2.92,39.2
